STATION,NAME,DATE,DAPR,MDPR,PRCP,SNOW,SNWD,TAVG,TMAX,TMIN,TOBS
USC00200230,"ANN ARBOR U OF MICH, MI US",2016-01-01,,,0.02,0.4,0.0,,30.0,24.0,25.0
USC00200230,"ANN ARBOR U OF MICH, MI US",2016-01-02,,,0.0,0.0,0.0,,36.0,25.0,30.0
USC00200230,"ANN ARBOR U OF MICH, MI US",2016-01-03,,,0.0,0.0,0.0,,32.0,28.0,28.0
USC00200230,"ANN ARBOR U OF MICH, MI US",2016-01-04,,,0.02,0.7,1.0,,28.0,19.0,19.0
USC00200230,"ANN ARBOR U OF MICH, MI US",2016-01-05,,,0.0,0.0,0.0,,29.0,9.0,24.0
USC00200230,"ANN ARBOR U OF MICH, MI US",2016-01-06,,,0.0,0.0,0.0,,38.0,17.0,32.0
USC00200230,"ANN ARBOR U OF MICH, MI US",2016-01-07,,,0.0,0.0,0.0,,44.0,26.0,38.0
USC00200230,"ANN ARBOR U OF MICH, MI US",2016-01-08,,,0.16,0.0,0.0,,38.0,29.0,36.0
USC00200230,"ANN ARBOR U OF MICH, MI US",2016-01-09,,,0.18,0.0,0.0,,48.0,36.0,42.0
USC00200230,"ANN ARBOR U OF MICH, MI US",2016-01-10,,,0.51,3.2,3.0,,44.0,19.0,19.0
USC00200230,"ANN ARBOR U OF MICH, MI US",2016-01-11,,,0.03,0.7,3.0,,19.0,9.0,11.0
USC00200230,"ANN ARBOR U OF MICH, MI US",2016-01-12,,,0.25,3.1,6.0,,24.0,11.0,18.0
USC00200230,"ANN ARBOR U OF MICH, MI US",2016-01-13,,,0.03,0.3,5.0,,19.0,11.0,11.0
USC00200230,"ANN ARBOR U OF MICH, MI US",2016-01-14,,,0.06,0.9,5.0,,36.0,11.0,32.0
USC00200230,"ANN ARBOR U OF MICH, MI US",2016-01-15,,,0.13,0.0,2.0,,41.0,24.0,37.0
USC00200230,"ANN ARBOR U OF MICH, MI US",2016-01-16,,,0.1,0.0,1.0,,37.0,28.0,28.0
USC00200230,"ANN ARBOR U OF MICH, MI US",2016-01-17,,,0.02,0.5,1.0,,29.0,10.0,10.0
USC00200230,"ANN ARBOR U OF MICH, MI US",2016-01-18,,,0.02,0.3,1.0,,15.0,6.0,12.0
USC00200230,"ANN ARBOR U OF MICH, MI US",2016-01-19,,,0.01,0.1,1.0,,23.0,6.0,18.0
USC00200230,"ANN ARBOR U OF MICH, MI US",2016-01-20,,,0.02,0.3,1.0,,20.0,11.0,18.0
USC00200230,"ANN ARBOR U OF MICH, MI US",2016-01-21,,,0.0,0.1,1.0,,26.0,12.0,25.0
USC00200230,"ANN ARBOR U OF MICH, MI US",2016-01-22,,,0.01,0.3,1.0,,28.0,22.0,24.0
USC00200230,"ANN ARBOR U OF MICH, MI US",2016-01-23,,,0.0,0.0,1.0,,31.0,17.0,26.0
USC00200230,"ANN ARBOR U OF MICH, MI US",2016-01-24,,,0.0,0.0,1.0,,35.0,18.0,32.0
USC00200230,"ANN ARBOR U OF MICH, MI US",2016-01-25,,,0.0,0.0,0.0,,43.0,26.0,41.0
USC00200230,"ANN ARBOR U OF MICH, MI US",2016-01-26,,,0.03,0.0,0.0,,43.0,32.0,33.0
USC00200230,"ANN ARBOR U OF MICH, MI US",2016-01-27,,,0.03,0.5,0.0,,33.0,26.0,26.0
USC00200230,"ANN ARBOR U OF MICH, MI US",2016-01-28,,,0.03,0.5,0.0,,37.0,25.0,33.0
USC00200230,"ANN ARBOR U OF MICH, MI US",2016-01-29,,,0.03,0.3,0.0,,33.0,22.0,26.0
USC00200230,"ANN ARBOR U OF MICH, MI US",2016-01-30,,,0.0,0.0,0.0,,51.0,22.0,44.0
USC00200230,"ANN ARBOR U OF MICH, MI US",2016-01-31,,,0.11,0.0,0.0,,50.0,34.0,49.0
USC00200230,"ANN ARBOR U OF MICH, MI US",2016-02-01,,,0.09,0.0,0.0,,49.0,31.0,40.0
USC00200230,"ANN ARBOR U OF MICH, MI US",2016-02-02,,,0.12,0.0,0.0,,40.0,26.0,35.0
USC00200230,"ANN ARBOR U OF MICH, MI US",2016-02-03,,,0.35,0.0,0.0,,53.0,34.0,38.0
USC00200230,"ANN ARBOR U OF MICH, MI US",2016-02-04,,,0.06,0.8,0.0,,38.0,28.0,28.0
USC00200230,"ANN ARBOR U OF MICH, MI US",2016-02-05,,,0.0,0.0,0.0,,39.0,18.0,35.0
USC00200230,"ANN ARBOR U OF MICH, MI US",2016-02-06,,,0.0,0.1,0.0,,39.0,24.0,34.0
USC00200230,"ANN ARBOR U OF MICH, MI US",2016-02-07,,,0.0,0.0,0.0,,47.0,28.0,45.0
USC00200230,"ANN ARBOR U OF MICH, MI US",2016-02-08,,,0.02,0.1,0.0,,45.0,32.0,35.0
USC00200230,"ANN ARBOR U OF MICH, MI US",2016-02-09,,,0.14,1.8,2.0,,35.0,26.0,26.0
USC00200230,"ANN ARBOR U OF MICH, MI US",2016-02-10,,,0.03,0.7,1.0,,26.0,18.0,18.0
USC00200230,"ANN ARBOR U OF MICH, MI US",2016-02-11,,,0.01,0.1,1.0,,22.0,7.0,17.0
USC00200230,"ANN ARBOR U OF MICH, MI US",2016-02-12,,,0.04,0.7,2.0,,23.0,11.0,16.0
USC00200230,"ANN ARBOR U OF MICH, MI US",2016-02-13,,,0.01,0.3,2.0,,17.0,1.0,12.0
USC00200230,"ANN ARBOR U OF MICH, MI US",2016-02-14,,,0.0,0.0,1.0,,18.0,-1.0,15.0
USC00200230,"ANN ARBOR U OF MICH, MI US",2016-02-15,,,0.05,0.5,2.0,,27.0,14.0,27.0
USC00200230,"ANN ARBOR U OF MICH, MI US",2016-02-16,,,0.0,0.0,2.0,,29.0,26.0,28.0
USC00200230,"ANN ARBOR U OF MICH, MI US",2016-02-17,,,0.09,1.1,2.0,,34.0,26.0,26.0
USC00200230,"ANN ARBOR U OF MICH, MI US",2016-02-18,,,0.0,0.0,1.0,,32.0,12.0,28.0
USC00200230,"ANN ARBOR U OF MICH, MI US",2016-02-19,,,0.0,0.0,0.0,,60.0,27.0,55.0
USC00200230,"ANN ARBOR U OF MICH, MI US",2016-02-20,,,0.0,0.0,0.0,,61.0,41.0,50.0
USC00200230,"ANN ARBOR U OF MICH, MI US",2016-02-21,,,0.0,0.0,0.0,,50.0,31.0,38.0
USC00200230,"ANN ARBOR U OF MICH, MI US",2016-02-22,,,0.0,0.0,0.0,,38.0,26.0,34.0
USC00200230,"ANN ARBOR U OF MICH, MI US",2016-02-23,,,0.0,0.0,0.0,,43.0,22.0,38.0
USC00200230,"ANN ARBOR U OF MICH, MI US",2016-02-24,,,0.93,5.8,6.0,,38.0,30.0,32.0
USC00200230,"ANN ARBOR U OF MICH, MI US",2016-02-25,,,0.39,4.3,9.0,,34.0,27.0,27.0
USC00200230,"ANN ARBOR U OF MICH, MI US",2016-02-26,,,0.01,0.1,8.0,,33.0,23.0,29.0
USC00200230,"ANN ARBOR U OF MICH, MI US",2016-02-27,,,0.0,0.0,6.0,,44.0,25.0,40.0
USC00200230,"ANN ARBOR U OF MICH, MI US",2016-02-28,,,0.0,0.0,1.0,,62.0,36.0,59.0
USC00200230,"ANN ARBOR U OF MICH, MI US",2016-02-29,,,0.23,0.0,0.0,,59.0,30.0,42.0
USC00200230,"ANN ARBOR U OF MICH, MI US",2016-03-01,,,0.26,1.7,1.0,,42.0,21.0,24.0
USC00200230,"ANN ARBOR U OF MICH, MI US",2016-03-02,,,0.16,2.1,3.0,,28.0,15.0,25.0
USC00200230,"ANN ARBOR U OF MICH, MI US",2016-03-03,,,0.04,1.0,3.0,,30.0,15.0,27.0
USC00200230,"ANN ARBOR U OF MICH, MI US",2016-03-04,,,0.12,1.6,3.0,,37.0,22.0,31.0
USC00200230,"ANN ARBOR U OF MICH, MI US",2016-03-05,,,0.2,2.4,5.0,,33.0,25.0,32.0
USC00200230,"ANN ARBOR U OF MICH, MI US",2016-03-06,,,0.0,0.0,4.0,,35.0,22.0,33.0
USC00200230,"ANN ARBOR U OF MICH, MI US",2016-03-07,,,0.0,0.0,0.0,,60.0,32.0,55.0
USC00200230,"ANN ARBOR U OF MICH, MI US",2016-03-08,,,0.0,0.0,0.0,,70.0,50.0,66.0
USC00200230,"ANN ARBOR U OF MICH, MI US",2016-03-09,,,0.0,0.0,0.0,,68.0,52.0,65.0
USC00200230,"ANN ARBOR U OF MICH, MI US",2016-03-10,,,0.04,0.0,0.0,,65.0,48.0,48.0
USC00200230,"ANN ARBOR U OF MICH, MI US",2016-03-11,,,0.0,0.0,0.0,,55.0,36.0,46.0
USC00200230,"ANN ARBOR U OF MICH, MI US",2016-03-12,,,0.0,0.0,0.0,,60.0,29.0,57.0
USC00200230,"ANN ARBOR U OF MICH, MI US",2016-03-13,,,0.69,0.0,0.0,,57.0,42.0,42.0
USC00200230,"ANN ARBOR U OF MICH, MI US",2016-03-14,,,0.19,0.0,0.0,,61.0,42.0,59.0
USC00200230,"ANN ARBOR U OF MICH, MI US",2016-03-15,,,0.0,0.0,0.0,,59.0,46.0,50.0
USC00200230,"ANN ARBOR U OF MICH, MI US",2016-03-16,,,0.14,0.0,0.0,,59.0,42.0,57.0
USC00200230,"ANN ARBOR U OF MICH, MI US",2016-03-17,,,0.0,0.0,0.0,,57.0,41.0,50.0
USC00200230,"ANN ARBOR U OF MICH, MI US",2016-03-18,,,0.0,0.0,0.0,,50.0,30.0,43.0
USC00200230,"ANN ARBOR U OF MICH, MI US",2016-03-19,,,0.0,0.0,0.0,,43.0,26.0,38.0
USC00200230,"ANN ARBOR U OF MICH, MI US",2016-03-20,,,0.0,0.0,0.0,,45.0,24.0,42.0
USC00200230,"ANN ARBOR U OF MICH, MI US",2016-03-21,,,0.0,0.0,0.0,,45.0,27.0,42.0
USC00200230,"ANN ARBOR U OF MICH, MI US",2016-03-22,,,0.0,0.0,0.0,,62.0,29.0,60.0
USC00200230,"ANN ARBOR U OF MICH, MI US",2016-03-23,,,0.0,0.0,0.0,,60.0,39.0,39.0
USC00200230,"ANN ARBOR U OF MICH, MI US",2016-03-24,,,1.1,0.0,0.0,,56.0,36.0,55.0
USC00200230,"ANN ARBOR U OF MICH, MI US",2016-03-25,,,0.02,0.1,0.0,,55.0,27.0,42.0
USC00200230,"ANN ARBOR U OF MICH, MI US",2016-03-26,,,0.0,0.0,0.0,,48.0,26.0,47.0
USC00200230,"ANN ARBOR U OF MICH, MI US",2016-03-27,,,0.0,0.0,0.0,,68.0,30.0,64.0
USC00200230,"ANN ARBOR U OF MICH, MI US",2016-03-28,,,0.56,0.0,0.0,,64.0,41.0,44.0
USC00200230,"ANN ARBOR U OF MICH, MI US",2016-03-29,,,0.0,0.0,0.0,,52.0,30.0,50.0
USC00200230,"ANN ARBOR U OF MICH, MI US",2016-03-30,,,0.0,0.0,0.0,,60.0,31.0,58.0
USC00200230,"ANN ARBOR U OF MICH, MI US",2016-03-31,,,0.6,0.0,0.0,,62.0,53.0,62.0
USC00200230,"ANN ARBOR U OF MICH, MI US",2016-04-01,,,0.25,0.0,0.0,,63.0,40.0,50.0
USC00200230,"ANN ARBOR U OF MICH, MI US",2016-04-02,,,0.16,1.0,0.0,,50.0,32.0,32.0
USC00200230,"ANN ARBOR U OF MICH, MI US",2016-04-03,,,0.05,0.7,0.0,,47.0,21.0,47.0
USC00200230,"ANN ARBOR U OF MICH, MI US",2016-04-04,,,0.04,0.0,0.0,,48.0,28.0,32.0
USC00200230,"ANN ARBOR U OF MICH, MI US",2016-04-05,,,0.0,0.0,0.0,,40.0,17.0,38.0
USC00200230,"ANN ARBOR U OF MICH, MI US",2016-04-06,,,0.1,0.2,0.0,,51.0,30.0,51.0
USC00200230,"ANN ARBOR U OF MICH, MI US",2016-04-07,,,0.17,0.1,0.0,,51.0,34.0,34.0
USC00200230,"ANN ARBOR U OF MICH, MI US",2016-04-08,,,0.02,0.2,0.0,,40.0,26.0,36.0
USC00200230,"ANN ARBOR U OF MICH, MI US",2016-04-09,,,0.08,1.1,0.0,,36.0,24.0,31.0
USC00200230,"ANN ARBOR U OF MICH, MI US",2016-04-10,,,0.3,0.3,0.0,,32.0,23.0,32.0
USC00200230,"ANN ARBOR U OF MICH, MI US",2016-04-11,,,0.25,0.0,0.0,,58.0,32.0,47.0
USC00200230,"ANN ARBOR U OF MICH, MI US",2016-04-12,,,0.0,0.0,0.0,,48.0,30.0,46.0
USC00200230,"ANN ARBOR U OF MICH, MI US",2016-04-13,,,0.0,0.0,0.0,,51.0,32.0,46.0
USC00200230,"ANN ARBOR U OF MICH, MI US",2016-04-14,,,0.0,0.0,0.0,,59.0,31.0,55.0
USC00200230,"ANN ARBOR U OF MICH, MI US",2016-04-15,,,0.0,0.0,0.0,,68.0,34.0,66.0
USC00200230,"ANN ARBOR U OF MICH, MI US",2016-04-16,,,0.0,0.0,0.0,,74.0,43.0,70.0
USC00200230,"ANN ARBOR U OF MICH, MI US",2016-04-17,,,0.0,0.0,0.0,,78.0,44.0,74.0
USC00200230,"ANN ARBOR U OF MICH, MI US",2016-04-18,,,0.0,0.0,0.0,,83.0,46.0,79.0
USC00200230,"ANN ARBOR U OF MICH, MI US",2016-04-19,,,0.0,0.0,0.0,,79.0,47.0,60.0
USC00200230,"ANN ARBOR U OF MICH, MI US",2016-04-20,,,0.0,0.0,0.0,,65.0,44.0,63.0
USC00200230,"ANN ARBOR U OF MICH, MI US",2016-04-21,,,0.2,0.0,0.0,,63.0,47.0,60.0
USC00200230,"ANN ARBOR U OF MICH, MI US",2016-04-22,,,0.28,0.0,0.0,,62.0,49.0,58.0
USC00200230,"ANN ARBOR U OF MICH, MI US",2016-04-23,,,0.0,0.0,0.0,,59.0,35.0,57.0
USC00200230,"ANN ARBOR U OF MICH, MI US",2016-04-24,,,0.0,0.0,0.0,,68.0,34.0,65.0
USC00200230,"ANN ARBOR U OF MICH, MI US",2016-04-25,,,0.0,0.0,0.0,,79.0,45.0,69.0
USC00200230,"ANN ARBOR U OF MICH, MI US",2016-04-26,,,0.37,0.0,0.0,,69.0,46.0,48.0
USC00200230,"ANN ARBOR U OF MICH, MI US",2016-04-27,,,0.0,0.0,0.0,,60.0,38.0,57.0
USC00200230,"ANN ARBOR U OF MICH, MI US",2016-04-28,,,0.12,0.0,0.0,,57.0,38.0,45.0
USC00200230,"ANN ARBOR U OF MICH, MI US",2016-04-29,,,0.0,0.0,0.0,,51.0,43.0,49.0
USC00200230,"ANN ARBOR U OF MICH, MI US",2016-04-30,,,0.08,0.0,0.0,,55.0,38.0,48.0
USC00200230,"ANN ARBOR U OF MICH, MI US",2016-05-01,,,0.68,0.0,0.0,,52.0,46.0,51.0
USC00200230,"ANN ARBOR U OF MICH, MI US",2016-05-02,,,0.27,0.0,0.0,,52.0,44.0,51.0
USC00200230,"ANN ARBOR U OF MICH, MI US",2016-05-03,,,0.0,0.0,0.0,,66.0,41.0,62.0
USC00200230,"ANN ARBOR U OF MICH, MI US",2016-05-04,,,0.34,0.0,0.0,,62.0,48.0,49.0
USC00200230,"ANN ARBOR U OF MICH, MI US",2016-05-05,,,0.03,0.0,0.0,,65.0,42.0,64.0
USC00200230,"ANN ARBOR U OF MICH, MI US",2016-05-06,,,0.0,0.0,0.0,,72.0,42.0,70.0
USC00200230,"ANN ARBOR U OF MICH, MI US",2016-05-07,,,0.0,0.0,0.0,,73.0,51.0,68.0
USC00200230,"ANN ARBOR U OF MICH, MI US",2016-05-08,,,0.0,0.0,0.0,,68.0,41.0,66.0
USC00200230,"ANN ARBOR U OF MICH, MI US",2016-05-09,,,0.0,0.0,0.0,,66.0,40.0,58.0
USC00200230,"ANN ARBOR U OF MICH, MI US",2016-05-10,,,0.18,0.0,0.0,,58.0,46.0,51.0
USC00200230,"ANN ARBOR U OF MICH, MI US",2016-05-11,,,0.06,0.0,0.0,,65.0,48.0,65.0
USC00200230,"ANN ARBOR U OF MICH, MI US",2016-05-12,,,0.0,0.0,0.0,,77.0,53.0,73.0
USC00200230,"ANN ARBOR U OF MICH, MI US",2016-05-13,,,0.61,0.0,0.0,,73.0,50.0,64.0
USC00200230,"ANN ARBOR U OF MICH, MI US",2016-05-14,,,0.35,0.0,0.0,,64.0,41.0,45.0
USC00200230,"ANN ARBOR U OF MICH, MI US",2016-05-15,,,0.04,0.1,0.0,,49.0,35.0,45.0
USC00200230,"ANN ARBOR U OF MICH, MI US",2016-05-16,,,0.0,0.0,0.0,,68.0,34.0,64.0
USC00200230,"ANN ARBOR U OF MICH, MI US",2016-05-17,,,0.03,0.0,0.0,,64.0,51.0,60.0
USC00200230,"ANN ARBOR U OF MICH, MI US",2016-05-18,,,0.0,0.0,0.0,,66.0,42.0,64.0
USC00200230,"ANN ARBOR U OF MICH, MI US",2016-05-19,,,0.0,0.0,0.0,,72.0,40.0,69.0
USC00200230,"ANN ARBOR U OF MICH, MI US",2016-05-20,,,0.0,0.0,0.0,,71.0,44.0,68.0
USC00200230,"ANN ARBOR U OF MICH, MI US",2016-05-21,,,0.02,0.0,0.0,,73.0,54.0,70.0
USC00200230,"ANN ARBOR U OF MICH, MI US",2016-05-22,,,0.0,0.0,0.0,,72.0,53.0,70.0
USC00200230,"ANN ARBOR U OF MICH, MI US",2016-05-23,,,0.0,0.0,0.0,,78.0,41.0,76.0
USC00200230,"ANN ARBOR U OF MICH, MI US",2016-05-24,,,0.0,0.0,0.0,,85.0,50.0,83.0
USC00200230,"ANN ARBOR U OF MICH, MI US",2016-05-25,,,0.0,0.0,0.0,,86.0,60.0,82.0
USC00200230,"ANN ARBOR U OF MICH, MI US",2016-05-26,,,0.03,0.0,0.0,,86.0,66.0,82.0
USC00200230,"ANN ARBOR U OF MICH, MI US",2016-05-27,,,0.0,0.0,0.0,,85.0,65.0,82.0
USC00200230,"ANN ARBOR U OF MICH, MI US",2016-05-28,,,0.0,0.0,0.0,,88.0,64.0,83.0
USC00200230,"ANN ARBOR U OF MICH, MI US",2016-05-29,,,0.09,0.0,0.0,,88.0,68.0,83.0
USC00200230,"ANN ARBOR U OF MICH, MI US",2016-05-30,,,0.0,0.0,0.0,,84.0,62.0,79.0
USC00200230,"ANN ARBOR U OF MICH, MI US",2016-05-31,,,0.0,0.0,0.0,,83.0,57.0,80.0
USC00200230,"ANN ARBOR U OF MICH, MI US",2016-06-01,,,0.02,0.0,0.0,,83.0,55.0,73.0
USC00200230,"ANN ARBOR U OF MICH, MI US",2016-06-02,,,0.7,0.0,0.0,,82.0,62.0,80.0
USC00200230,"ANN ARBOR U OF MICH, MI US",2016-06-03,,,0.0,0.0,0.0,,80.0,54.0,79.0
USC00200230,"ANN ARBOR U OF MICH, MI US",2016-06-04,,,0.04,0.0,0.0,,80.0,60.0,67.0
USC00200230,"ANN ARBOR U OF MICH, MI US",2016-06-05,,,2.01,0.0,0.0,,73.0,61.0,67.0
USC00200230,"ANN ARBOR U OF MICH, MI US",2016-06-06,,,0.01,0.0,0.0,,81.0,57.0,74.0
USC00200230,"ANN ARBOR U OF MICH, MI US",2016-06-07,,,0.0,0.0,0.0,,74.0,52.0,63.0
USC00200230,"ANN ARBOR U OF MICH, MI US",2016-06-08,,,0.0,0.0,0.0,,69.0,46.0,67.0
USC00200230,"ANN ARBOR U OF MICH, MI US",2016-06-09,,,0.0,0.0,0.0,,75.0,46.0,70.0
USC00200230,"ANN ARBOR U OF MICH, MI US",2016-06-10,,,0.0,0.0,0.0,,84.0,58.0,82.0
USC00200230,"ANN ARBOR U OF MICH, MI US",2016-06-11,,,0.0,0.0,0.0,,92.0,67.0,88.0
USC00200230,"ANN ARBOR U OF MICH, MI US",2016-06-12,,,0.0,0.0,0.0,,88.0,59.0,76.0
USC00200230,"ANN ARBOR U OF MICH, MI US",2016-06-13,,,0.0,0.0,0.0,,76.0,49.0,72.0
USC00200230,"ANN ARBOR U OF MICH, MI US",2016-06-14,,,0.0,0.0,0.0,,75.0,60.0,73.0
USC00200230,"ANN ARBOR U OF MICH, MI US",2016-06-15,,,0.03,0.0,0.0,,85.0,60.0,83.0
USC00200230,"ANN ARBOR U OF MICH, MI US",2016-06-16,,,0.77,0.0,0.0,,83.0,63.0,65.0
USC00200230,"ANN ARBOR U OF MICH, MI US",2016-06-17,,,0.05,0.0,0.0,,86.0,57.0,84.0
USC00200230,"ANN ARBOR U OF MICH, MI US",2016-06-18,,,0.0,0.0,0.0,,87.0,56.0,86.0
USC00200230,"ANN ARBOR U OF MICH, MI US",2016-06-19,,,0.0,0.0,0.0,,89.0,64.0,87.0
USC00200230,"ANN ARBOR U OF MICH, MI US",2016-06-20,,,0.0,0.0,0.0,,90.0,70.0,87.0
USC00200230,"ANN ARBOR U OF MICH, MI US",2016-06-21,,,0.0,0.0,0.0,,87.0,57.0,77.0
USC00200230,"ANN ARBOR U OF MICH, MI US",2016-06-22,,,0.0,0.0,0.0,,83.0,58.0,79.0
USC00200230,"ANN ARBOR U OF MICH, MI US",2016-06-23,,,0.02,0.0,0.0,,79.0,64.0,76.0
USC00200230,"ANN ARBOR U OF MICH, MI US",2016-06-24,,,0.0,0.0,0.0,,84.0,57.0,80.0
USC00200230,"ANN ARBOR U OF MICH, MI US",2016-06-25,,,0.0,0.0,0.0,,87.0,57.0,84.0
USC00200230,"ANN ARBOR U OF MICH, MI US",2016-06-26,,,0.0,0.0,0.0,,90.0,64.0,86.0
USC00200230,"ANN ARBOR U OF MICH, MI US",2016-06-27,,,0.01,0.0,0.0,,92.0,67.0,86.0
USC00200230,"ANN ARBOR U OF MICH, MI US",2016-06-28,,,0.0,0.0,0.0,,86.0,63.0,64.0
USC00200230,"ANN ARBOR U OF MICH, MI US",2016-06-29,,,0.0,0.0,0.0,,79.0,50.0,77.0
USC00200230,"ANN ARBOR U OF MICH, MI US",2016-06-30,,,0.0,0.0,0.0,,83.0,55.0,81.0
USC00200230,"ANN ARBOR U OF MICH, MI US",2016-07-01,,,0.26,0.0,0.0,,81.0,61.0,72.0
USC00200230,"ANN ARBOR U OF MICH, MI US",2016-07-02,,,0.0,0.0,0.0,,78.0,50.0,75.0
USC00200230,"ANN ARBOR U OF MICH, MI US",2016-07-03,,,0.0,0.0,0.0,,80.0,54.0,76.0
USC00200230,"ANN ARBOR U OF MICH, MI US",2016-07-04,,,0.0,0.0,0.0,,79.0,55.0,74.0
USC00200230,"ANN ARBOR U OF MICH, MI US",2016-07-05,,,0.0,0.0,0.0,,87.0,67.0,84.0
USC00200230,"ANN ARBOR U OF MICH, MI US",2016-07-06,,,0.0,0.0,0.0,,88.0,65.0,86.0
USC00200230,"ANN ARBOR U OF MICH, MI US",2016-07-07,,,0.0,0.0,0.0,,90.0,66.0,86.0
USC00200230,"ANN ARBOR U OF MICH, MI US",2016-07-08,,,0.16,0.0,0.0,,88.0,66.0,86.0
USC00200230,"ANN ARBOR U OF MICH, MI US",2016-07-09,,,0.08,0.0,0.0,,86.0,62.0,75.0
USC00200230,"ANN ARBOR U OF MICH, MI US",2016-07-10,,,0.0,0.0,0.0,,84.0,59.0,82.0
USC00200230,"ANN ARBOR U OF MICH, MI US",2016-07-11,,,0.0,0.0,0.0,,88.0,66.0,86.0
USC00200230,"ANN ARBOR U OF MICH, MI US",2016-07-12,,,0.0,0.0,0.0,,92.0,66.0,88.0
USC00200230,"ANN ARBOR U OF MICH, MI US",2016-07-13,,,0.16,0.0,0.0,,91.0,69.0,89.0
USC00200230,"ANN ARBOR U OF MICH, MI US",2016-07-14,,,0.09,0.0,0.0,,89.0,68.0,85.0
USC00200230,"ANN ARBOR U OF MICH, MI US",2016-07-15,,,0.0,0.0,0.0,,85.0,65.0,75.0
USC00200230,"ANN ARBOR U OF MICH, MI US",2016-07-16,,,0.0,0.0,0.0,,75.0,63.0,72.0
USC00200230,"ANN ARBOR U OF MICH, MI US",2016-07-17,,,0.0,0.0,0.0,,85.0,59.0,83.0
USC00200230,"ANN ARBOR U OF MICH, MI US",2016-07-18,,,0.22,0.0,0.0,,85.0,68.0,84.0
USC00200230,"ANN ARBOR U OF MICH, MI US",2016-07-19,,,0.0,0.0,0.0,,86.0,60.0,83.0
USC00200230,"ANN ARBOR U OF MICH, MI US",2016-07-20,,,0.0,0.0,0.0,,90.0,60.0,87.0
USC00200230,"ANN ARBOR U OF MICH, MI US",2016-07-21,,,0.52,0.0,0.0,,92.0,66.0,72.0
USC00200230,"ANN ARBOR U OF MICH, MI US",2016-07-22,,,0.0,0.0,0.0,,93.0,72.0,90.0
USC00200230,"ANN ARBOR U OF MICH, MI US",2016-07-23,,,0.0,0.0,0.0,,95.0,69.0,90.0
USC00200230,"ANN ARBOR U OF MICH, MI US",2016-07-24,,,0.13,0.0,0.0,,90.0,72.0,83.0
USC00200230,"ANN ARBOR U OF MICH, MI US",2016-07-25,,,0.07,0.0,0.0,,90.0,73.0,87.0
USC00200230,"ANN ARBOR U OF MICH, MI US",2016-07-26,,,0.0,0.0,0.0,,89.0,62.0,86.0
USC00200230,"ANN ARBOR U OF MICH, MI US",2016-07-27,,,0.0,0.0,0.0,,92.0,65.0,88.0
USC00200230,"ANN ARBOR U OF MICH, MI US",2016-07-28,,,0.0,0.0,0.0,,88.0,65.0,85.0
USC00200230,"ANN ARBOR U OF MICH, MI US",2016-07-29,,,0.06,0.0,0.0,,85.0,64.0,76.0
USC00200230,"ANN ARBOR U OF MICH, MI US",2016-07-30,,,0.48,0.0,0.0,,77.0,65.0,75.0
USC00200230,"ANN ARBOR U OF MICH, MI US",2016-07-31,,,0.07,0.0,0.0,,83.0,63.0,80.0
USC00200230,"ANN ARBOR U OF MICH, MI US",2016-08-01,,,0.0,0.0,0.0,,86.0,64.0,83.0
USC00200230,"ANN ARBOR U OF MICH, MI US",2016-08-02,,,0.0,0.0,0.0,,89.0,66.0,82.0
USC00200230,"ANN ARBOR U OF MICH, MI US",2016-08-03,,,0.0,0.0,0.0,,92.0,65.0,87.0
USC00200230,"ANN ARBOR U OF MICH, MI US",2016-08-04,,,0.0,0.0,0.0,,93.0,65.0,89.0
USC00200230,"ANN ARBOR U OF MICH, MI US",2016-08-05,,,0.0,0.0,0.0,,91.0,69.0,86.0
USC00200230,"ANN ARBOR U OF MICH, MI US",2016-08-06,,,0.0,0.0,0.0,,86.0,61.0,83.0
USC00200230,"ANN ARBOR U OF MICH, MI US",2016-08-07,,,0.0,0.0,0.0,,84.0,62.0,79.0
USC00200230,"ANN ARBOR U OF MICH, MI US",2016-08-08,,,0.0,0.0,0.0,,86.0,60.0,84.0
USC00200230,"ANN ARBOR U OF MICH, MI US",2016-08-09,,,0.0,0.0,0.0,,89.0,64.0,85.0
USC00200230,"ANN ARBOR U OF MICH, MI US",2016-08-10,,,0.0,0.0,0.0,,94.0,68.0,93.0
USC00200230,"ANN ARBOR U OF MICH, MI US",2016-08-11,,,0.02,0.0,0.0,,93.0,74.0,90.0
USC00200230,"ANN ARBOR U OF MICH, MI US",2016-08-12,,,0.0,0.0,0.0,,94.0,77.0,89.0
USC00200230,"ANN ARBOR U OF MICH, MI US",2016-08-13,,,0.23,0.0,0.0,,89.0,73.0,84.0
USC00200230,"ANN ARBOR U OF MICH, MI US",2016-08-14,,,0.81,0.0,0.0,,84.0,67.0,70.0
USC00200230,"ANN ARBOR U OF MICH, MI US",2016-08-15,,,0.08,0.0,0.0,,79.0,65.0,74.0
USC00200230,"ANN ARBOR U OF MICH, MI US",2016-08-16,,,2.51,0.0,0.0,,81.0,68.0,81.0
USC00200230,"ANN ARBOR U OF MICH, MI US",2016-08-17,,,0.09,0.0,0.0,,84.0,65.0,72.0
USC00200230,"ANN ARBOR U OF MICH, MI US",2016-08-18,,,0.0,0.0,0.0,,85.0,63.0,81.0
USC00200230,"ANN ARBOR U OF MICH, MI US",2016-08-19,,,0.03,0.0,0.0,,86.0,67.0,80.0
USC00200230,"ANN ARBOR U OF MICH, MI US",2016-08-20,,,0.0,0.0,0.0,,83.0,67.0,75.0
USC00200230,"ANN ARBOR U OF MICH, MI US",2016-08-21,,,0.17,0.0,0.0,,77.0,61.0,67.0
USC00200230,"ANN ARBOR U OF MICH, MI US",2016-08-22,,,0.05,0.0,0.0,,77.0,56.0,75.0
USC00200230,"ANN ARBOR U OF MICH, MI US",2016-08-23,,,0.0,0.0,0.0,,81.0,56.0,79.0
USC00200230,"ANN ARBOR U OF MICH, MI US",2016-08-24,,,0.02,0.0,0.0,,84.0,59.0,79.0
USC00200230,"ANN ARBOR U OF MICH, MI US",2016-08-25,,,0.21,0.0,0.0,,87.0,70.0,81.0
USC00200230,"ANN ARBOR U OF MICH, MI US",2016-08-26,,,0.02,0.0,0.0,,84.0,62.0,82.0
USC00200230,"ANN ARBOR U OF MICH, MI US",2016-08-27,,,0.41,0.0,0.0,,82.0,66.0,72.0
USC00200230,"ANN ARBOR U OF MICH, MI US",2016-08-28,,,0.01,0.0,0.0,,86.0,70.0,84.0
USC00200230,"ANN ARBOR U OF MICH, MI US",2016-08-29,,,0.0,0.0,0.0,,84.0,65.0,81.0
USC00200230,"ANN ARBOR U OF MICH, MI US",2016-08-30,,,0.0,0.0,0.0,,82.0,66.0,78.0
USC00200230,"ANN ARBOR U OF MICH, MI US",2016-08-31,,,0.03,0.0,0.0,,79.0,69.0,74.0
USC00200230,"ANN ARBOR U OF MICH, MI US",2016-09-01,,,0.0,0.0,0.0,,75.0,57.0,71.0
USC00200230,"ANN ARBOR U OF MICH, MI US",2016-09-02,,,0.0,0.0,0.0,,75.0,54.0,72.0
USC00200230,"ANN ARBOR U OF MICH, MI US",2016-09-03,,,0.0,0.0,0.0,,77.0,52.0,75.0
USC00200230,"ANN ARBOR U OF MICH, MI US",2016-09-04,,,0.0,0.0,0.0,,80.0,54.0,77.0
USC00200230,"ANN ARBOR U OF MICH, MI US",2016-09-05,,,0.0,0.0,0.0,,87.0,56.0,83.0
USC00200230,"ANN ARBOR U OF MICH, MI US",2016-09-06,,,0.0,0.0,0.0,,91.0,68.0,89.0
USC00200230,"ANN ARBOR U OF MICH, MI US",2016-09-07,,,0.07,0.0,0.0,,92.0,72.0,77.0
USC00200230,"ANN ARBOR U OF MICH, MI US",2016-09-08,,,0.35,0.0,0.0,,80.0,73.0,77.0
USC00200230,"ANN ARBOR U OF MICH, MI US",2016-09-09,,,0.0,0.0,0.0,,83.0,66.0,80.0
USC00200230,"ANN ARBOR U OF MICH, MI US",2016-09-10,,,0.83,0.0,0.0,,80.0,67.0,68.0
USC00200230,"ANN ARBOR U OF MICH, MI US",2016-09-11,,,0.0,0.0,0.0,,72.0,53.0,69.0
USC00200230,"ANN ARBOR U OF MICH, MI US",2016-09-12,,,0.0,0.0,0.0,,76.0,53.0,74.0
USC00200230,"ANN ARBOR U OF MICH, MI US",2016-09-13,,,0.0,0.0,0.0,,83.0,55.0,79.0
USC00200230,"ANN ARBOR U OF MICH, MI US",2016-09-14,,,0.03,0.0,0.0,,79.0,61.0,71.0
USC00200230,"ANN ARBOR U OF MICH, MI US",2016-09-15,,,0.0,0.0,0.0,,74.0,52.0,69.0
USC00200230,"ANN ARBOR U OF MICH, MI US",2016-09-16,,,0.0,0.0,0.0,,79.0,52.0,74.0
USC00200230,"ANN ARBOR U OF MICH, MI US",2016-09-17,,,0.2,0.0,0.0,,77.0,67.0,75.0
USC00200230,"ANN ARBOR U OF MICH, MI US",2016-09-18,,,0.0,0.0,0.0,,81.0,61.0,77.0
USC00200230,"ANN ARBOR U OF MICH, MI US",2016-09-19,,,0.0,0.0,0.0,,85.0,56.0,81.0
USC00200230,"ANN ARBOR U OF MICH, MI US",2016-09-20,,,0.0,0.0,0.0,,82.0,62.0,79.0
USC00200230,"ANN ARBOR U OF MICH, MI US",2016-09-21,,,0.0,0.0,0.0,,83.0,57.0,81.0
USC00200230,"ANN ARBOR U OF MICH, MI US",2016-09-22,,,0.0,0.0,0.0,,88.0,63.0,80.0
USC00200230,"ANN ARBOR U OF MICH, MI US",2016-09-23,,,0.0,0.0,0.0,,80.0,65.0,68.0
USC00200230,"ANN ARBOR U OF MICH, MI US",2016-09-24,,,0.0,0.0,0.0,,70.0,54.0,67.0
USC00200230,"ANN ARBOR U OF MICH, MI US",2016-09-25,,,0.0,0.0,0.0,,74.0,49.0,68.0
USC00200230,"ANN ARBOR U OF MICH, MI US",2016-09-26,,,0.12,0.0,0.0,,69.0,60.0,66.0
USC00200230,"ANN ARBOR U OF MICH, MI US",2016-09-27,,,0.0,0.0,0.0,,70.0,47.0,67.0
USC00200230,"ANN ARBOR U OF MICH, MI US",2016-09-28,,,0.22,0.0,0.0,,67.0,51.0,58.0
USC00200230,"ANN ARBOR U OF MICH, MI US",2016-09-29,,,2.17,0.0,0.0,,61.0,56.0,60.0
USC00200230,"ANN ARBOR U OF MICH, MI US",2016-09-30,,,0.22,0.0,0.0,,60.0,58.0,59.0
USC00200230,"ANN ARBOR U OF MICH, MI US",2016-10-01,,,0.43,0.0,0.0,,67.0,56.0,63.0
USC00200230,"ANN ARBOR U OF MICH, MI US",2016-10-02,,,0.07,0.0,0.0,,67.0,51.0,65.0
USC00200230,"ANN ARBOR U OF MICH, MI US",2016-10-03,,,0.0,0.0,0.0,,65.0,52.0,62.0
USC00200230,"ANN ARBOR U OF MICH, MI US",2016-10-04,,,0.0,0.0,0.0,,73.0,50.0,68.0
USC00200230,"ANN ARBOR U OF MICH, MI US",2016-10-05,,,0.0,0.0,0.0,,78.0,57.0,73.0
USC00200230,"ANN ARBOR U OF MICH, MI US",2016-10-06,,,0.02,0.0,0.0,,81.0,59.0,75.0
USC00200230,"ANN ARBOR U OF MICH, MI US",2016-10-07,,,0.0,0.0,0.0,,83.0,58.0,74.0
USC00200230,"ANN ARBOR U OF MICH, MI US",2016-10-08,,,0.15,0.0,0.0,,74.0,43.0,55.0
USC00200230,"ANN ARBOR U OF MICH, MI US",2016-10-09,,,0.0,0.0,0.0,,60.0,37.0,55.0
USC00200230,"ANN ARBOR U OF MICH, MI US",2016-10-10,,,0.0,0.0,0.0,,63.0,38.0,57.0
USC00200230,"ANN ARBOR U OF MICH, MI US",2016-10-11,,,0.0,0.0,0.0,,69.0,45.0,63.0
USC00200230,"ANN ARBOR U OF MICH, MI US",2016-10-12,,,0.0,0.0,0.0,,77.0,47.0,73.0
USC00200230,"ANN ARBOR U OF MICH, MI US",2016-10-13,,,0.21,0.0,0.0,,73.0,45.0,52.0
USC00200230,"ANN ARBOR U OF MICH, MI US",2016-10-14,,,0.0,0.0,0.0,,62.0,35.0,56.0
USC00200230,"ANN ARBOR U OF MICH, MI US",2016-10-15,,,0.0,0.0,0.0,,71.0,40.0,69.0
USC00200230,"ANN ARBOR U OF MICH, MI US",2016-10-16,,,0.23,0.0,0.0,,69.0,58.0,64.0
USC00200230,"ANN ARBOR U OF MICH, MI US",2016-10-17,,,0.0,0.0,0.0,,81.0,62.0,76.0
USC00200230,"ANN ARBOR U OF MICH, MI US",2016-10-18,,,0.0,0.0,0.0,,76.0,67.0,72.0
USC00200230,"ANN ARBOR U OF MICH, MI US",2016-10-19,,,0.0,0.0,0.0,,72.0,48.0,65.0
USC00200230,"ANN ARBOR U OF MICH, MI US",2016-10-20,,,1.01,0.0,0.0,,65.0,53.0,54.0
USC00200230,"ANN ARBOR U OF MICH, MI US",2016-10-21,,,0.17,0.0,0.0,,54.0,42.0,47.0
USC00200230,"ANN ARBOR U OF MICH, MI US",2016-10-22,,,0.0,0.0,0.0,,53.0,36.0,50.0
USC00200230,"ANN ARBOR U OF MICH, MI US",2016-10-23,,,0.0,0.0,0.0,,67.0,44.0,63.0
USC00200230,"ANN ARBOR U OF MICH, MI US",2016-10-24,,,0.0,0.0,0.0,,63.0,45.0,49.0
USC00200230,"ANN ARBOR U OF MICH, MI US",2016-10-25,,,0.0,0.0,0.0,,53.0,33.0,48.0
USC00200230,"ANN ARBOR U OF MICH, MI US",2016-10-26,,,0.24,0.0,0.0,,48.0,35.0,40.0
USC00200230,"ANN ARBOR U OF MICH, MI US",2016-10-27,,,0.47,0.0,0.0,,46.0,40.0,44.0
USC00200230,"ANN ARBOR U OF MICH, MI US",2016-10-28,,,0.01,0.0,0.0,,55.0,32.0,52.0
USC00200230,"ANN ARBOR U OF MICH, MI US",2016-10-29,,,0.0,0.0,0.0,,70.0,49.0,66.0
USC00200230,"ANN ARBOR U OF MICH, MI US",2016-10-30,,,0.45,0.0,0.0,,66.0,46.0,46.0
USC00200230,"ANN ARBOR U OF MICH, MI US",2016-10-31,,,0.0,0.0,0.0,,53.0,34.0,48.0
USC00200230,"ANN ARBOR U OF MICH, MI US",2016-11-01,,,0.0,0.0,0.0,,77.0,44.0,72.0
USC00200230,"ANN ARBOR U OF MICH, MI US",2016-11-02,,,0.0,0.0,0.0,,72.0,55.0,62.0
USC00200230,"ANN ARBOR U OF MICH, MI US",2016-11-03,,,0.55,0.0,0.0,,62.0,51.0,54.0
USC00200230,"ANN ARBOR U OF MICH, MI US",2016-11-04,,,0.0,0.0,0.0,,57.0,41.0,52.0
USC00200230,"ANN ARBOR U OF MICH, MI US",2016-11-05,,,0.0,0.0,0.0,,67.0,40.0,62.0
USC00200230,"ANN ARBOR U OF MICH, MI US",2016-11-06,,,0.0,0.0,0.0,,67.0,40.0,57.0
USC00200230,"ANN ARBOR U OF MICH, MI US",2016-11-07,,,0.0,0.0,0.0,,66.0,40.0,56.0
USC00200230,"ANN ARBOR U OF MICH, MI US",2016-11-08,,,0.06,0.0,0.0,,59.0,41.0,52.0
USC00200230,"ANN ARBOR U OF MICH, MI US",2016-11-09,,,0.02,0.0,0.0,,52.0,42.0,45.0
USC00200230,"ANN ARBOR U OF MICH, MI US",2016-11-10,,,0.0,0.0,0.0,,63.0,39.0,56.0
USC00200230,"ANN ARBOR U OF MICH, MI US",2016-11-11,,,0.0,0.0,0.0,,56.0,40.0,40.0
USC00200230,"ANN ARBOR U OF MICH, MI US",2016-11-12,,,0.0,0.0,0.0,,51.0,27.0,43.0
USC00200230,"ANN ARBOR U OF MICH, MI US",2016-11-13,,,0.0,0.0,0.0,,59.0,31.0,49.0
USC00200230,"ANN ARBOR U OF MICH, MI US",2016-11-14,,,0.0,0.0,0.0,,60.0,31.0,48.0
USC00200230,"ANN ARBOR U OF MICH, MI US",2016-11-15,,,0.0,0.0,0.0,,59.0,35.0,51.0
USC00200230,"ANN ARBOR U OF MICH, MI US",2016-11-16,,,0.0,0.0,0.0,,59.0,41.0,49.0
USC00200230,"ANN ARBOR U OF MICH, MI US",2016-11-17,,,0.0,0.0,0.0,,63.0,35.0,57.0
USC00200230,"ANN ARBOR U OF MICH, MI US",2016-11-18,,,0.0,0.0,0.0,,72.0,52.0,67.0
USC00200230,"ANN ARBOR U OF MICH, MI US",2016-11-19,,,0.12,0.1,0.0,,67.0,32.0,32.0
USC00200230,"ANN ARBOR U OF MICH, MI US",2016-11-20,,,0.1,1.4,0.0,,33.0,30.0,30.0
USC00200230,"ANN ARBOR U OF MICH, MI US",2016-11-21,,,0.0,0.0,0.0,,37.0,23.0,31.0
USC00200230,"ANN ARBOR U OF MICH, MI US",2016-11-22,,,0.0,0.0,0.0,,39.0,20.0,33.0
USC00200230,"ANN ARBOR U OF MICH, MI US",2016-11-23,,,0.25,0.0,0.0,,36.0,28.0,36.0
USC00200230,"ANN ARBOR U OF MICH, MI US",2016-11-24,,,0.21,0.0,0.0,,43.0,36.0,41.0
USC00200230,"ANN ARBOR U OF MICH, MI US",2016-11-25,,,0.02,0.0,0.0,,43.0,37.0,39.0
USC00200230,"ANN ARBOR U OF MICH, MI US",2016-11-26,,,0.03,0.0,0.0,,41.0,35.0,39.0
USC00200230,"ANN ARBOR U OF MICH, MI US",2016-11-27,,,0.0,0.0,0.0,,46.0,28.0,39.0
USC00200230,"ANN ARBOR U OF MICH, MI US",2016-11-28,,,0.22,0.0,0.0,,47.0,33.0,42.0
USC00200230,"ANN ARBOR U OF MICH, MI US",2016-11-29,,,0.5,0.0,0.0,,58.0,42.0,49.0
USC00200230,"ANN ARBOR U OF MICH, MI US",2016-11-30,,,0.0,0.0,0.0,,57.0,37.0,47.0
USC00200230,"ANN ARBOR U OF MICH, MI US",2016-12-01,,,0.02,0.1,0.0,,47.0,34.0,39.0
USC00200230,"ANN ARBOR U OF MICH, MI US",2016-12-02,,,0.05,0.0,0.0,,40.0,35.0,35.0
USC00200230,"ANN ARBOR U OF MICH, MI US",2016-12-03,,,0.0,0.0,0.0,,36.0,28.0,35.0
USC00200230,"ANN ARBOR U OF MICH, MI US",2016-12-04,,,0.0,0.0,0.0,,37.0,33.0,35.0
USC00200230,"ANN ARBOR U OF MICH, MI US",2016-12-05,,,0.22,1.6,0.0,,40.0,32.0,33.0
USC00200230,"ANN ARBOR U OF MICH, MI US",2016-12-06,,,0.12,0.0,0.0,,39.0,26.0,38.0
USC00200230,"ANN ARBOR U OF MICH, MI US",2016-12-07,,,0.01,0.0,0.0,,38.0,30.0,32.0
USC00200230,"ANN ARBOR U OF MICH, MI US",2016-12-08,,,0.04,0.7,1.0,,32.0,25.0,25.0
USC00200230,"ANN ARBOR U OF MICH, MI US",2016-12-09,,,0.03,0.6,0.0,,30.0,24.0,26.0
USC00200230,"ANN ARBOR U OF MICH, MI US",2016-12-10,,,0.04,1.0,1.0,,28.0,21.0,24.0
USC00200230,"ANN ARBOR U OF MICH, MI US",2016-12-11,,,0.73,9.2,9.0,,27.0,22.0,27.0
USC00200230,"ANN ARBOR U OF MICH, MI US",2016-12-12,,,0.28,2.0,9.0,,34.0,27.0,27.0
USC00200230,"ANN ARBOR U OF MICH, MI US",2016-12-13,,,0.0,0.1,7.0,,28.0,14.0,21.0
USC00200230,"ANN ARBOR U OF MICH, MI US",2016-12-14,,,0.0,0.0,7.0,,22.0,9.0,17.0
USC00200230,"ANN ARBOR U OF MICH, MI US",2016-12-15,,,0.08,1.8,7.0,,17.0,4.0,12.0
USC00200230,"ANN ARBOR U OF MICH, MI US",2016-12-16,,,0.01,0.4,7.0,,16.0,4.0,16.0
USC00200230,"ANN ARBOR U OF MICH, MI US",2016-12-17,,,0.34,2.8,9.0,,26.0,15.0,25.0
USC00200230,"ANN ARBOR U OF MICH, MI US",2016-12-18,,,0.03,0.3,8.0,,25.0,15.0,17.0
USC00200230,"ANN ARBOR U OF MICH, MI US",2016-12-19,,,0.0,0.0,8.0,,18.0,2.0,8.0
USC00200230,"ANN ARBOR U OF MICH, MI US",2016-12-20,,,0.0,0.0,7.0,,31.0,3.0,27.0
USC00200230,"ANN ARBOR U OF MICH, MI US",2016-12-21,,,0.0,0.0,7.0,,29.0,18.0,28.0
USC00200230,"ANN ARBOR U OF MICH, MI US",2016-12-22,,,0.0,0.0,6.0,,40.0,28.0,34.0
USC00200230,"ANN ARBOR U OF MICH, MI US",2016-12-23,,,0.0,0.0,6.0,,34.0,23.0,32.0
USC00200230,"ANN ARBOR U OF MICH, MI US",2016-12-24,,,0.11,0.6,4.0,,41.0,32.0,35.0
USC00200230,"ANN ARBOR U OF MICH, MI US",2016-12-25,,,0.0,0.0,3.0,,35.0,32.0,34.0
USC00200230,"ANN ARBOR U OF MICH, MI US",2016-12-26,,,0.29,0.0,0.0,,53.0,33.0,47.0
USC00200230,"ANN ARBOR U OF MICH, MI US",2016-12-27,,,0.0,0.0,0.0,,47.0,29.0,29.0
USC00200230,"ANN ARBOR U OF MICH, MI US",2016-12-28,,,0.0,0.0,0.0,,35.0,27.0,34.0
USC00200230,"ANN ARBOR U OF MICH, MI US",2016-12-29,,,0.02,0.1,0.0,,42.0,33.0,33.0
USC00200230,"ANN ARBOR U OF MICH, MI US",2016-12-30,,,0.02,0.3,0.0,,33.0,26.0,29.0
USC00200230,"ANN ARBOR U OF MICH, MI US",2016-12-31,,,0.0,0.0,0.0,,46.0,26.0,36.0
USC00200230,"ANN ARBOR U OF MICH, MI US",2017-01-01,,,0.0,0.0,0.0,,41.0,24.0,32.0
USC00200230,"ANN ARBOR U OF MICH, MI US",2017-01-02,,,0.01,0.0,0.0,,39.0,26.0,38.0
USC00200230,"ANN ARBOR U OF MICH, MI US",2017-01-03,,,0.54,0.0,0.0,,43.0,36.0,38.0
USC00200230,"ANN ARBOR U OF MICH, MI US",2017-01-04,,,0.05,0.5,0.0,,38.0,18.0,18.0
USC00200230,"ANN ARBOR U OF MICH, MI US",2017-01-05,,,0.04,0.8,1.0,,18.0,12.0,12.0
USC00200230,"ANN ARBOR U OF MICH, MI US",2017-01-06,,,0.05,0.8,1.0,,14.0,5.0,12.0
USC00200230,"ANN ARBOR U OF MICH, MI US",2017-01-07,,,0.03,0.5,1.0,,14.0,2.0,12.0
USC00200230,"ANN ARBOR U OF MICH, MI US",2017-01-08,,,0.05,0.8,2.0,,18.0,5.0,14.0
USC00200230,"ANN ARBOR U OF MICH, MI US",2017-01-09,,,0.0,0.0,1.0,,28.0,14.0,26.0
USC00200230,"ANN ARBOR U OF MICH, MI US",2017-01-10,,,0.52,3.4,2.0,,42.0,25.0,42.0
USC00200230,"ANN ARBOR U OF MICH, MI US",2017-01-11,,,0.2,0.0,0.0,,46.0,28.0,42.0
USC00200230,"ANN ARBOR U OF MICH, MI US",2017-01-12,,,0.66,0.0,0.0,,54.0,29.0,29.0
USC00200230,"ANN ARBOR U OF MICH, MI US",2017-01-13,,,0.0,0.0,0.0,,29.0,17.0,23.0
USC00200230,"ANN ARBOR U OF MICH, MI US",2017-01-14,,,0.0,0.0,0.0,,31.0,20.0,28.0
USC00200230,"ANN ARBOR U OF MICH, MI US",2017-01-15,,,0.0,0.0,0.0,,33.0,16.0,28.0
USC00200230,"ANN ARBOR U OF MICH, MI US",2017-01-16,,,0.04,0.2,0.0,,33.0,18.0,33.0
USC00200230,"ANN ARBOR U OF MICH, MI US",2017-01-17,,,0.69,0.0,0.0,,46.0,30.0,40.0
USC00200230,"ANN ARBOR U OF MICH, MI US",2017-01-18,,,0.02,0.0,0.0,,40.0,35.0,37.0
USC00200230,"ANN ARBOR U OF MICH, MI US",2017-01-19,,,0.0,0.0,0.0,,40.0,32.0,34.0
USC00200230,"ANN ARBOR U OF MICH, MI US",2017-01-20,,,0.12,0.0,0.0,,38.0,32.0,38.0
USC00200230,"ANN ARBOR U OF MICH, MI US",2017-01-21,,,0.02,0.0,0.0,,58.0,38.0,52.0
USC00200230,"ANN ARBOR U OF MICH, MI US",2017-01-22,,,0.01,0.0,0.0,,52.0,41.0,46.0
USC00200230,"ANN ARBOR U OF MICH, MI US",2017-01-23,,,0.11,0.0,0.0,,46.0,40.0,41.0
USC00200230,"ANN ARBOR U OF MICH, MI US",2017-01-24,,,0.09,0.0,0.0,,41.0,36.0,36.0
USC00200230,"ANN ARBOR U OF MICH, MI US",2017-01-25,,,0.04,0.0,0.0,,43.0,34.0,43.0
USC00200230,"ANN ARBOR U OF MICH, MI US",2017-01-26,,,0.09,0.2,0.0,,45.0,33.0,35.0
USC00200230,"ANN ARBOR U OF MICH, MI US",2017-01-27,,,0.04,0.5,0.0,,35.0,28.0,28.0
USC00200230,"ANN ARBOR U OF MICH, MI US",2017-01-28,,,0.04,0.4,0.0,,29.0,26.0,28.0
USC00200230,"ANN ARBOR U OF MICH, MI US",2017-01-29,,,0.1,1.8,2.0,,29.0,25.0,26.0
USC00200230,"ANN ARBOR U OF MICH, MI US",2017-01-30,,,0.05,0.8,2.0,,26.0,15.0,25.0
USC00200230,"ANN ARBOR U OF MICH, MI US",2017-01-31,,,0.39,4.2,5.0,,33.0,22.0,31.0
USC00200230,"ANN ARBOR U OF MICH, MI US",2017-02-01,,,0.19,2.5,6.0,,38.0,28.0,29.0
USC00200230,"ANN ARBOR U OF MICH, MI US",2017-02-02,,,0.0,0.1,5.0,,29.0,17.0,18.0
USC00200230,"ANN ARBOR U OF MICH, MI US",2017-02-03,,,0.0,0.0,5.0,,25.0,6.0,18.0
USC00200230,"ANN ARBOR U OF MICH, MI US",2017-02-04,,,0.0,0.0,4.0,,29.0,9.0,27.0
USC00200230,"ANN ARBOR U OF MICH, MI US",2017-02-05,,,0.0,0.0,3.0,,38.0,27.0,33.0
USC00200230,"ANN ARBOR U OF MICH, MI US",2017-02-06,,,0.0,0.0,2.0,,44.0,19.0,38.0
USC00200230,"ANN ARBOR U OF MICH, MI US",2017-02-07,,,0.89,0.0,1.0,,50.0,32.0,50.0
USC00200230,"ANN ARBOR U OF MICH, MI US",2017-02-08,,,0.02,0.0,0.0,,52.0,27.0,27.0
USC00200230,"ANN ARBOR U OF MICH, MI US",2017-02-09,,,0.03,0.6,0.0,,27.0,17.0,18.0
USC00200230,"ANN ARBOR U OF MICH, MI US",2017-02-10,,,0.0,0.1,0.0,,31.0,15.0,30.0
USC00200230,"ANN ARBOR U OF MICH, MI US",2017-02-11,,,0.0,0.0,0.0,,46.0,29.0,43.0
USC00200230,"ANN ARBOR U OF MICH, MI US",2017-02-12,,,0.24,0.0,0.0,,43.0,33.0,37.0
USC00200230,"ANN ARBOR U OF MICH, MI US",2017-02-13,,,0.0,0.0,0.0,,44.0,26.0,39.0
USC00200230,"ANN ARBOR U OF MICH, MI US",2017-02-14,,,0.0,0.0,0.0,,49.0,29.0,44.0
USC00200230,"ANN ARBOR U OF MICH, MI US",2017-02-15,,,0.08,0.9,0.0,,44.0,26.0,26.0
USC00200230,"ANN ARBOR U OF MICH, MI US",2017-02-16,,,0.0,0.1,0.0,,33.0,23.0,30.0
USC00200230,"ANN ARBOR U OF MICH, MI US",2017-02-17,,,0.0,0.0,0.0,,49.0,27.0,45.0
USC00200230,"ANN ARBOR U OF MICH, MI US",2017-02-18,,,0.0,0.0,0.0,,68.0,33.0,61.0
USC00200230,"ANN ARBOR U OF MICH, MI US",2017-02-19,,,0.0,0.0,0.0,,64.0,40.0,57.0
USC00200230,"ANN ARBOR U OF MICH, MI US",2017-02-20,,,0.0,0.0,0.0,,57.0,35.0,47.0
USC00200230,"ANN ARBOR U OF MICH, MI US",2017-02-21,,,0.03,0.0,0.0,,62.0,36.0,56.0
USC00200230,"ANN ARBOR U OF MICH, MI US",2017-02-22,,,0.0,0.0,0.0,,61.0,43.0,60.0
USC00200230,"ANN ARBOR U OF MICH, MI US",2017-02-23,,,0.0,0.0,0.0,,65.0,53.0,55.0
USC00200230,"ANN ARBOR U OF MICH, MI US",2017-02-24,,,0.27,0.0,0.0,,67.0,38.0,57.0
USC00200230,"ANN ARBOR U OF MICH, MI US",2017-02-25,,,0.15,0.1,0.0,,59.0,26.0,26.0
USC00200230,"ANN ARBOR U OF MICH, MI US",2017-02-26,,,0.01,0.3,0.0,,41.0,22.0,39.0
USC00200230,"ANN ARBOR U OF MICH, MI US",2017-02-27,,,0.0,0.0,0.0,,51.0,29.0,46.0
USC00200230,"ANN ARBOR U OF MICH, MI US",2017-02-28,,,0.13,0.0,0.0,,53.0,37.0,53.0
USC00200230,"ANN ARBOR U OF MICH, MI US",2017-03-01,,,1.62,0.0,0.0,,56.0,36.0,36.0
USC00200230,"ANN ARBOR U OF MICH, MI US",2017-03-02,,,0.03,0.5,0.0,,36.0,24.0,28.0
USC00200230,"ANN ARBOR U OF MICH, MI US",2017-03-03,,,0.01,0.2,0.0,,29.0,19.0,25.0
USC00200230,"ANN ARBOR U OF MICH, MI US",2017-03-04,,,0.0,0.0,0.0,,32.0,13.0,27.0
USC00200230,"ANN ARBOR U OF MICH, MI US",2017-03-05,,,0.0,0.0,0.0,,39.0,22.0,38.0
USC00200230,"ANN ARBOR U OF MICH, MI US",2017-03-06,,,0.03,0.0,0.0,,55.0,36.0,52.0
USC00200230,"ANN ARBOR U OF MICH, MI US",2017-03-07,,,0.21,0.0,0.0,,57.0,48.0,48.0
USC00200230,"ANN ARBOR U OF MICH, MI US",2017-03-08,,,0.0,0.0,0.0,,52.0,36.0,46.0
USC00200230,"ANN ARBOR U OF MICH, MI US",2017-03-09,,,0.0,0.0,0.0,,46.0,30.0,36.0
USC00200230,"ANN ARBOR U OF MICH, MI US",2017-03-10,,,0.0,0.0,0.0,,36.0,22.0,22.0
USC00200230,"ANN ARBOR U OF MICH, MI US",2017-03-11,,,0.0,0.0,0.0,,30.0,12.0,26.0
USC00200230,"ANN ARBOR U OF MICH, MI US",2017-03-12,,,0.0,0.0,0.0,,32.0,13.0,28.0
USC00200230,"ANN ARBOR U OF MICH, MI US",2017-03-13,,,0.32,3.2,3.0,,28.0,22.0,23.0
USC00200230,"ANN ARBOR U OF MICH, MI US",2017-03-14,,,0.02,0.3,3.0,,26.0,14.0,20.0
USC00200230,"ANN ARBOR U OF MICH, MI US",2017-03-15,,,0.0,0.0,2.0,,30.0,13.0,29.0
USC00200230,"ANN ARBOR U OF MICH, MI US",2017-03-16,,,0.0,0.0,0.0,,40.0,18.0,38.0
USC00200230,"ANN ARBOR U OF MICH, MI US",2017-03-17,,,0.12,0.7,1.0,,38.0,22.0,31.0
USC00200230,"ANN ARBOR U OF MICH, MI US",2017-03-18,,,0.23,2.2,0.0,,39.0,31.0,37.0
USC00200230,"ANN ARBOR U OF MICH, MI US",2017-03-19,,,0.01,0.0,0.0,,41.0,33.0,40.0
USC00200230,"ANN ARBOR U OF MICH, MI US",2017-03-20,,,0.16,0.1,0.0,,45.0,32.0,42.0
USC00200230,"ANN ARBOR U OF MICH, MI US",2017-03-21,,,0.02,0.0,0.0,,56.0,35.0,50.0
USC00200230,"ANN ARBOR U OF MICH, MI US",2017-03-22,,,0.0,0.0,0.0,,50.0,19.0,36.0
USC00200230,"ANN ARBOR U OF MICH, MI US",2017-03-23,,,0.0,0.0,0.0,,43.0,19.0,39.0
USC00200230,"ANN ARBOR U OF MICH, MI US",2017-03-24,,,0.46,0.0,0.0,,76.0,34.0,75.0
USC00200230,"ANN ARBOR U OF MICH, MI US",2017-03-25,,,0.04,0.0,0.0,,75.0,41.0,43.0
USC00200230,"ANN ARBOR U OF MICH, MI US",2017-03-26,,,0.32,0.0,0.0,,51.0,38.0,50.0
USC00200230,"ANN ARBOR U OF MICH, MI US",2017-03-27,,,0.06,0.0,0.0,,61.0,48.0,58.0
USC00200230,"ANN ARBOR U OF MICH, MI US",2017-03-28,,,0.0,0.0,0.0,,58.0,42.0,45.0
USC00200230,"ANN ARBOR U OF MICH, MI US",2017-03-29,,,0.0,0.0,0.0,,56.0,30.0,53.0
USC00200230,"ANN ARBOR U OF MICH, MI US",2017-03-30,,,1.18,0.0,0.0,,53.0,35.0,38.0
USC00200230,"ANN ARBOR U OF MICH, MI US",2017-03-31,,,0.21,0.0,0.0,,41.0,37.0,39.0
USC00200230,"ANN ARBOR U OF MICH, MI US",2017-04-01,,,0.01,0.0,0.0,,57.0,35.0,55.0
USC00200230,"ANN ARBOR U OF MICH, MI US",2017-04-02,,,0.0,0.0,0.0,,60.0,33.0,56.0
USC00200230,"ANN ARBOR U OF MICH, MI US",2017-04-03,,,0.01,0.0,0.0,,56.0,46.0,50.0
USC00200230,"ANN ARBOR U OF MICH, MI US",2017-04-04,,,0.38,0.0,0.0,,56.0,45.0,47.0
USC00200230,"ANN ARBOR U OF MICH, MI US",2017-04-05,,,0.16,0.0,0.0,,48.0,38.0,43.0
USC00200230,"ANN ARBOR U OF MICH, MI US",2017-04-06,,,1.21,0.3,0.0,,43.0,34.0,35.0
USC00200230,"ANN ARBOR U OF MICH, MI US",2017-04-07,,,0.17,0.6,0.0,,50.0,33.0,49.0
USC00200230,"ANN ARBOR U OF MICH, MI US",2017-04-08,,,0.0,0.0,0.0,,61.0,31.0,59.0
USC00200230,"ANN ARBOR U OF MICH, MI US",2017-04-09,,,0.0,0.0,0.0,,75.0,45.0,72.0
USC00200230,"ANN ARBOR U OF MICH, MI US",2017-04-10,,,0.05,0.0,0.0,,74.0,58.0,67.0
USC00200230,"ANN ARBOR U OF MICH, MI US",2017-04-11,,,0.59,0.0,0.0,,67.0,53.0,53.0
USC00200230,"ANN ARBOR U OF MICH, MI US",2017-04-12,,,0.0,0.0,0.0,,60.0,43.0,57.0
USC00200230,"ANN ARBOR U OF MICH, MI US",2017-04-13,,,0.01,0.0,0.0,,57.0,43.0,47.0
USC00200230,"ANN ARBOR U OF MICH, MI US",2017-04-14,,,0.0,0.0,0.0,,64.0,42.0,60.0
USC00200230,"ANN ARBOR U OF MICH, MI US",2017-04-15,,,0.04,0.0,0.0,,81.0,47.0,77.0
USC00200230,"ANN ARBOR U OF MICH, MI US",2017-04-16,,,0.0,0.0,0.0,,77.0,62.0,68.0
USC00200230,"ANN ARBOR U OF MICH, MI US",2017-04-17,,,0.0,0.0,0.0,,69.0,43.0,63.0
USC00200230,"ANN ARBOR U OF MICH, MI US",2017-04-18,,,0.0,0.0,0.0,,66.0,36.0,63.0
USC00200230,"ANN ARBOR U OF MICH, MI US",2017-04-19,,,0.22,0.0,0.0,,75.0,50.0,61.0
USC00200230,"ANN ARBOR U OF MICH, MI US",2017-04-20,,,1.07,0.0,0.0,,63.0,47.0,60.0
USC00200230,"ANN ARBOR U OF MICH, MI US",2017-04-21,,,0.01,0.0,0.0,,62.0,46.0,48.0
USC00200230,"ANN ARBOR U OF MICH, MI US",2017-04-22,,,0.0,0.0,0.0,,62.0,37.0,59.0
USC00200230,"ANN ARBOR U OF MICH, MI US",2017-04-23,,,0.0,0.0,0.0,,70.0,35.0,65.0
USC00200230,"ANN ARBOR U OF MICH, MI US",2017-04-24,,,0.0,0.0,0.0,,70.0,40.0,68.0
USC00200230,"ANN ARBOR U OF MICH, MI US",2017-04-25,,,0.0,0.0,0.0,,71.0,49.0,69.0
USC00200230,"ANN ARBOR U OF MICH, MI US",2017-04-26,,,0.0,0.0,0.0,,83.0,54.0,81.0
USC00200230,"ANN ARBOR U OF MICH, MI US",2017-04-27,,,0.18,0.0,0.0,,81.0,59.0,59.0
USC00200230,"ANN ARBOR U OF MICH, MI US",2017-04-28,,,0.0,0.0,0.0,,63.0,43.0,60.0
USC00200230,"ANN ARBOR U OF MICH, MI US",2017-04-29,,,0.02,0.0,0.0,,60.0,46.0,49.0
USC00200230,"ANN ARBOR U OF MICH, MI US",2017-04-30,,,0.48,0.0,0.0,,54.0,40.0,54.0
USC00200230,"ANN ARBOR U OF MICH, MI US",2017-05-01,,,0.3,0.0,0.0,,66.0,52.0,54.0
USC00200230,"ANN ARBOR U OF MICH, MI US",2017-05-02,,,0.07,0.0,0.0,,54.0,42.0,46.0
USC00200230,"ANN ARBOR U OF MICH, MI US",2017-05-03,,,0.0,0.0,0.0,,60.0,38.0,57.0
USC00200230,"ANN ARBOR U OF MICH, MI US",2017-05-04,,,0.86,0.0,0.0,,57.0,42.0,45.0
USC00200230,"ANN ARBOR U OF MICH, MI US",2017-05-05,,,0.75,0.0,0.0,,47.0,41.0,47.0
USC00200230,"ANN ARBOR U OF MICH, MI US",2017-05-06,,,0.0,0.0,0.0,,60.0,38.0,57.0
USC00200230,"ANN ARBOR U OF MICH, MI US",2017-05-07,,,0.0,0.0,0.0,,57.0,35.0,53.0
USC00200230,"ANN ARBOR U OF MICH, MI US",2017-05-08,,,0.0,0.0,0.0,,58.0,31.0,56.0
USC00200230,"ANN ARBOR U OF MICH, MI US",2017-05-09,,,0.0,0.0,0.0,,65.0,33.0,61.0
USC00200230,"ANN ARBOR U OF MICH, MI US",2017-05-10,,,0.0,0.0,0.0,,67.0,43.0,64.0
USC00200230,"ANN ARBOR U OF MICH, MI US",2017-05-11,,,0.16,0.0,0.0,,66.0,45.0,65.0
USC00200230,"ANN ARBOR U OF MICH, MI US",2017-05-12,,,0.0,0.0,0.0,,69.0,41.0,66.0
USC00200230,"ANN ARBOR U OF MICH, MI US",2017-05-13,,,0.0,0.0,0.0,,73.0,46.0,69.0
USC00200230,"ANN ARBOR U OF MICH, MI US",2017-05-14,,,0.0,0.0,0.0,,69.0,52.0,67.0
USC00200230,"ANN ARBOR U OF MICH, MI US",2017-05-15,,,0.0,0.0,0.0,,72.0,41.0,69.0
USC00200230,"ANN ARBOR U OF MICH, MI US",2017-05-16,,,0.05,0.0,0.0,,86.0,53.0,84.0
USC00200230,"ANN ARBOR U OF MICH, MI US",2017-05-17,,,0.0,0.0,0.0,,87.0,64.0,82.0
USC00200230,"ANN ARBOR U OF MICH, MI US",2017-05-18,,,0.0,0.0,0.0,,88.0,70.0,86.0
USC00200230,"ANN ARBOR U OF MICH, MI US",2017-05-19,,,0.02,0.0,0.0,,86.0,45.0,51.0
USC00200230,"ANN ARBOR U OF MICH, MI US",2017-05-20,,,0.2,0.0,0.0,,65.0,46.0,56.0
USC00200230,"ANN ARBOR U OF MICH, MI US",2017-05-21,,,0.74,0.0,0.0,,75.0,53.0,72.0
USC00200230,"ANN ARBOR U OF MICH, MI US",2017-05-22,,,0.0,0.0,0.0,,72.0,49.0,69.0
USC00200230,"ANN ARBOR U OF MICH, MI US",2017-05-23,,,0.01,0.0,0.0,,73.0,56.0,67.0
USC00200230,"ANN ARBOR U OF MICH, MI US",2017-05-24,,,0.05,0.0,0.0,,68.0,54.0,62.0
USC00200230,"ANN ARBOR U OF MICH, MI US",2017-05-25,,,0.28,0.0,0.0,,62.0,57.0,61.0
USC00200230,"ANN ARBOR U OF MICH, MI US",2017-05-26,,,0.02,0.0,0.0,,69.0,54.0,67.0
USC00200230,"ANN ARBOR U OF MICH, MI US",2017-05-27,,,0.0,0.0,0.0,,74.0,57.0,69.0
USC00200230,"ANN ARBOR U OF MICH, MI US",2017-05-28,,,0.11,0.0,0.0,,79.0,57.0,65.0
USC00200230,"ANN ARBOR U OF MICH, MI US",2017-05-29,,,0.16,0.0,0.0,,79.0,55.0,69.0
USC00200230,"ANN ARBOR U OF MICH, MI US",2017-05-30,,,0.04,0.0,0.0,,73.0,50.0,69.0
USC00200230,"ANN ARBOR U OF MICH, MI US",2017-05-31,,,0.03,0.0,0.0,,72.0,52.0,69.0
USC00200230,"ANN ARBOR U OF MICH, MI US",2017-06-01,,,0.0,0.0,0.0,,75.0,49.0,73.0
USC00200230,"ANN ARBOR U OF MICH, MI US",2017-06-02,,,0.0,0.0,0.0,,80.0,49.0,77.0
USC00200230,"ANN ARBOR U OF MICH, MI US",2017-06-03,,,0.0,0.0,0.0,,81.0,53.0,78.0
USC00200230,"ANN ARBOR U OF MICH, MI US",2017-06-04,,,0.01,0.0,0.0,,86.0,62.0,84.0
USC00200230,"ANN ARBOR U OF MICH, MI US",2017-06-05,,,0.0,0.0,0.0,,84.0,58.0,67.0
USC00200230,"ANN ARBOR U OF MICH, MI US",2017-06-06,,,0.0,0.0,0.0,,70.0,50.0,63.0
USC00200230,"ANN ARBOR U OF MICH, MI US",2017-06-07,,,0.0,0.0,0.0,,75.0,49.0,72.0
USC00200230,"ANN ARBOR U OF MICH, MI US",2017-06-08,,,0.0,0.0,0.0,,79.0,47.0,77.0
USC00200230,"ANN ARBOR U OF MICH, MI US",2017-06-09,,,0.07,0.0,0.0,,81.0,55.0,79.0
USC00200230,"ANN ARBOR U OF MICH, MI US",2017-06-10,,,0.0,0.0,0.0,,87.0,61.0,84.0
USC00200230,"ANN ARBOR U OF MICH, MI US",2017-06-11,,,0.0,0.0,0.0,,91.0,66.0,88.0
USC00200230,"ANN ARBOR U OF MICH, MI US",2017-06-12,,,0.0,0.0,0.0,,92.0,66.0,89.0
USC00200230,"ANN ARBOR U OF MICH, MI US",2017-06-13,,,0.0,0.0,0.0,,90.0,71.0,86.0
USC00200230,"ANN ARBOR U OF MICH, MI US",2017-06-14,,,0.0,0.0,0.0,,86.0,67.0,82.0
USC00200230,"ANN ARBOR U OF MICH, MI US",2017-06-15,,,0.02,0.0,0.0,,88.0,68.0,84.0
USC00200230,"ANN ARBOR U OF MICH, MI US",2017-06-16,,,0.0,0.0,0.0,,87.0,64.0,79.0
USC00200230,"ANN ARBOR U OF MICH, MI US",2017-06-17,,,0.0,0.0,0.0,,89.0,65.0,87.0
USC00200230,"ANN ARBOR U OF MICH, MI US",2017-06-18,,,0.04,0.0,0.0,,87.0,72.0,79.0
USC00200230,"ANN ARBOR U OF MICH, MI US",2017-06-19,,,0.06,0.0,0.0,,79.0,61.0,71.0
USC00200230,"ANN ARBOR U OF MICH, MI US",2017-06-20,,,0.0,0.0,0.0,,78.0,55.0,63.0
USC00200230,"ANN ARBOR U OF MICH, MI US",2017-06-21,,,0.13,0.0,0.0,,77.0,53.0,75.0
USC00200230,"ANN ARBOR U OF MICH, MI US",2017-06-22,,,0.35,0.0,0.0,,87.0,60.0,85.0
USC00200230,"ANN ARBOR U OF MICH, MI US",2017-06-23,,,0.38,0.0,0.0,,85.0,69.0,75.0
USC00200230,"ANN ARBOR U OF MICH, MI US",2017-06-24,,,0.0,0.0,0.0,,78.0,59.0,74.0
USC00200230,"ANN ARBOR U OF MICH, MI US",2017-06-25,,,0.01,0.0,0.0,,74.0,56.0,66.0
USC00200230,"ANN ARBOR U OF MICH, MI US",2017-06-26,,,0.02,0.0,0.0,,71.0,54.0,65.0
USC00200230,"ANN ARBOR U OF MICH, MI US",2017-06-27,,,0.02,0.0,0.0,,74.0,49.0,70.0
USC00200230,"ANN ARBOR U OF MICH, MI US",2017-06-28,,,0.0,0.0,0.0,,80.0,49.0,72.0
USC00200230,"ANN ARBOR U OF MICH, MI US",2017-06-29,,,0.01,0.0,0.0,,87.0,66.0,85.0
USC00200230,"ANN ARBOR U OF MICH, MI US",2017-06-30,,,0.25,0.0,0.0,,86.0,66.0,70.0
USC00200230,"ANN ARBOR U OF MICH, MI US",2017-07-01,,,0.13,0.0,0.0,,83.0,66.0,81.0
USC00200230,"ANN ARBOR U OF MICH, MI US",2017-07-02,,,0.0,0.0,0.0,,85.0,63.0,82.0
USC00200230,"ANN ARBOR U OF MICH, MI US",2017-07-03,,,0.14,0.0,0.0,,82.0,63.0,80.0
USC00200230,"ANN ARBOR U OF MICH, MI US",2017-07-04,,,0.0,0.0,0.0,,82.0,57.0,80.0
USC00200230,"ANN ARBOR U OF MICH, MI US",2017-07-05,,,0.0,0.0,0.0,,85.0,58.0,81.0
USC00200230,"ANN ARBOR U OF MICH, MI US",2017-07-06,,,0.0,0.0,0.0,,90.0,61.0,84.0
USC00200230,"ANN ARBOR U OF MICH, MI US",2017-07-07,,,1.24,0.0,0.0,,86.0,65.0,79.0
USC00200230,"ANN ARBOR U OF MICH, MI US",2017-07-08,,,0.53,0.0,0.0,,79.0,61.0,74.0
USC00200230,"ANN ARBOR U OF MICH, MI US",2017-07-09,,,0.0,0.0,0.0,,83.0,56.0,79.0
USC00200230,"ANN ARBOR U OF MICH, MI US",2017-07-10,,,0.7,0.0,0.0,,79.0,64.0,74.0
USC00200230,"ANN ARBOR U OF MICH, MI US",2017-07-11,,,0.0,0.0,0.0,,87.0,67.0,85.0
USC00200230,"ANN ARBOR U OF MICH, MI US",2017-07-12,,,0.35,0.0,0.0,,85.0,69.0,81.0
USC00200230,"ANN ARBOR U OF MICH, MI US",2017-07-13,,,0.34,0.0,0.0,,83.0,71.0,78.0
USC00200230,"ANN ARBOR U OF MICH, MI US",2017-07-14,,,0.0,0.0,0.0,,82.0,65.0,77.0
USC00200230,"ANN ARBOR U OF MICH, MI US",2017-07-15,,,0.0,0.0,0.0,,80.0,58.0,79.0
USC00200230,"ANN ARBOR U OF MICH, MI US",2017-07-16,,,0.0,0.0,0.0,,80.0,63.0,77.0
USC00200230,"ANN ARBOR U OF MICH, MI US",2017-07-17,,,0.0,0.0,0.0,,80.0,57.0,79.0
USC00200230,"ANN ARBOR U OF MICH, MI US",2017-07-18,,,0.0,0.0,0.0,,87.0,60.0,84.0
USC00200230,"ANN ARBOR U OF MICH, MI US",2017-07-19,,,0.0,0.0,0.0,,90.0,67.0,88.0
USC00200230,"ANN ARBOR U OF MICH, MI US",2017-07-20,,,0.0,0.0,0.0,,88.0,71.0,84.0
USC00200230,"ANN ARBOR U OF MICH, MI US",2017-07-21,,,0.0,0.0,0.0,,88.0,68.0,85.0
USC00200230,"ANN ARBOR U OF MICH, MI US",2017-07-22,,,0.09,0.0,0.0,,87.0,71.0,81.0
USC00200230,"ANN ARBOR U OF MICH, MI US",2017-07-23,,,0.0,0.0,0.0,,84.0,66.0,82.0
USC00200230,"ANN ARBOR U OF MICH, MI US",2017-07-24,,,0.06,0.0,0.0,,82.0,62.0,71.0
USC00200230,"ANN ARBOR U OF MICH, MI US",2017-07-25,,,0.0,0.0,0.0,,81.0,47.0,79.0
USC00200230,"ANN ARBOR U OF MICH, MI US",2017-07-26,,,0.0,0.0,0.0,,82.0,54.0,80.0
USC00200230,"ANN ARBOR U OF MICH, MI US",2017-07-27,,,0.0,0.0,0.0,,87.0,62.0,83.0
USC00200230,"ANN ARBOR U OF MICH, MI US",2017-07-28,,,0.0,0.0,0.0,,83.0,57.0,75.0
USC00200230,"ANN ARBOR U OF MICH, MI US",2017-07-29,,,0.0,0.0,0.0,,83.0,54.0,80.0
USC00200230,"ANN ARBOR U OF MICH, MI US",2017-07-30,,,0.0,0.0,0.0,,85.0,52.0,83.0
USC00200230,"ANN ARBOR U OF MICH, MI US",2017-07-31,,,0.0,0.0,0.0,,87.0,55.0,85.0
USC00200230,"ANN ARBOR U OF MICH, MI US",2017-08-01,,,0.0,0.0,0.0,,86.0,56.0,82.0
USC00200230,"ANN ARBOR U OF MICH, MI US",2017-08-02,,,0.0,0.0,0.0,,88.0,60.0,81.0
USC00200230,"ANN ARBOR U OF MICH, MI US",2017-08-03,,,0.0,0.0,0.0,,86.0,59.0,76.0
USC00200230,"ANN ARBOR U OF MICH, MI US",2017-08-04,,,0.24,0.0,0.0,,76.0,61.0,61.0
USC00200230,"ANN ARBOR U OF MICH, MI US",2017-08-05,,,0.01,0.0,0.0,,77.0,53.0,75.0
USC00200230,"ANN ARBOR U OF MICH, MI US",2017-08-06,,,0.0,0.0,0.0,,77.0,51.0,73.0
USC00200230,"ANN ARBOR U OF MICH, MI US",2017-08-07,,,0.0,0.0,0.0,,78.0,53.0,74.0
USC00200230,"ANN ARBOR U OF MICH, MI US",2017-08-08,,,0.0,0.0,0.0,,83.0,49.0,80.0
USC00200230,"ANN ARBOR U OF MICH, MI US",2017-08-09,,,0.0,0.0,0.0,,85.0,52.0,81.0
USC00200230,"ANN ARBOR U OF MICH, MI US",2017-08-10,,,0.0,0.0,0.0,,85.0,54.0,81.0
USC00200230,"ANN ARBOR U OF MICH, MI US",2017-08-11,,,0.05,0.0,0.0,,84.0,59.0,81.0
USC00200230,"ANN ARBOR U OF MICH, MI US",2017-08-12,,,0.01,0.0,0.0,,81.0,59.0,74.0
USC00200230,"ANN ARBOR U OF MICH, MI US",2017-08-13,,,0.0,0.0,0.0,,81.0,52.0,75.0
USC00200230,"ANN ARBOR U OF MICH, MI US",2017-08-14,,,0.0,0.0,0.0,,83.0,55.0,77.0
USC00200230,"ANN ARBOR U OF MICH, MI US",2017-08-15,,,0.35,0.0,0.0,,82.0,57.0,81.0
USC00200230,"ANN ARBOR U OF MICH, MI US",2017-08-16,,,0.0,0.0,0.0,,84.0,57.0,81.0
USC00200230,"ANN ARBOR U OF MICH, MI US",2017-08-17,,,0.7,0.0,0.0,,81.0,64.0,80.0
USC00200230,"ANN ARBOR U OF MICH, MI US",2017-08-18,,,0.0,0.0,0.0,,80.0,67.0,74.0
USC00200230,"ANN ARBOR U OF MICH, MI US",2017-08-19,,,0.0,0.0,0.0,,79.0,57.0,76.0
USC00200230,"ANN ARBOR U OF MICH, MI US",2017-08-20,,,0.0,0.0,0.0,,85.0,53.0,80.0
USC00200230,"ANN ARBOR U OF MICH, MI US",2017-08-21,,,0.0,0.0,0.0,,87.0,61.0,83.0
USC00200230,"ANN ARBOR U OF MICH, MI US",2017-08-22,,,0.07,0.0,0.0,,83.0,70.0,76.0
USC00200230,"ANN ARBOR U OF MICH, MI US",2017-08-23,,,0.0,0.0,0.0,,76.0,54.0,72.0
USC00200230,"ANN ARBOR U OF MICH, MI US",2017-08-24,,,0.0,0.0,0.0,,72.0,48.0,61.0
USC00200230,"ANN ARBOR U OF MICH, MI US",2017-08-25,,,0.0,0.0,0.0,,73.0,43.0,70.0
USC00200230,"ANN ARBOR U OF MICH, MI US",2017-08-26,,,0.0,0.0,0.0,,76.0,43.0,71.0
USC00200230,"ANN ARBOR U OF MICH, MI US",2017-08-27,,,0.0,0.0,0.0,,78.0,53.0,73.0
USC00200230,"ANN ARBOR U OF MICH, MI US",2017-08-28,,,0.25,0.0,0.0,,73.0,58.0,63.0
USC00200230,"ANN ARBOR U OF MICH, MI US",2017-08-29,,,1.04,0.0,0.0,,73.0,60.0,64.0
USC00200230,"ANN ARBOR U OF MICH, MI US",2017-08-30,,,0.05,0.0,0.0,,80.0,57.0,75.0
USC00200230,"ANN ARBOR U OF MICH, MI US",2017-08-31,,,0.0,0.0,0.0,,75.0,56.0,66.0
USC00200230,"ANN ARBOR U OF MICH, MI US",2017-09-01,,,0.0,0.0,0.0,,66.0,43.0,62.0
USC00200230,"ANN ARBOR U OF MICH, MI US",2017-09-02,,,0.0,0.0,0.0,,71.0,44.0,65.0
USC00200230,"ANN ARBOR U OF MICH, MI US",2017-09-03,,,0.04,0.0,0.0,,77.0,55.0,74.0
USC00200230,"ANN ARBOR U OF MICH, MI US",2017-09-04,,,0.28,0.0,0.0,,83.0,51.0,74.0
USC00200230,"ANN ARBOR U OF MICH, MI US",2017-09-05,,,0.89,0.0,0.0,,74.0,51.0,67.0
USC00200230,"ANN ARBOR U OF MICH, MI US",2017-09-06,,,0.0,0.0,0.0,,67.0,43.0,61.0
USC00200230,"ANN ARBOR U OF MICH, MI US",2017-09-07,,,0.23,0.0,0.0,,66.0,47.0,55.0
USC00200230,"ANN ARBOR U OF MICH, MI US",2017-09-08,,,0.02,0.0,0.0,,68.0,48.0,63.0
USC00200230,"ANN ARBOR U OF MICH, MI US",2017-09-09,,,0.0,0.0,0.0,,67.0,37.0,62.0
USC00200230,"ANN ARBOR U OF MICH, MI US",2017-09-10,,,0.0,0.0,0.0,,69.0,37.0,65.0
USC00200230,"ANN ARBOR U OF MICH, MI US",2017-09-11,,,0.0,0.0,0.0,,74.0,41.0,71.0
USC00200230,"ANN ARBOR U OF MICH, MI US",2017-09-12,,,0.0,0.0,0.0,,77.0,43.0,72.0
USC00200230,"ANN ARBOR U OF MICH, MI US",2017-09-13,,,0.01,0.0,0.0,,74.0,51.0,72.0
USC00200230,"ANN ARBOR U OF MICH, MI US",2017-09-14,,,0.0,0.0,0.0,,77.0,48.0,74.0
USC00200230,"ANN ARBOR U OF MICH, MI US",2017-09-15,,,0.0,0.0,0.0,,79.0,51.0,75.0
USC00200230,"ANN ARBOR U OF MICH, MI US",2017-09-16,,,0.0,0.0,0.0,,81.0,52.0,77.0
USC00200230,"ANN ARBOR U OF MICH, MI US",2017-09-17,,,0.0,0.0,0.0,,85.0,53.0,80.0
USC00200230,"ANN ARBOR U OF MICH, MI US",2017-09-18,,,0.02,0.0,0.0,,80.0,64.0,70.0
USC00200230,"ANN ARBOR U OF MICH, MI US",2017-09-19,,,0.05,0.0,0.0,,72.0,61.0,70.0
USC00200230,"ANN ARBOR U OF MICH, MI US",2017-09-20,,,0.04,0.0,0.0,,84.0,65.0,81.0
USC00200230,"ANN ARBOR U OF MICH, MI US",2017-09-21,,,0.0,0.0,0.0,,91.0,61.0,85.0
USC00200230,"ANN ARBOR U OF MICH, MI US",2017-09-22,,,0.0,0.0,0.0,,92.0,63.0,85.0
USC00200230,"ANN ARBOR U OF MICH, MI US",2017-09-23,,,0.0,0.0,0.0,,92.0,57.0,87.0
USC00200230,"ANN ARBOR U OF MICH, MI US",2017-09-24,,,0.0,0.0,0.0,,91.0,57.0,86.0
USC00200230,"ANN ARBOR U OF MICH, MI US",2017-09-25,,,0.0,0.0,0.0,,91.0,59.0,85.0
USC00200230,"ANN ARBOR U OF MICH, MI US",2017-09-26,,,0.0,0.0,0.0,,91.0,60.0,87.0
USC00200230,"ANN ARBOR U OF MICH, MI US",2017-09-27,,,0.01,0.0,0.0,,87.0,62.0,71.0
USC00200230,"ANN ARBOR U OF MICH, MI US",2017-09-28,,,0.0,0.0,0.0,,71.0,43.0,63.0
USC00200230,"ANN ARBOR U OF MICH, MI US",2017-09-29,,,0.03,0.0,0.0,,68.0,43.0,63.0
USC00200230,"ANN ARBOR U OF MICH, MI US",2017-09-30,,,0.0,0.0,0.0,,66.0,41.0,63.0
USC00200230,"ANN ARBOR U OF MICH, MI US",2017-10-01,,,0.0,0.0,0.0,,69.0,34.0,62.0
USC00200230,"ANN ARBOR U OF MICH, MI US",2017-10-02,,,0.0,0.0,0.0,,76.0,36.0,72.0
USC00200230,"ANN ARBOR U OF MICH, MI US",2017-10-03,,,0.0,0.0,0.0,,85.0,42.0,80.0
USC00200230,"ANN ARBOR U OF MICH, MI US",2017-10-04,,,0.02,0.0,0.0,,80.0,67.0,73.0
USC00200230,"ANN ARBOR U OF MICH, MI US",2017-10-05,,,0.0,0.0,0.0,,77.0,44.0,73.0
USC00200230,"ANN ARBOR U OF MICH, MI US",2017-10-06,,,0.49,0.0,0.0,,73.0,54.0,61.0
USC00200230,"ANN ARBOR U OF MICH, MI US",2017-10-07,,,0.06,0.0,0.0,,82.0,61.0,78.0
USC00200230,"ANN ARBOR U OF MICH, MI US",2017-10-08,,,0.27,0.0,0.0,,78.0,60.0,67.0
USC00200230,"ANN ARBOR U OF MICH, MI US",2017-10-09,,,0.23,0.0,0.0,,78.0,61.0,75.0
USC00200230,"ANN ARBOR U OF MICH, MI US",2017-10-10,,,0.0,0.0,0.0,,75.0,49.0,65.0
USC00200230,"ANN ARBOR U OF MICH, MI US",2017-10-11,,,1.6,0.0,0.0,,65.0,51.0,51.0
USC00200230,"ANN ARBOR U OF MICH, MI US",2017-10-12,,,0.03,0.0,0.0,,55.0,49.0,54.0
USC00200230,"ANN ARBOR U OF MICH, MI US",2017-10-13,,,0.05,0.0,0.0,,71.0,54.0,67.0
USC00200230,"ANN ARBOR U OF MICH, MI US",2017-10-14,,,0.35,0.0,0.0,,67.0,57.0,61.0
USC00200230,"ANN ARBOR U OF MICH, MI US",2017-10-15,,,0.46,0.0,0.0,,71.0,55.0,55.0
USC00200230,"ANN ARBOR U OF MICH, MI US",2017-10-16,,,0.0,0.0,0.0,,57.0,38.0,54.0
USC00200230,"ANN ARBOR U OF MICH, MI US",2017-10-17,,,0.0,0.0,0.0,,69.0,34.0,66.0
USC00200230,"ANN ARBOR U OF MICH, MI US",2017-10-18,,,0.0,0.0,0.0,,69.0,36.0,66.0
USC00200230,"ANN ARBOR U OF MICH, MI US",2017-10-19,,,0.0,0.0,0.0,,69.0,47.0,64.0
USC00200230,"ANN ARBOR U OF MICH, MI US",2017-10-20,,,0.0,0.0,0.0,,75.0,35.0,70.0
USC00200230,"ANN ARBOR U OF MICH, MI US",2017-10-21,,,0.0,0.0,0.0,,74.0,42.0,69.0
USC00200230,"ANN ARBOR U OF MICH, MI US",2017-10-22,,,0.0,0.0,0.0,,79.0,42.0,72.0
USC00200230,"ANN ARBOR U OF MICH, MI US",2017-10-23,,,0.59,0.0,0.0,,72.0,56.0,61.0
USC00200230,"ANN ARBOR U OF MICH, MI US",2017-10-24,,,0.23,0.0,0.0,,61.0,46.0,46.0
USC00200230,"ANN ARBOR U OF MICH, MI US",2017-10-25,,,0.33,0.0,0.0,,51.0,40.0,45.0
USC00200230,"ANN ARBOR U OF MICH, MI US",2017-10-26,,,0.0,0.0,0.0,,54.0,28.0,49.0
USC00200230,"ANN ARBOR U OF MICH, MI US",2017-10-27,,,0.13,0.0,0.0,,57.0,38.0,43.0
USC00200230,"ANN ARBOR U OF MICH, MI US",2017-10-28,,,0.28,0.0,0.0,,44.0,34.0,41.0
USC00200230,"ANN ARBOR U OF MICH, MI US",2017-10-29,,,0.0,0.0,0.0,,45.0,34.0,43.0
USC00200230,"ANN ARBOR U OF MICH, MI US",2017-10-30,,,0.06,0.1,0.0,,44.0,34.0,42.0
USC00200230,"ANN ARBOR U OF MICH, MI US",2017-10-31,,,0.01,0.1,0.0,,42.0,36.0,38.0
USC00200230,"ANN ARBOR U OF MICH, MI US",2017-11-01,,,0.0,0.0,0.0,,41.0,31.0,41.0
USC00200230,"ANN ARBOR U OF MICH, MI US",2017-11-02,,,0.84,0.0,0.0,,57.0,40.0,57.0
USC00200230,"ANN ARBOR U OF MICH, MI US",2017-11-03,,,0.08,0.0,0.0,,58.0,41.0,45.0
USC00200230,"ANN ARBOR U OF MICH, MI US",2017-11-04,,,0.12,0.0,0.0,,51.0,32.0,45.0
USC00200230,"ANN ARBOR U OF MICH, MI US",2017-11-05,,,0.64,0.0,0.0,,62.0,44.0,56.0
USC00200230,"ANN ARBOR U OF MICH, MI US",2017-11-06,,,0.0,0.0,0.0,,56.0,39.0,39.0
USC00200230,"ANN ARBOR U OF MICH, MI US",2017-11-07,,,0.0,0.0,0.0,,48.0,31.0,39.0
USC00200230,"ANN ARBOR U OF MICH, MI US",2017-11-08,,,0.0,0.0,0.0,,49.0,23.0,38.0
USC00200230,"ANN ARBOR U OF MICH, MI US",2017-11-09,,,0.0,0.0,0.0,,47.0,24.0,35.0
USC00200230,"ANN ARBOR U OF MICH, MI US",2017-11-10,,,0.03,0.4,0.0,,35.0,16.0,22.0
USC00200230,"ANN ARBOR U OF MICH, MI US",2017-11-11,,,0.0,0.0,0.0,,36.0,18.0,31.0
USC00200230,"ANN ARBOR U OF MICH, MI US",2017-11-12,,,0.16,0.0,0.0,,38.0,30.0,35.0
USC00200230,"ANN ARBOR U OF MICH, MI US",2017-11-13,,,0.1,0.0,0.0,,42.0,33.0,39.0
USC00200230,"ANN ARBOR U OF MICH, MI US",2017-11-14,,,0.0,0.0,0.0,,47.0,27.0,37.0
USC00200230,"ANN ARBOR U OF MICH, MI US",2017-11-15,,,0.27,0.0,0.0,,43.0,32.0,43.0
USC00200230,"ANN ARBOR U OF MICH, MI US",2017-11-16,,,0.06,0.0,0.0,,46.0,36.0,37.0
USC00200230,"ANN ARBOR U OF MICH, MI US",2017-11-17,,,0.0,0.0,0.0,,40.0,28.0,39.0
USC00200230,"ANN ARBOR U OF MICH, MI US",2017-11-18,,,1.7,0.0,0.0,,44.0,39.0,40.0
USC00200230,"ANN ARBOR U OF MICH, MI US",2017-11-19,,,0.23,1.0,0.0,,40.0,30.0,30.0
USC00200230,"ANN ARBOR U OF MICH, MI US",2017-11-20,,,0.0,0.0,0.0,,47.0,26.0,41.0
USC00200230,"ANN ARBOR U OF MICH, MI US",2017-11-21,,,0.06,0.0,0.0,,51.0,33.0,38.0
USC00200230,"ANN ARBOR U OF MICH, MI US",2017-11-22,,,0.03,0.0,0.0,,38.0,28.0,28.0
USC00200230,"ANN ARBOR U OF MICH, MI US",2017-11-23,,,0.0,0.0,0.0,,39.0,21.0,32.0
USC00200230,"ANN ARBOR U OF MICH, MI US",2017-11-24,,,0.0,0.0,0.0,,53.0,24.0,46.0
USC00200230,"ANN ARBOR U OF MICH, MI US",2017-11-25,,,0.0,0.0,0.0,,50.0,42.0,42.0
USC00200230,"ANN ARBOR U OF MICH, MI US",2017-11-26,,,0.0,0.0,0.0,,44.0,19.0,39.0
USC00200230,"ANN ARBOR U OF MICH, MI US",2017-11-27,,,0.0,0.0,0.0,,49.0,27.0,38.0
USC00200230,"ANN ARBOR U OF MICH, MI US",2017-11-28,,,0.0,0.0,0.0,,65.0,29.0,57.0
USC00200230,"ANN ARBOR U OF MICH, MI US",2017-11-29,,,0.0,0.0,0.0,,57.0,30.0,39.0
USC00200230,"ANN ARBOR U OF MICH, MI US",2017-11-30,,,0.14,0.0,0.0,,50.0,25.0,42.0
USC00200230,"ANN ARBOR U OF MICH, MI US",2017-12-01,,,0.0,0.0,0.0,,48.0,22.0,37.0
USC00200230,"ANN ARBOR U OF MICH, MI US",2017-12-02,,,0.0,0.0,0.0,,51.0,25.0,40.0
USC00200230,"ANN ARBOR U OF MICH, MI US",2017-12-03,,,0.0,0.0,0.0,,55.0,25.0,39.0
USC00200230,"ANN ARBOR U OF MICH, MI US",2017-12-04,,,0.0,0.0,0.0,,54.0,28.0,53.0
USC00200230,"ANN ARBOR U OF MICH, MI US",2017-12-05,,,0.02,0.0,0.0,,57.0,31.0,31.0
USC00200230,"ANN ARBOR U OF MICH, MI US",2017-12-06,,,0.0,0.0,0.0,,39.0,24.0,32.0
USC00200230,"ANN ARBOR U OF MICH, MI US",2017-12-07,,,0.04,0.8,0.0,,32.0,24.0,26.0
USC00200230,"ANN ARBOR U OF MICH, MI US",2017-12-08,,,0.01,0.3,0.0,,33.0,17.0,26.0
USC00200230,"ANN ARBOR U OF MICH, MI US",2017-12-09,,,0.13,2.0,2.0,,28.0,22.0,27.0
USC00200230,"ANN ARBOR U OF MICH, MI US",2017-12-10,,,0.01,0.2,2.0,,27.0,22.0,26.0
USC00200230,"ANN ARBOR U OF MICH, MI US",2017-12-11,,,0.19,3.3,4.0,,28.0,23.0,27.0
USC00200230,"ANN ARBOR U OF MICH, MI US",2017-12-12,,,0.2,2.5,6.0,,30.0,15.0,15.0
USC00200230,"ANN ARBOR U OF MICH, MI US",2017-12-13,,,0.33,4.1,8.0,,21.0,12.0,21.0
USC00200230,"ANN ARBOR U OF MICH, MI US",2017-12-14,,,0.24,3.0,10.0,,22.0,9.0,11.0
USC00200230,"ANN ARBOR U OF MICH, MI US",2017-12-15,,,0.05,1.4,9.0,,25.0,2.0,25.0
USC00200230,"ANN ARBOR U OF MICH, MI US",2017-12-16,,,0.05,1.2,8.0,,36.0,24.0,26.0
USC00200230,"ANN ARBOR U OF MICH, MI US",2017-12-17,,,0.0,0.0,7.0,,33.0,18.0,32.0
USC00200230,"ANN ARBOR U OF MICH, MI US",2017-12-18,,,0.04,0.0,4.0,,40.0,26.0,39.0
USC00200230,"ANN ARBOR U OF MICH, MI US",2017-12-19,,,0.02,0.0,1.0,,47.0,36.0,41.0
USC00200230,"ANN ARBOR U OF MICH, MI US",2017-12-20,,,0.0,0.0,1.0,,41.0,26.0,29.0
USC00200230,"ANN ARBOR U OF MICH, MI US",2017-12-21,,,0.0,0.0,1.0,,33.0,22.0,32.0
USC00200230,"ANN ARBOR U OF MICH, MI US",2017-12-22,,,0.0,0.0,0.0,,35.0,31.0,34.0
USC00200230,"ANN ARBOR U OF MICH, MI US",2017-12-23,,,0.05,0.6,1.0,,36.0,30.0,30.0
USC00200230,"ANN ARBOR U OF MICH, MI US",2017-12-24,,,0.24,2.5,3.0,,30.0,17.0,20.0
USC00200230,"ANN ARBOR U OF MICH, MI US",2017-12-25,,,0.31,4.3,6.0,,22.0,14.0,14.0
USC00200230,"ANN ARBOR U OF MICH, MI US",2017-12-26,,,0.14,2.5,7.0,,15.0,-5.0,9.0
USC00200230,"ANN ARBOR U OF MICH, MI US",2017-12-27,,,0.01,0.2,7.0,,12.0,-13.0,5.0
USC00200230,"ANN ARBOR U OF MICH, MI US",2017-12-28,,,0.0,0.0,6.0,,15.0,-17.0,10.0
USC00200230,"ANN ARBOR U OF MICH, MI US",2017-12-29,,,0.07,0.9,7.0,,19.0,9.0,16.0
USC00200230,"ANN ARBOR U OF MICH, MI US",2017-12-30,,,0.08,1.2,8.0,,16.0,8.0,8.0
USC00200230,"ANN ARBOR U OF MICH, MI US",2017-12-31,,,0.0,0.0,7.0,,16.0,0.0,7.0
USC00200230,"ANN ARBOR U OF MICH, MI US",2018-01-01,,,0.0,0.1,7.0,,12.0,-11.0,9.0
USC00200230,"ANN ARBOR U OF MICH, MI US",2018-01-02,,,0.0,0.1,7.0,,17.0,7.0,7.0
USC00200230,"ANN ARBOR U OF MICH, MI US",2018-01-03,,,0.04,1.0,8.0,,14.0,-1.0,14.0
USC00200230,"ANN ARBOR U OF MICH, MI US",2018-01-04,,,0.03,0.7,8.0,,15.0,5.0,5.0
USC00200230,"ANN ARBOR U OF MICH, MI US",2018-01-05,,,0.0,0.0,7.0,,6.0,-5.0,3.0
USC00200230,"ANN ARBOR U OF MICH, MI US",2018-01-06,,,0.0,0.0,7.0,,10.0,-5.0,5.0
USC00200230,"ANN ARBOR U OF MICH, MI US",2018-01-07,,,0.0,0.0,7.0,,22.0,-13.0,22.0
USC00200230,"ANN ARBOR U OF MICH, MI US",2018-01-08,,,0.27,2.3,8.0,,39.0,22.0,33.0
USC00200230,"ANN ARBOR U OF MICH, MI US",2018-01-09,,,0.0,0.0,7.0,,38.0,26.0,28.0
USC00200230,"ANN ARBOR U OF MICH, MI US",2018-01-10,,,0.03,0.0,7.0,,40.0,24.0,40.0
USC00200230,"ANN ARBOR U OF MICH, MI US",2018-01-11,,,0.02,0.0,0.0,,55.0,40.0,54.0
USC00200230,"ANN ARBOR U OF MICH, MI US",2018-01-12,,,0.36,1.6,1.0,,54.0,17.0,17.0
USC00200230,"ANN ARBOR U OF MICH, MI US",2018-01-13,,,0.02,0.2,1.0,,17.0,7.0,13.0
USC00200230,"ANN ARBOR U OF MICH, MI US",2018-01-14,,,0.0,0.1,1.0,,18.0,-1.0,16.0
USC00200230,"ANN ARBOR U OF MICH, MI US",2018-01-15,,,0.1,2.3,3.0,,20.0,14.0,18.0
USC00200230,"ANN ARBOR U OF MICH, MI US",2018-01-16,,,0.06,1.2,4.0,,19.0,11.0,11.0
USC00200230,"ANN ARBOR U OF MICH, MI US",2018-01-17,,,0.0,0.1,3.0,,26.0,-2.0,19.0
USC00200230,"ANN ARBOR U OF MICH, MI US",2018-01-18,,,0.0,0.0,3.0,,31.0,13.0,25.0
USC00200230,"ANN ARBOR U OF MICH, MI US",2018-01-19,,,0.0,0.0,2.0,,37.0,18.0,31.0
USC00200230,"ANN ARBOR U OF MICH, MI US",2018-01-20,,,0.0,0.0,1.0,,44.0,28.0,37.0
USC00200230,"ANN ARBOR U OF MICH, MI US",2018-01-21,,,0.0,0.0,0.0,,40.0,29.0,38.0
USC00200230,"ANN ARBOR U OF MICH, MI US",2018-01-22,,,0.41,0.0,0.0,,52.0,36.0,49.0
USC00200230,"ANN ARBOR U OF MICH, MI US",2018-01-23,,,0.16,0.0,0.0,,49.0,30.0,30.0
USC00200230,"ANN ARBOR U OF MICH, MI US",2018-01-24,,,0.0,0.0,0.0,,30.0,24.0,26.0
USC00200230,"ANN ARBOR U OF MICH, MI US",2018-01-25,,,0.0,0.0,0.0,,34.0,24.0,29.0
USC00200230,"ANN ARBOR U OF MICH, MI US",2018-01-26,,,0.0,0.0,0.0,,52.0,18.0,45.0
USC00200230,"ANN ARBOR U OF MICH, MI US",2018-01-27,,,0.0,0.0,0.0,,53.0,43.0,44.0
USC00200230,"ANN ARBOR U OF MICH, MI US",2018-01-28,,,0.0,0.0,0.0,,48.0,26.0,39.0
USC00200230,"ANN ARBOR U OF MICH, MI US",2018-01-29,,,0.21,3.0,3.0,,39.0,20.0,20.0
USC00200230,"ANN ARBOR U OF MICH, MI US",2018-01-30,,,0.0,0.1,2.0,,23.0,13.0,20.0
USC00200230,"ANN ARBOR U OF MICH, MI US",2018-01-31,,,0.0,0.0,1.0,,41.0,11.0,37.0
USC00200230,"ANN ARBOR U OF MICH, MI US",2018-02-01,,,0.0,0.0,1.0,,37.0,16.0,16.0
USC00200230,"ANN ARBOR U OF MICH, MI US",2018-02-02,,,0.0,0.0,0.0,,18.0,8.0,17.0
USC00200230,"ANN ARBOR U OF MICH, MI US",2018-02-03,,,0.02,0.2,1.0,,30.0,8.0,30.0
USC00200230,"ANN ARBOR U OF MICH, MI US",2018-02-04,,,0.31,4.4,5.0,,34.0,17.0,17.0
USC00200230,"ANN ARBOR U OF MICH, MI US",2018-02-05,,,0.05,0.6,5.0,,21.0,-3.0,16.0
USC00200230,"ANN ARBOR U OF MICH, MI US",2018-02-06,,,0.09,1.1,5.0,,26.0,1.0,18.0
USC00200230,"ANN ARBOR U OF MICH, MI US",2018-02-07,,,0.15,2.4,7.0,,25.0,14.0,20.0
USC00200230,"ANN ARBOR U OF MICH, MI US",2018-02-08,,,0.01,0.3,6.0,,23.0,1.0,18.0
USC00200230,"ANN ARBOR U OF MICH, MI US",2018-02-09,,,0.63,7.0,12.0,,25.0,13.0,23.0
USC00200230,"ANN ARBOR U OF MICH, MI US",2018-02-10,,,0.28,2.9,13.0,,23.0,19.0,23.0
USC00200230,"ANN ARBOR U OF MICH, MI US",2018-02-11,,,0.22,0.8,12.0,,28.0,20.0,24.0
USC00200230,"ANN ARBOR U OF MICH, MI US",2018-02-12,,,0.0,0.0,11.0,,30.0,13.0,24.0
USC00200230,"ANN ARBOR U OF MICH, MI US",2018-02-13,,,0.0,0.0,11.0,,30.0,0.0,26.0
USC00200230,"ANN ARBOR U OF MICH, MI US",2018-02-14,,,0.0,0.0,10.0,,45.0,12.0,38.0
USC00200230,"ANN ARBOR U OF MICH, MI US",2018-02-15,,,0.06,0.0,5.0,,47.0,36.0,42.0
USC00200230,"ANN ARBOR U OF MICH, MI US",2018-02-16,,,0.02,0.0,5.0,,44.0,28.0,28.0
USC00200230,"ANN ARBOR U OF MICH, MI US",2018-02-17,,,0.0,0.0,4.0,,34.0,9.0,31.0
USC00200230,"ANN ARBOR U OF MICH, MI US",2018-02-18,,,0.01,0.2,4.0,,38.0,24.0,31.0
USC00200230,"ANN ARBOR U OF MICH, MI US",2018-02-19,,,0.44,0.0,3.0,,50.0,27.0,49.0
USC00200230,"ANN ARBOR U OF MICH, MI US",2018-02-20,,,1.46,0.0,0.0,,60.0,47.0,57.0
USC00200230,"ANN ARBOR U OF MICH, MI US",2018-02-21,,,0.48,0.0,0.0,,61.0,35.0,35.0
USC00200230,"ANN ARBOR U OF MICH, MI US",2018-02-22,,,0.0,0.0,0.0,,41.0,28.0,37.0
USC00200230,"ANN ARBOR U OF MICH, MI US",2018-02-23,,,0.11,0.0,0.0,,48.0,33.0,44.0
USC00200230,"ANN ARBOR U OF MICH, MI US",2018-02-24,,,0.0,0.0,0.0,,44.0,34.0,37.0
USC00200230,"ANN ARBOR U OF MICH, MI US",2018-02-25,,,0.07,0.0,0.0,,47.0,35.0,40.0
USC00200230,"ANN ARBOR U OF MICH, MI US",2018-02-26,,,0.0,0.0,0.0,,52.0,26.0,48.0
USC00200230,"ANN ARBOR U OF MICH, MI US",2018-02-27,,,0.0,0.0,0.0,,59.0,23.0,53.0
USC00200230,"ANN ARBOR U OF MICH, MI US",2018-02-28,,,0.0,0.0,0.0,,63.0,32.0,53.0
USC00200230,"ANN ARBOR U OF MICH, MI US",2018-03-01,,,1.62,5.7,5.0,,53.0,32.0,32.0
USC00200230,"ANN ARBOR U OF MICH, MI US",2018-03-02,,,0.17,2.2,4.0,,40.0,26.0,37.0
USC00200230,"ANN ARBOR U OF MICH, MI US",2018-03-03,,,0.0,0.0,3.0,,41.0,19.0,38.0
USC00200230,"ANN ARBOR U OF MICH, MI US",2018-03-04,,,0.0,0.0,1.0,,42.0,16.0,36.0
USC00200230,"ANN ARBOR U OF MICH, MI US",2018-03-05,,,0.0,0.0,1.0,,38.0,20.0,33.0
USC00200230,"ANN ARBOR U OF MICH, MI US",2018-03-06,,,0.07,0.3,0.0,,43.0,30.0,36.0
USC00200230,"ANN ARBOR U OF MICH, MI US",2018-03-07,,,0.37,3.9,2.0,,36.0,29.0,29.0
USC00200230,"ANN ARBOR U OF MICH, MI US",2018-03-08,,,0.03,0.6,1.0,,31.0,18.0,29.0
USC00200230,"ANN ARBOR U OF MICH, MI US",2018-03-09,,,0.02,0.5,1.0,,32.0,24.0,30.0
USC00200230,"ANN ARBOR U OF MICH, MI US",2018-03-10,,,0.0,0.0,0.0,,36.0,15.0,30.0
USC00200230,"ANN ARBOR U OF MICH, MI US",2018-03-11,,,0.0,0.0,0.0,,39.0,15.0,35.0
USC00200230,"ANN ARBOR U OF MICH, MI US",2018-03-12,,,0.07,1.0,0.0,,35.0,16.0,35.0
USC00200230,"ANN ARBOR U OF MICH, MI US",2018-03-13,,,0.02,0.4,0.0,,36.0,25.0,31.0
USC00200230,"ANN ARBOR U OF MICH, MI US",2018-03-14,,,0.0,0.0,0.0,,39.0,21.0,37.0
USC00200230,"ANN ARBOR U OF MICH, MI US",2018-03-15,,,0.0,0.0,0.0,,37.0,28.0,34.0
USC00200230,"ANN ARBOR U OF MICH, MI US",2018-03-16,,,0.0,0.0,0.0,,38.0,19.0,36.0
USC00200230,"ANN ARBOR U OF MICH, MI US",2018-03-17,,,0.0,0.0,0.0,,48.0,18.0,46.0
USC00200230,"ANN ARBOR U OF MICH, MI US",2018-03-18,,,0.0,0.0,0.0,,57.0,19.0,55.0
USC00200230,"ANN ARBOR U OF MICH, MI US",2018-03-19,,,0.0,0.0,0.0,,55.0,28.0,41.0
USC00200230,"ANN ARBOR U OF MICH, MI US",2018-03-20,,,0.0,0.0,0.0,,44.0,24.0,39.0
USC00200230,"ANN ARBOR U OF MICH, MI US",2018-03-21,,,0.0,0.0,0.0,,41.0,27.0,39.0
USC00200230,"ANN ARBOR U OF MICH, MI US",2018-03-22,,,0.0,0.0,0.0,,45.0,24.0,42.0
USC00200230,"ANN ARBOR U OF MICH, MI US",2018-03-23,,,0.0,0.0,0.0,,42.0,24.0,39.0
USC00200230,"ANN ARBOR U OF MICH, MI US",2018-03-24,,,0.0,0.0,0.0,,43.0,17.0,37.0
USC00200230,"ANN ARBOR U OF MICH, MI US",2018-03-25,,,0.0,0.0,0.0,,40.0,19.0,37.0
USC00200230,"ANN ARBOR U OF MICH, MI US",2018-03-26,,,0.0,0.0,0.0,,50.0,29.0,47.0
USC00200230,"ANN ARBOR U OF MICH, MI US",2018-03-27,,,0.47,0.0,0.0,,53.0,39.0,52.0
USC00200230,"ANN ARBOR U OF MICH, MI US",2018-03-28,,,0.02,0.0,0.0,,52.0,39.0,44.0
USC00200230,"ANN ARBOR U OF MICH, MI US",2018-03-29,,,0.25,0.0,0.0,,44.0,39.0,43.0
USC00200230,"ANN ARBOR U OF MICH, MI US",2018-03-30,,,0.14,0.0,0.0,,45.0,30.0,43.0
USC00200230,"ANN ARBOR U OF MICH, MI US",2018-03-31,,,0.1,0.0,0.0,,47.0,23.0,46.0
USC00200230,"ANN ARBOR U OF MICH, MI US",2018-04-01,,,0.02,0.0,0.0,,49.0,28.0,37.0
USC00200230,"ANN ARBOR U OF MICH, MI US",2018-04-02,,,0.0,0.0,0.0,,44.0,16.0,42.0
USC00200230,"ANN ARBOR U OF MICH, MI US",2018-04-03,,,0.2,0.0,0.0,,42.0,30.0,37.0
USC00200230,"ANN ARBOR U OF MICH, MI US",2018-04-04,,,0.65,0.8,0.0,,37.0,30.0,31.0
USC00200230,"ANN ARBOR U OF MICH, MI US",2018-04-05,,,0.0,0.0,0.0,,43.0,24.0,39.0
USC00200230,"ANN ARBOR U OF MICH, MI US",2018-04-06,,,0.12,1.8,0.0,,43.0,31.0,32.0
USC00200230,"ANN ARBOR U OF MICH, MI US",2018-04-07,,,0.0,0.1,0.0,,38.0,20.0,32.0
USC00200230,"ANN ARBOR U OF MICH, MI US",2018-04-08,,,0.0,0.0,0.0,,40.0,14.0,38.0
USC00200230,"ANN ARBOR U OF MICH, MI US",2018-04-09,,,0.04,0.8,0.0,,38.0,29.0,36.0
USC00200230,"ANN ARBOR U OF MICH, MI US",2018-04-10,,,0.02,0.5,0.0,,46.0,27.0,42.0
USC00200230,"ANN ARBOR U OF MICH, MI US",2018-04-11,,,0.02,0.2,0.0,,57.0,32.0,56.0
USC00200230,"ANN ARBOR U OF MICH, MI US",2018-04-12,,,0.08,0.0,0.0,,74.0,40.0,69.0
USC00200230,"ANN ARBOR U OF MICH, MI US",2018-04-13,,,0.0,0.0,0.0,,69.0,38.0,57.0
USC00200230,"ANN ARBOR U OF MICH, MI US",2018-04-14,,,0.83,0.0,0.0,,57.0,35.0,35.0
USC00200230,"ANN ARBOR U OF MICH, MI US",2018-04-15,,,1.21,0.3,0.0,,37.0,29.0,37.0
USC00200230,"ANN ARBOR U OF MICH, MI US",2018-04-16,,,0.08,0.1,0.0,,37.0,34.0,35.0
USC00200230,"ANN ARBOR U OF MICH, MI US",2018-04-17,,,0.12,1.9,0.0,,35.0,27.0,35.0
USC00200230,"ANN ARBOR U OF MICH, MI US",2018-04-18,,,0.0,0.0,0.0,,47.0,31.0,43.0
USC00200230,"ANN ARBOR U OF MICH, MI US",2018-04-19,,,0.02,0.1,0.0,,53.0,32.0,52.0
USC00200230,"ANN ARBOR U OF MICH, MI US",2018-04-20,,,0.0,0.0,0.0,,56.0,29.0,53.0
USC00200230,"ANN ARBOR U OF MICH, MI US",2018-04-21,,,0.0,0.0,0.0,,57.0,26.0,54.0
USC00200230,"ANN ARBOR U OF MICH, MI US",2018-04-22,,,0.0,0.0,0.0,,62.0,27.0,59.0
USC00200230,"ANN ARBOR U OF MICH, MI US",2018-04-23,,,0.0,0.0,0.0,,72.0,31.0,67.0
USC00200230,"ANN ARBOR U OF MICH, MI US",2018-04-24,,,0.11,0.0,0.0,,67.0,50.0,52.0
USC00200230,"ANN ARBOR U OF MICH, MI US",2018-04-25,,,0.11,0.0,0.0,,61.0,45.0,57.0
USC00200230,"ANN ARBOR U OF MICH, MI US",2018-04-26,,,0.0,0.0,0.0,,64.0,29.0,63.0
USC00200230,"ANN ARBOR U OF MICH, MI US",2018-04-27,,,0.01,0.0,0.0,,64.0,33.0,60.0
USC00200230,"ANN ARBOR U OF MICH, MI US",2018-04-28,,,0.17,0.0,0.0,,60.0,36.0,53.0
USC00200230,"ANN ARBOR U OF MICH, MI US",2018-04-29,,,0.0,0.0,0.0,,57.0,27.0,54.0
USC00200230,"ANN ARBOR U OF MICH, MI US",2018-04-30,,,0.0,0.0,0.0,,71.0,28.0,69.0
USC00200230,"ANN ARBOR U OF MICH, MI US",2018-05-01,,,0.0,0.0,0.0,,83.0,44.0,81.0
USC00200230,"ANN ARBOR U OF MICH, MI US",2018-05-02,,,0.0,0.0,0.0,,84.0,56.0,80.0
USC00200230,"ANN ARBOR U OF MICH, MI US",2018-05-03,,,1.31,0.0,0.0,,80.0,60.0,68.0
USC00200230,"ANN ARBOR U OF MICH, MI US",2018-05-04,,,0.26,0.0,0.0,,74.0,57.0,63.0
USC00200230,"ANN ARBOR U OF MICH, MI US",2018-05-05,,,0.0,0.0,0.0,,77.0,45.0,73.0
USC00200230,"ANN ARBOR U OF MICH, MI US",2018-05-06,,,0.0,0.0,0.0,,76.0,50.0,65.0
USC00200230,"ANN ARBOR U OF MICH, MI US",2018-05-07,,,0.0,0.0,0.0,,69.0,41.0,65.0
USC00200230,"ANN ARBOR U OF MICH, MI US",2018-05-08,,,0.0,0.0,0.0,,77.0,38.0,75.0
USC00200230,"ANN ARBOR U OF MICH, MI US",2018-05-09,,,0.0,0.0,0.0,,80.0,44.0,74.0
USC00200230,"ANN ARBOR U OF MICH, MI US",2018-05-10,,,0.31,0.0,0.0,,74.0,59.0,67.0
USC00200230,"ANN ARBOR U OF MICH, MI US",2018-05-11,,,0.23,0.0,0.0,,67.0,41.0,44.0
USC00200230,"ANN ARBOR U OF MICH, MI US",2018-05-12,,,1.36,0.0,0.0,,50.0,41.0,50.0
USC00200230,"ANN ARBOR U OF MICH, MI US",2018-05-13,,,0.69,0.0,0.0,,62.0,43.0,61.0
USC00200230,"ANN ARBOR U OF MICH, MI US",2018-05-14,,,0.27,0.0,0.0,,76.0,49.0,74.0
USC00200230,"ANN ARBOR U OF MICH, MI US",2018-05-15,,,0.54,0.0,0.0,,74.0,60.0,70.0
USC00200230,"ANN ARBOR U OF MICH, MI US",2018-05-16,,,0.0,0.0,0.0,,79.0,45.0,73.0
USC00200230,"ANN ARBOR U OF MICH, MI US",2018-05-17,,,0.0,0.0,0.0,,81.0,47.0,73.0
USC00200230,"ANN ARBOR U OF MICH, MI US",2018-05-18,,,0.0,0.0,0.0,,74.0,50.0,68.0
USC00200230,"ANN ARBOR U OF MICH, MI US",2018-05-19,,,1.09,0.0,0.0,,79.0,55.0,69.0
USC00200230,"ANN ARBOR U OF MICH, MI US",2018-05-20,,,0.03,0.0,0.0,,69.0,57.0,61.0
USC00200230,"ANN ARBOR U OF MICH, MI US",2018-05-21,,,0.22,0.0,0.0,,66.0,47.0,53.0
USC00200230,"ANN ARBOR U OF MICH, MI US",2018-05-22,,,0.25,0.0,0.0,,74.0,49.0,64.0
USC00200230,"ANN ARBOR U OF MICH, MI US",2018-05-23,,,0.0,0.0,0.0,,80.0,48.0,78.0
USC00200230,"ANN ARBOR U OF MICH, MI US",2018-05-24,,,0.0,0.0,0.0,,82.0,47.0,79.0
USC00200230,"ANN ARBOR U OF MICH, MI US",2018-05-25,,,0.0,0.0,0.0,,86.0,49.0,83.0
USC00200230,"ANN ARBOR U OF MICH, MI US",2018-05-26,,,0.0,0.0,0.0,,83.0,57.0,78.0
USC00200230,"ANN ARBOR U OF MICH, MI US",2018-05-27,,,0.05,0.0,0.0,,91.0,62.0,89.0
USC00200230,"ANN ARBOR U OF MICH, MI US",2018-05-28,,,0.0,0.0,0.0,,94.0,61.0,89.0
USC00200230,"ANN ARBOR U OF MICH, MI US",2018-05-29,,,0.0,0.0,0.0,,90.0,63.0,88.0
USC00200230,"ANN ARBOR U OF MICH, MI US",2018-05-30,,,0.0,0.0,0.0,,88.0,64.0,82.0
USC00200230,"ANN ARBOR U OF MICH, MI US",2018-05-31,,,0.13,0.0,0.0,,88.0,70.0,81.0
USC00200230,"ANN ARBOR U OF MICH, MI US",2018-06-01,,,0.46,0.0,0.0,,85.0,68.0,71.0
USC00200230,"ANN ARBOR U OF MICH, MI US",2018-06-02,,,0.02,0.0,0.0,,75.0,54.0,67.0
USC00200230,"ANN ARBOR U OF MICH, MI US",2018-06-03,,,0.7,0.0,0.0,,75.0,55.0,71.0
USC00200230,"ANN ARBOR U OF MICH, MI US",2018-06-04,,,0.0,0.0,0.0,,71.0,57.0,69.0
USC00200230,"ANN ARBOR U OF MICH, MI US",2018-06-05,,,0.11,0.0,0.0,,69.0,55.0,63.0
USC00200230,"ANN ARBOR U OF MICH, MI US",2018-06-06,,,0.0,0.0,0.0,,72.0,41.0,69.0
USC00200230,"ANN ARBOR U OF MICH, MI US",2018-06-07,,,0.0,0.0,0.0,,82.0,54.0,79.0
USC00200230,"ANN ARBOR U OF MICH, MI US",2018-06-08,,,0.0,0.0,0.0,,83.0,56.0,78.0
USC00200230,"ANN ARBOR U OF MICH, MI US",2018-06-09,,,0.37,0.0,0.0,,78.0,60.0,67.0
USC00200230,"ANN ARBOR U OF MICH, MI US",2018-06-10,,,0.03,0.0,0.0,,67.0,60.0,65.0
USC00200230,"ANN ARBOR U OF MICH, MI US",2018-06-11,,,0.0,0.0,0.0,,78.0,57.0,75.0
USC00200230,"ANN ARBOR U OF MICH, MI US",2018-06-12,,,0.0,0.0,0.0,,77.0,54.0,72.0
USC00200230,"ANN ARBOR U OF MICH, MI US",2018-06-13,,,0.0,0.0,0.0,,83.0,63.0,77.0
USC00200230,"ANN ARBOR U OF MICH, MI US",2018-06-14,,,0.0,0.0,0.0,,83.0,49.0,79.0
USC00200230,"ANN ARBOR U OF MICH, MI US",2018-06-15,,,0.0,0.0,0.0,,83.0,50.0,80.0
USC00200230,"ANN ARBOR U OF MICH, MI US",2018-06-16,,,0.05,0.0,0.0,,83.0,63.0,82.0
USC00200230,"ANN ARBOR U OF MICH, MI US",2018-06-17,,,0.0,0.0,0.0,,95.0,61.0,91.0
USC00200230,"ANN ARBOR U OF MICH, MI US",2018-06-18,,,0.0,0.0,0.0,,93.0,73.0,88.0
USC00200230,"ANN ARBOR U OF MICH, MI US",2018-06-19,,,0.72,0.0,0.0,,88.0,65.0,74.0
USC00200230,"ANN ARBOR U OF MICH, MI US",2018-06-20,,,0.4,0.0,0.0,,74.0,55.0,70.0
USC00200230,"ANN ARBOR U OF MICH, MI US",2018-06-21,,,0.0,0.0,0.0,,79.0,53.0,73.0
USC00200230,"ANN ARBOR U OF MICH, MI US",2018-06-22,,,0.12,0.0,0.0,,73.0,61.0,64.0
USC00200230,"ANN ARBOR U OF MICH, MI US",2018-06-23,,,0.06,0.0,0.0,,80.0,62.0,74.0
USC00200230,"ANN ARBOR U OF MICH, MI US",2018-06-24,,,0.03,0.0,0.0,,75.0,63.0,72.0
USC00200230,"ANN ARBOR U OF MICH, MI US",2018-06-25,,,0.0,0.0,0.0,,77.0,52.0,74.0
USC00200230,"ANN ARBOR U OF MICH, MI US",2018-06-26,,,0.0,0.0,0.0,,79.0,48.0,75.0
USC00200230,"ANN ARBOR U OF MICH, MI US",2018-06-27,,,0.17,0.0,0.0,,77.0,65.0,70.0
USC00200230,"ANN ARBOR U OF MICH, MI US",2018-06-28,,,0.02,0.0,0.0,,87.0,63.0,84.0
USC00200230,"ANN ARBOR U OF MICH, MI US",2018-06-29,,,0.0,0.0,0.0,,90.0,61.0,88.0
USC00200230,"ANN ARBOR U OF MICH, MI US",2018-06-30,,,0.0,0.0,0.0,,93.0,70.0,90.0
USC00200230,"ANN ARBOR U OF MICH, MI US",2018-07-01,,,0.0,0.0,0.0,,93.0,67.0,88.0
USC00200230,"ANN ARBOR U OF MICH, MI US",2018-07-02,,,0.0,0.0,0.0,,89.0,74.0,85.0
USC00200230,"ANN ARBOR U OF MICH, MI US",2018-07-03,,,0.0,0.0,0.0,,91.0,61.0,88.0
USC00200230,"ANN ARBOR U OF MICH, MI US",2018-07-04,,,0.0,0.0,0.0,,93.0,68.0,91.0
USC00200230,"ANN ARBOR U OF MICH, MI US",2018-07-05,,,0.19,0.0,0.0,,92.0,71.0,89.0
USC00200230,"ANN ARBOR U OF MICH, MI US",2018-07-06,,,0.0,0.0,0.0,,89.0,64.0,75.0
USC00200230,"ANN ARBOR U OF MICH, MI US",2018-07-07,,,0.0,0.0,0.0,,82.0,44.0,78.0
USC00200230,"ANN ARBOR U OF MICH, MI US",2018-07-08,,,0.0,0.0,0.0,,87.0,47.0,83.0
USC00200230,"ANN ARBOR U OF MICH, MI US",2018-07-09,,,0.0,0.0,0.0,,90.0,52.0,87.0
USC00200230,"ANN ARBOR U OF MICH, MI US",2018-07-10,,,0.0,0.0,0.0,,88.0,59.0,83.0
USC00200230,"ANN ARBOR U OF MICH, MI US",2018-07-11,,,0.0,0.0,0.0,,85.0,51.0,82.0
USC00200230,"ANN ARBOR U OF MICH, MI US",2018-07-12,,,0.0,0.0,0.0,,85.0,50.0,81.0
USC00200230,"ANN ARBOR U OF MICH, MI US",2018-07-13,,,0.0,0.0,0.0,,91.0,58.0,87.0
USC00200230,"ANN ARBOR U OF MICH, MI US",2018-07-14,,,0.0,0.0,0.0,,87.0,64.0,79.0
USC00200230,"ANN ARBOR U OF MICH, MI US",2018-07-15,,,0.01,0.0,0.0,,92.0,65.0,83.0
USC00200230,"ANN ARBOR U OF MICH, MI US",2018-07-16,,,0.06,0.0,0.0,,91.0,66.0,82.0
USC00200230,"ANN ARBOR U OF MICH, MI US",2018-07-17,,,0.0,0.0,0.0,,84.0,57.0,79.0
USC00200230,"ANN ARBOR U OF MICH, MI US",2018-07-18,,,0.0,0.0,0.0,,82.0,52.0,79.0
USC00200230,"ANN ARBOR U OF MICH, MI US",2018-07-19,,,0.0,0.0,0.0,,84.0,52.0,79.0
USC00200230,"ANN ARBOR U OF MICH, MI US",2018-07-20,,,0.08,0.0,0.0,,80.0,56.0,77.0
USC00200230,"ANN ARBOR U OF MICH, MI US",2018-07-21,,,0.03,0.0,0.0,,77.0,65.0,71.0
USC00200230,"ANN ARBOR U OF MICH, MI US",2018-07-22,,,0.04,0.0,0.0,,74.0,66.0,68.0
USC00200230,"ANN ARBOR U OF MICH, MI US",2018-07-23,,,0.0,0.0,0.0,,78.0,57.0,76.0
USC00200230,"ANN ARBOR U OF MICH, MI US",2018-07-24,,,0.04,0.0,0.0,,82.0,65.0,80.0
USC00200230,"ANN ARBOR U OF MICH, MI US",2018-07-25,,,0.0,0.0,0.0,,88.0,63.0,84.0
USC00200230,"ANN ARBOR U OF MICH, MI US",2018-07-26,,,0.06,0.0,0.0,,84.0,59.0,79.0
USC00200230,"ANN ARBOR U OF MICH, MI US",2018-07-27,,,0.13,0.0,0.0,,81.0,53.0,75.0
USC00200230,"ANN ARBOR U OF MICH, MI US",2018-07-28,,,0.0,0.0,0.0,,81.0,54.0,77.0
USC00200230,"ANN ARBOR U OF MICH, MI US",2018-07-29,,,0.0,0.0,0.0,,83.0,55.0,80.0
USC00200230,"ANN ARBOR U OF MICH, MI US",2018-07-30,,,0.0,0.0,0.0,,80.0,54.0,75.0
USC00200230,"ANN ARBOR U OF MICH, MI US",2018-07-31,,,0.5,0.0,0.0,,80.0,56.0,65.0
USC00200230,"ANN ARBOR U OF MICH, MI US",2018-08-01,,,1.64,0.0,0.0,,81.0,63.0,66.0
USC00200230,"ANN ARBOR U OF MICH, MI US",2018-08-02,,,0.04,0.0,0.0,,84.0,56.0,80.0
USC00200230,"ANN ARBOR U OF MICH, MI US",2018-08-03,,,0.0,0.0,0.0,,86.0,60.0,82.0
USC00200230,"ANN ARBOR U OF MICH, MI US",2018-08-04,,,0.0,0.0,0.0,,88.0,57.0,84.0
USC00200230,"ANN ARBOR U OF MICH, MI US",2018-08-05,,,0.0,0.0,0.0,,90.0,63.0,88.0
USC00200230,"ANN ARBOR U OF MICH, MI US",2018-08-06,,,0.08,0.0,0.0,,88.0,71.0,73.0
USC00200230,"ANN ARBOR U OF MICH, MI US",2018-08-07,,,0.73,0.0,0.0,,84.0,68.0,79.0
USC00200230,"ANN ARBOR U OF MICH, MI US",2018-08-08,,,0.04,0.0,0.0,,83.0,68.0,81.0
USC00200230,"ANN ARBOR U OF MICH, MI US",2018-08-09,,,0.12,0.0,0.0,,85.0,61.0,75.0
USC00200230,"ANN ARBOR U OF MICH, MI US",2018-08-10,,,0.01,0.0,0.0,,83.0,63.0,81.0
USC00200230,"ANN ARBOR U OF MICH, MI US",2018-08-11,,,0.02,0.0,0.0,,86.0,54.0,76.0
USC00200230,"ANN ARBOR U OF MICH, MI US",2018-08-12,,,0.02,0.0,0.0,,84.0,61.0,75.0
USC00200230,"ANN ARBOR U OF MICH, MI US",2018-08-13,,,0.0,0.0,0.0,,85.0,57.0,82.0
USC00200230,"ANN ARBOR U OF MICH, MI US",2018-08-14,,,0.0,0.0,0.0,,87.0,59.0,83.0
USC00200230,"ANN ARBOR U OF MICH, MI US",2018-08-15,,,0.0,0.0,0.0,,86.0,63.0,81.0
USC00200230,"ANN ARBOR U OF MICH, MI US",2018-08-16,,,0.09,0.0,0.0,,81.0,67.0,74.0
USC00200230,"ANN ARBOR U OF MICH, MI US",2018-08-17,,,0.05,0.0,0.0,,80.0,70.0,76.0
USC00200230,"ANN ARBOR U OF MICH, MI US",2018-08-18,,,0.0,0.0,0.0,,84.0,66.0,80.0
USC00200230,"ANN ARBOR U OF MICH, MI US",2018-08-19,,,0.0,0.0,0.0,,82.0,65.0,77.0
USC00200230,"ANN ARBOR U OF MICH, MI US",2018-08-20,,,0.0,0.0,0.0,,82.0,58.0,74.0
USC00200230,"ANN ARBOR U OF MICH, MI US",2018-08-21,,,0.61,0.0,0.0,,81.0,69.0,74.0
USC00200230,"ANN ARBOR U OF MICH, MI US",2018-08-22,,,0.0,0.0,0.0,,74.0,59.0,71.0
USC00200230,"ANN ARBOR U OF MICH, MI US",2018-08-23,,,0.08,0.0,0.0,,81.0,52.0,76.0
USC00200230,"ANN ARBOR U OF MICH, MI US",2018-08-24,,,0.0,0.0,0.0,,76.0,49.0,71.0
USC00200230,"ANN ARBOR U OF MICH, MI US",2018-08-25,,,0.13,0.0,0.0,,75.0,66.0,73.0
USC00200230,"ANN ARBOR U OF MICH, MI US",2018-08-26,,,0.01,0.0,0.0,,86.0,64.0,84.0
USC00200230,"ANN ARBOR U OF MICH, MI US",2018-08-27,,,0.0,0.0,0.0,,89.0,69.0,85.0
USC00200230,"ANN ARBOR U OF MICH, MI US",2018-08-28,,,0.0,0.0,0.0,,90.0,73.0,85.0
USC00200230,"ANN ARBOR U OF MICH, MI US",2018-08-29,,,0.0,0.0,0.0,,85.0,70.0,78.0
USC00200230,"ANN ARBOR U OF MICH, MI US",2018-08-30,,,0.0,0.0,0.0,,78.0,55.0,72.0
USC00200230,"ANN ARBOR U OF MICH, MI US",2018-08-31,,,0.0,0.0,0.0,,82.0,52.0,76.0
USC00200230,"ANN ARBOR U OF MICH, MI US",2018-09-01,,,0.39,0.0,0.0,,85.0,58.0,77.0
USC00200230,"ANN ARBOR U OF MICH, MI US",2018-09-02,,,0.07,0.0,0.0,,89.0,70.0,85.0
USC00200230,"ANN ARBOR U OF MICH, MI US",2018-09-03,,,0.28,0.0,0.0,,87.0,69.0,73.0
USC00200230,"ANN ARBOR U OF MICH, MI US",2018-09-04,,,0.58,0.0,0.0,,90.0,65.0,86.0
USC00200230,"ANN ARBOR U OF MICH, MI US",2018-09-05,,,0.0,0.0,0.0,,91.0,67.0,86.0
USC00200230,"ANN ARBOR U OF MICH, MI US",2018-09-06,,,1.15,0.0,0.0,,86.0,66.0,70.0
USC00200230,"ANN ARBOR U OF MICH, MI US",2018-09-07,,,0.02,0.0,0.0,,71.0,60.0,65.0
USC00200230,"ANN ARBOR U OF MICH, MI US",2018-09-08,,,0.0,0.0,0.0,,65.0,57.0,63.0
USC00200230,"ANN ARBOR U OF MICH, MI US",2018-09-09,,,0.03,0.0,0.0,,63.0,53.0,58.0
USC00200230,"ANN ARBOR U OF MICH, MI US",2018-09-10,,,0.12,0.0,0.0,,63.0,53.0,63.0
USC00200230,"ANN ARBOR U OF MICH, MI US",2018-09-11,,,0.0,0.0,0.0,,76.0,56.0,73.0
USC00200230,"ANN ARBOR U OF MICH, MI US",2018-09-12,,,0.0,0.0,0.0,,76.0,47.0,71.0
USC00200230,"ANN ARBOR U OF MICH, MI US",2018-09-13,,,0.0,0.0,0.0,,77.0,52.0,74.0
USC00200230,"ANN ARBOR U OF MICH, MI US",2018-09-14,,,0.0,0.0,0.0,,82.0,59.0,77.0
USC00200230,"ANN ARBOR U OF MICH, MI US",2018-09-15,,,0.0,0.0,0.0,,86.0,61.0,81.0
USC00200230,"ANN ARBOR U OF MICH, MI US",2018-09-16,,,0.0,0.0,0.0,,85.0,60.0,80.0
USC00200230,"ANN ARBOR U OF MICH, MI US",2018-09-17,,,0.0,0.0,0.0,,86.0,59.0,82.0
USC00200230,"ANN ARBOR U OF MICH, MI US",2018-09-18,,,0.0,0.0,0.0,,87.0,60.0,80.0
USC00200230,"ANN ARBOR U OF MICH, MI US",2018-09-19,,,0.01,0.0,0.0,,80.0,63.0,73.0
USC00200230,"ANN ARBOR U OF MICH, MI US",2018-09-20,,,0.28,0.0,0.0,,79.0,59.0,74.0
USC00200230,"ANN ARBOR U OF MICH, MI US",2018-09-21,,,0.04,0.0,0.0,,81.0,65.0,74.0
USC00200230,"ANN ARBOR U OF MICH, MI US",2018-09-22,,,0.0,0.0,0.0,,74.0,47.0,59.0
USC00200230,"ANN ARBOR U OF MICH, MI US",2018-09-23,,,0.0,0.0,0.0,,71.0,38.0,66.0
USC00200230,"ANN ARBOR U OF MICH, MI US",2018-09-24,,,0.16,0.0,0.0,,66.0,45.0,64.0
USC00200230,"ANN ARBOR U OF MICH, MI US",2018-09-25,,,0.56,0.0,0.0,,75.0,64.0,74.0
USC00200230,"ANN ARBOR U OF MICH, MI US",2018-09-26,,,0.16,0.0,0.0,,74.0,60.0,61.0
USC00200230,"ANN ARBOR U OF MICH, MI US",2018-09-27,,,0.0,0.0,0.0,,62.0,39.0,59.0
USC00200230,"ANN ARBOR U OF MICH, MI US",2018-09-28,,,0.01,0.0,0.0,,69.0,40.0,59.0
USC00200230,"ANN ARBOR U OF MICH, MI US",2018-09-29,,,0.08,0.0,0.0,,62.0,36.0,59.0
USC00200230,"ANN ARBOR U OF MICH, MI US",2018-09-30,,,0.13,0.0,0.0,,65.0,44.0,60.0
USC00200230,"ANN ARBOR U OF MICH, MI US",2018-10-01,,,0.3,0.0,0.0,,60.0,52.0,54.0
USC00200230,"ANN ARBOR U OF MICH, MI US",2018-10-02,,,0.29,0.0,0.0,,70.0,53.0,61.0
USC00200230,"ANN ARBOR U OF MICH, MI US",2018-10-03,,,0.01,0.0,0.0,,82.0,55.0,75.0
USC00200230,"ANN ARBOR U OF MICH, MI US",2018-10-04,,,0.04,0.0,0.0,,75.0,58.0,58.0
USC00200230,"ANN ARBOR U OF MICH, MI US",2018-10-05,,,0.02,0.0,0.0,,59.0,38.0,58.0
USC00200230,"ANN ARBOR U OF MICH, MI US",2018-10-06,,,1.17,0.0,0.0,,78.0,57.0,73.0
USC00200230,"ANN ARBOR U OF MICH, MI US",2018-10-07,,,0.43,0.0,0.0,,73.0,55.0,59.0
USC00200230,"ANN ARBOR U OF MICH, MI US",2018-10-08,,,0.02,0.0,0.0,,83.0,54.0,78.0
USC00200230,"ANN ARBOR U OF MICH, MI US",2018-10-09,,,0.0,0.0,0.0,,85.0,60.0,79.0
USC00200230,"ANN ARBOR U OF MICH, MI US",2018-10-10,,,0.02,0.0,0.0,,79.0,57.0,72.0
USC00200230,"ANN ARBOR U OF MICH, MI US",2018-10-11,,,0.05,0.0,0.0,,72.0,48.0,48.0
USC00200230,"ANN ARBOR U OF MICH, MI US",2018-10-12,,,0.05,0.0,0.0,,48.0,41.0,41.0
USC00200230,"ANN ARBOR U OF MICH, MI US",2018-10-13,,,0.17,0.0,0.0,,53.0,38.0,49.0
USC00200230,"ANN ARBOR U OF MICH, MI US",2018-10-14,,,0.0,0.0,0.0,,60.0,31.0,54.0
USC00200230,"ANN ARBOR U OF MICH, MI US",2018-10-15,,,0.06,0.0,0.0,,54.0,44.0,44.0
USC00200230,"ANN ARBOR U OF MICH, MI US",2018-10-16,,,0.0,0.0,0.0,,56.0,26.0,52.0
USC00200230,"ANN ARBOR U OF MICH, MI US",2018-10-17,,,0.0,0.0,0.0,,52.0,38.0,44.0
USC00200230,"ANN ARBOR U OF MICH, MI US",2018-10-18,,,0.0,0.0,0.0,,53.0,23.0,49.0
USC00200230,"ANN ARBOR U OF MICH, MI US",2018-10-19,,,0.02,0.0,0.0,,58.0,32.0,48.0
USC00200230,"ANN ARBOR U OF MICH, MI US",2018-10-20,,,0.31,0.2,0.0,,55.0,37.0,39.0
USC00200230,"ANN ARBOR U OF MICH, MI US",2018-10-21,,,0.1,0.1,0.0,,44.0,34.0,42.0
USC00200230,"ANN ARBOR U OF MICH, MI US",2018-10-22,,,0.0,0.0,0.0,,59.0,30.0,53.0
USC00200230,"ANN ARBOR U OF MICH, MI US",2018-10-23,,,0.0,0.0,0.0,,55.0,33.0,49.0
USC00200230,"ANN ARBOR U OF MICH, MI US",2018-10-24,,,0.0,0.0,0.0,,49.0,31.0,44.0
USC00200230,"ANN ARBOR U OF MICH, MI US",2018-10-25,,,0.0,0.0,0.0,,49.0,23.0,45.0
USC00200230,"ANN ARBOR U OF MICH, MI US",2018-10-26,,,0.01,0.0,0.0,,51.0,36.0,47.0
USC00200230,"ANN ARBOR U OF MICH, MI US",2018-10-27,,,0.09,0.0,0.0,,47.0,41.0,42.0
USC00200230,"ANN ARBOR U OF MICH, MI US",2018-10-28,,,0.26,0.0,0.0,,45.0,38.0,45.0
USC00200230,"ANN ARBOR U OF MICH, MI US",2018-10-29,,,0.01,0.0,0.0,,52.0,39.0,48.0
USC00200230,"ANN ARBOR U OF MICH, MI US",2018-10-30,,,0.01,0.0,0.0,,54.0,29.0,49.0
USC00200230,"ANN ARBOR U OF MICH, MI US",2018-10-31,,,0.55,0.0,0.0,,56.0,48.0,51.0
USC00200230,"ANN ARBOR U OF MICH, MI US",2018-11-01,,,0.6,0.0,0.0,,51.0,41.0,42.0
USC00200230,"ANN ARBOR U OF MICH, MI US",2018-11-02,,,0.63,0.0,0.0,,47.0,39.0,43.0
USC00200230,"ANN ARBOR U OF MICH, MI US",2018-11-03,,,0.0,0.0,0.0,,46.0,36.0,43.0
USC00200230,"ANN ARBOR U OF MICH, MI US",2018-11-04,,,0.0,0.0,0.0,,52.0,30.0,47.0
USC00200230,"ANN ARBOR U OF MICH, MI US",2018-11-05,,,0.24,0.0,0.0,,53.0,46.0,47.0
USC00200230,"ANN ARBOR U OF MICH, MI US",2018-11-06,,,0.3,0.0,0.0,,54.0,43.0,47.0
USC00200230,"ANN ARBOR U OF MICH, MI US",2018-11-07,,,0.0,0.0,0.0,,47.0,38.0,38.0
USC00200230,"ANN ARBOR U OF MICH, MI US",2018-11-08,,,0.0,0.0,0.0,,40.0,36.0,36.0
USC00200230,"ANN ARBOR U OF MICH, MI US",2018-11-09,,,0.22,1.9,0.0,,36.0,31.0,35.0
USC00200230,"ANN ARBOR U OF MICH, MI US",2018-11-10,,,0.02,0.3,0.0,,35.0,21.0,33.0
USC00200230,"ANN ARBOR U OF MICH, MI US",2018-11-11,,,0.0,0.0,0.0,,39.0,26.0,32.0
USC00200230,"ANN ARBOR U OF MICH, MI US",2018-11-12,,,0.0,0.0,0.0,,42.0,21.0,37.0
USC00200230,"ANN ARBOR U OF MICH, MI US",2018-11-13,,,0.17,2.5,2.0,,37.0,26.0,27.0
USC00200230,"ANN ARBOR U OF MICH, MI US",2018-11-14,,,0.0,0.0,0.0,,32.0,11.0,26.0
USC00200230,"ANN ARBOR U OF MICH, MI US",2018-11-15,,,0.34,2.2,2.0,,33.0,24.0,32.0
USC00200230,"ANN ARBOR U OF MICH, MI US",2018-11-16,,,0.04,0.6,2.0,,36.0,29.0,35.0
USC00200230,"ANN ARBOR U OF MICH, MI US",2018-11-17,,,0.0,0.0,0.0,,37.0,32.0,33.0
USC00200230,"ANN ARBOR U OF MICH, MI US",2018-11-18,,,0.12,1.7,0.0,,35.0,30.0,32.0
USC00200230,"ANN ARBOR U OF MICH, MI US",2018-11-19,,,0.0,0.0,0.0,,38.0,17.0,34.0
USC00200230,"ANN ARBOR U OF MICH, MI US",2018-11-20,,,0.09,1.5,1.0,,34.0,24.0,28.0
USC00200230,"ANN ARBOR U OF MICH, MI US",2018-11-21,,,0.0,0.0,0.0,,35.0,25.0,25.0
USC00200230,"ANN ARBOR U OF MICH, MI US",2018-11-22,,,0.0,0.0,0.0,,26.0,20.0,24.0
USC00200230,"ANN ARBOR U OF MICH, MI US",2018-11-23,,,0.0,0.0,0.0,,46.0,22.0,38.0
USC00200230,"ANN ARBOR U OF MICH, MI US",2018-11-24,,,0.29,0.0,0.0,,47.0,32.0,45.0
USC00200230,"ANN ARBOR U OF MICH, MI US",2018-11-25,,,0.0,0.0,0.0,,46.0,40.0,40.0
USC00200230,"ANN ARBOR U OF MICH, MI US",2018-11-26,,,0.56,1.5,0.0,,40.0,30.0,30.0
USC00200230,"ANN ARBOR U OF MICH, MI US",2018-11-27,,,0.0,0.0,0.0,,30.0,27.0,28.0
USC00200230,"ANN ARBOR U OF MICH, MI US",2018-11-28,,,0.0,0.0,0.0,,28.0,25.0,27.0
USC00200230,"ANN ARBOR U OF MICH, MI US",2018-11-29,,,0.03,0.3,0.0,,29.0,23.0,28.0
USC00200230,"ANN ARBOR U OF MICH, MI US",2018-11-30,,,0.01,0.1,0.0,,42.0,28.0,32.0
USC00200230,"ANN ARBOR U OF MICH, MI US",2018-12-01,,,0.08,0.0,0.0,,38.0,25.0,37.0
USC00200230,"ANN ARBOR U OF MICH, MI US",2018-12-02,,,0.29,0.0,0.0,,57.0,37.0,45.0
USC00200230,"ANN ARBOR U OF MICH, MI US",2018-12-03,,,0.08,0.2,0.0,,45.0,31.0,31.0
USC00200230,"ANN ARBOR U OF MICH, MI US",2018-12-04,,,0.0,0.0,0.0,,35.0,26.0,26.0
USC00200230,"ANN ARBOR U OF MICH, MI US",2018-12-05,,,0.0,0.1,0.0,,32.0,18.0,28.0
USC00200230,"ANN ARBOR U OF MICH, MI US",2018-12-06,,,0.04,0.4,0.0,,33.0,26.0,28.0
USC00200230,"ANN ARBOR U OF MICH, MI US",2018-12-07,,,0.0,0.0,0.0,,33.0,23.0,28.0
USC00200230,"ANN ARBOR U OF MICH, MI US",2018-12-08,,,0.01,0.2,0.0,,31.0,19.0,22.0
USC00200230,"ANN ARBOR U OF MICH, MI US",2018-12-09,,,0.0,0.0,0.0,,35.0,8.0,26.0
USC00200230,"ANN ARBOR U OF MICH, MI US",2018-12-10,,,0.0,0.0,0.0,,28.0,21.0,27.0
USC00200230,"ANN ARBOR U OF MICH, MI US",2018-12-11,,,0.0,0.0,0.0,,32.0,23.0,30.0
USC00200230,"ANN ARBOR U OF MICH, MI US",2018-12-12,,,0.0,0.0,0.0,,39.0,16.0,34.0
USC00200230,"ANN ARBOR U OF MICH, MI US",2018-12-13,,,0.08,0.2,0.0,,40.0,29.0,32.0
USC00200230,"ANN ARBOR U OF MICH, MI US",2018-12-14,,,0.16,0.0,0.0,,45.0,26.0,40.0
USC00200230,"ANN ARBOR U OF MICH, MI US",2018-12-15,,,0.0,0.0,0.0,,40.0,30.0,37.0
USC00200230,"ANN ARBOR U OF MICH, MI US",2018-12-16,,,0.0,0.0,0.0,,44.0,29.0,32.0
USC00200230,"ANN ARBOR U OF MICH, MI US",2018-12-17,,,0.0,0.0,0.0,,38.0,28.0,31.0
USC00200230,"ANN ARBOR U OF MICH, MI US",2018-12-18,,,0.0,0.0,0.0,,36.0,18.0,28.0
USC00200230,"ANN ARBOR U OF MICH, MI US",2018-12-19,,,0.0,0.0,0.0,,45.0,19.0,34.0
USC00200230,"ANN ARBOR U OF MICH, MI US",2018-12-20,,,0.16,0.0,0.0,,41.0,26.0,40.0
USC00200230,"ANN ARBOR U OF MICH, MI US",2018-12-21,,,0.4,0.0,0.0,,40.0,35.0,35.0
USC00200230,"ANN ARBOR U OF MICH, MI US",2018-12-22,,,0.0,0.0,0.0,,35.0,30.0,32.0
USC00200230,"ANN ARBOR U OF MICH, MI US",2018-12-23,,,0.0,0.0,0.0,,35.0,30.0,32.0
USC00200230,"ANN ARBOR U OF MICH, MI US",2018-12-24,,,0.0,0.0,0.0,,34.0,30.0,30.0
USC00200230,"ANN ARBOR U OF MICH, MI US",2018-12-25,,,0.01,0.2,0.0,,31.0,19.0,29.0
USC00200230,"ANN ARBOR U OF MICH, MI US",2018-12-26,,,0.0,0.0,0.0,,48.0,26.0,37.0
USC00200230,"ANN ARBOR U OF MICH, MI US",2018-12-27,,,0.22,0.0,0.0,,40.0,32.0,38.0
USC00200230,"ANN ARBOR U OF MICH, MI US",2018-12-28,,,0.04,0.0,0.0,,54.0,35.0,35.0
USC00200230,"ANN ARBOR U OF MICH, MI US",2018-12-29,,,0.04,0.6,0.0,,35.0,28.0,29.0
USC00200230,"ANN ARBOR U OF MICH, MI US",2018-12-30,,,0.08,1.0,1.0,,35.0,25.0,30.0
USC00200230,"ANN ARBOR U OF MICH, MI US",2018-12-31,,,0.7,0.0,0.0,,38.0,23.0,37.0
USC00200230,"ANN ARBOR U OF MICH, MI US",2019-01-01,,,0.13,0.0,0.0,,47.0,29.0,29.0
USC00200230,"ANN ARBOR U OF MICH, MI US",2019-01-02,,,0.04,0.2,0.0,,32.0,25.0,32.0
USC00200230,"ANN ARBOR U OF MICH, MI US",2019-01-03,,,0.02,0.2,0.0,,38.0,29.0,33.0
USC00200230,"ANN ARBOR U OF MICH, MI US",2019-01-04,,,0.0,0.0,0.0,,50.0,28.0,36.0
USC00200230,"ANN ARBOR U OF MICH, MI US",2019-01-05,,,0.0,0.0,0.0,,50.0,23.0,42.0
USC00200230,"ANN ARBOR U OF MICH, MI US",2019-01-06,,,0.0,0.0,0.0,,42.0,28.0,34.0
USC00200230,"ANN ARBOR U OF MICH, MI US",2019-01-07,,,0.07,0.0,0.0,,43.0,30.0,43.0
USC00200230,"ANN ARBOR U OF MICH, MI US",2019-01-08,,,0.1,0.0,0.0,,53.0,36.0,39.0
USC00200230,"ANN ARBOR U OF MICH, MI US",2019-01-09,,,0.04,0.6,0.0,,39.0,22.0,22.0
USC00200230,"ANN ARBOR U OF MICH, MI US",2019-01-10,,,0.0,0.1,0.0,,27.0,21.0,24.0
USC00200230,"ANN ARBOR U OF MICH, MI US",2019-01-11,,,0.0,0.0,0.0,,30.0,11.0,26.0
USC00200230,"ANN ARBOR U OF MICH, MI US",2019-01-12,,,0.0,0.0,0.0,,30.0,20.0,27.0
USC00200230,"ANN ARBOR U OF MICH, MI US",2019-01-13,,,0.0,0.0,0.0,,33.0,20.0,27.0
USC00200230,"ANN ARBOR U OF MICH, MI US",2019-01-14,,,0.0,0.0,0.0,,35.0,7.0,28.0
USC00200230,"ANN ARBOR U OF MICH, MI US",2019-01-15,,,0.0,0.0,0.0,,28.0,24.0,26.0
USC00200230,"ANN ARBOR U OF MICH, MI US",2019-01-16,,,0.02,0.0,0.0,,32.0,24.0,24.0
USC00200230,"ANN ARBOR U OF MICH, MI US",2019-01-17,,,0.02,0.2,0.0,,31.0,14.0,29.0
USC00200230,"ANN ARBOR U OF MICH, MI US",2019-01-18,,,0.02,0.2,0.0,,30.0,27.0,27.0
USC00200230,"ANN ARBOR U OF MICH, MI US",2019-01-19,,,0.47,7.1,7.0,,27.0,17.0,17.0
USC00200230,"ANN ARBOR U OF MICH, MI US",2019-01-20,,,0.01,0.2,6.0,,17.0,0.0,5.0
USC00200230,"ANN ARBOR U OF MICH, MI US",2019-01-21,,,0.0,0.0,6.0,,18.0,-10.0,9.0
USC00200230,"ANN ARBOR U OF MICH, MI US",2019-01-22,,,0.02,0.0,5.0,,24.0,-8.0,24.0
USC00200230,"ANN ARBOR U OF MICH, MI US",2019-01-23,,,0.58,0.1,2.0,,41.0,24.0,39.0
USC00200230,"ANN ARBOR U OF MICH, MI US",2019-01-24,,,0.0,0.0,1.0,,39.0,24.0,24.0
USC00200230,"ANN ARBOR U OF MICH, MI US",2019-01-25,,,0.03,0.5,2.0,,24.0,10.0,10.0
USC00200230,"ANN ARBOR U OF MICH, MI US",2019-01-26,,,0.0,0.1,1.0,,20.0,-2.0,15.0
USC00200230,"ANN ARBOR U OF MICH, MI US",2019-01-27,,,0.16,3.2,5.0,,18.0,11.0,11.0
USC00200230,"ANN ARBOR U OF MICH, MI US",2019-01-28,,,0.42,4.5,8.0,,24.0,-8.0,24.0
USC00200230,"ANN ARBOR U OF MICH, MI US",2019-01-29,,,0.03,0.6,6.0,,34.0,6.0,6.0
USC00200230,"ANN ARBOR U OF MICH, MI US",2019-01-30,,,0.0,0.0,6.0,,6.0,-11.0,-11.0
USC00200230,"ANN ARBOR U OF MICH, MI US",2019-01-31,,,0.0,0.0,6.0,,6.0,-18.0,-2.0
USC00200230,"ANN ARBOR U OF MICH, MI US",2019-02-01,,,0.0,0.0,6.0,,17.0,-7.0,10.0
USC00200230,"ANN ARBOR U OF MICH, MI US",2019-02-02,,,0.0,0.0,5.0,,41.0,0.0,37.0
USC00200230,"ANN ARBOR U OF MICH, MI US",2019-02-03,,,0.0,0.0,1.0,,52.0,35.0,47.0
USC00200230,"ANN ARBOR U OF MICH, MI US",2019-02-04,,,0.11,0.0,0.0,,51.0,40.0,48.0
USC00200230,"ANN ARBOR U OF MICH, MI US",2019-02-05,,,0.04,0.0,0.0,,49.0,33.0,33.0
USC00200230,"ANN ARBOR U OF MICH, MI US",2019-02-06,,,0.43,0.3,0.0,,34.0,28.0,33.0
USC00200230,"ANN ARBOR U OF MICH, MI US",2019-02-07,,,0.09,0.0,0.0,,43.0,31.0,43.0
USC00200230,"ANN ARBOR U OF MICH, MI US",2019-02-08,,,0.04,0.6,0.0,,53.0,14.0,14.0
USC00200230,"ANN ARBOR U OF MICH, MI US",2019-02-09,,,0.01,0.2,0.0,,26.0,8.0,23.0
USC00200230,"ANN ARBOR U OF MICH, MI US",2019-02-10,,,0.02,0.4,0.0,,26.0,11.0,23.0
USC00200230,"ANN ARBOR U OF MICH, MI US",2019-02-11,,,0.07,0.8,1.0,,30.0,21.0,29.0
USC00200230,"ANN ARBOR U OF MICH, MI US",2019-02-12,,,0.63,1.1,2.0,,33.0,25.0,33.0
USC00200230,"ANN ARBOR U OF MICH, MI US",2019-02-13,,,0.18,4.5,4.0,,34.0,20.0,24.0
USC00200230,"ANN ARBOR U OF MICH, MI US",2019-02-14,,,0.0,0.0,2.0,,45.0,9.0,40.0
USC00200230,"ANN ARBOR U OF MICH, MI US",2019-02-15,,,0.0,0.0,1.0,,40.0,22.0,22.0
USC00200230,"ANN ARBOR U OF MICH, MI US",2019-02-16,,,0.0,0.0,1.0,,26.0,18.0,25.0
USC00200230,"ANN ARBOR U OF MICH, MI US",2019-02-17,,,0.08,1.0,2.0,,25.0,22.0,22.0
USC00200230,"ANN ARBOR U OF MICH, MI US",2019-02-18,,,0.4,5.5,7.0,,28.0,17.0,23.0
USC00200230,"ANN ARBOR U OF MICH, MI US",2019-02-19,,,0.0,0.0,5.0,,32.0,-4.0,27.0
USC00200230,"ANN ARBOR U OF MICH, MI US",2019-02-20,,,0.05,0.2,4.0,,31.0,14.0,31.0
USC00200230,"ANN ARBOR U OF MICH, MI US",2019-02-21,,,0.05,0.0,3.0,,39.0,31.0,35.0
USC00200230,"ANN ARBOR U OF MICH, MI US",2019-02-22,,,0.0,0.0,3.0,,40.0,16.0,34.0
USC00200230,"ANN ARBOR U OF MICH, MI US",2019-02-23,,,0.0,0.0,1.0,,40.0,21.0,36.0
USC00200230,"ANN ARBOR U OF MICH, MI US",2019-02-24,,,0.34,0.2,0.0,,46.0,28.0,28.0
USC00200230,"ANN ARBOR U OF MICH, MI US",2019-02-25,,,0.03,0.9,0.0,,28.0,16.0,22.0
USC00200230,"ANN ARBOR U OF MICH, MI US",2019-02-26,,,0.02,0.2,0.0,,23.0,14.0,21.0
USC00200230,"ANN ARBOR U OF MICH, MI US",2019-02-27,,,0.14,1.6,2.0,,25.0,17.0,23.0
USC00200230,"ANN ARBOR U OF MICH, MI US",2019-02-28,,,0.0,0.0,1.0,,30.0,3.0,27.0
USC00200230,"ANN ARBOR U OF MICH, MI US",2019-03-01,,,0.0,0.0,1.0,,36.0,6.0,31.0
USC00200230,"ANN ARBOR U OF MICH, MI US",2019-03-02,,,0.0,0.0,0.0,,32.0,24.0,30.0
USC00200230,"ANN ARBOR U OF MICH, MI US",2019-03-03,,,0.02,0.3,1.0,,30.0,14.0,21.0
USC00200230,"ANN ARBOR U OF MICH, MI US",2019-03-04,,,0.02,0.5,1.0,,21.0,5.0,11.0
USC00200230,"ANN ARBOR U OF MICH, MI US",2019-03-05,,,0.02,0.3,1.0,,21.0,6.0,16.0
USC00200230,"ANN ARBOR U OF MICH, MI US",2019-03-06,,,0.04,0.6,1.0,,20.0,1.0,20.0
USC00200230,"ANN ARBOR U OF MICH, MI US",2019-03-07,,,0.02,0.6,1.0,,27.0,10.0,25.0
USC00200230,"ANN ARBOR U OF MICH, MI US",2019-03-08,,,0.0,0.0,0.0,,40.0,8.0,37.0
USC00200230,"ANN ARBOR U OF MICH, MI US",2019-03-09,,,0.0,0.0,0.0,,39.0,15.0,33.0
USC00200230,"ANN ARBOR U OF MICH, MI US",2019-03-10,,,0.67,0.0,0.0,,46.0,32.0,36.0
USC00200230,"ANN ARBOR U OF MICH, MI US",2019-03-11,,,0.0,0.0,0.0,,40.0,27.0,37.0
USC00200230,"ANN ARBOR U OF MICH, MI US",2019-03-12,,,0.0,0.0,0.0,,45.0,18.0,44.0
USC00200230,"ANN ARBOR U OF MICH, MI US",2019-03-13,,,0.05,0.0,0.0,,53.0,27.0,52.0
USC00200230,"ANN ARBOR U OF MICH, MI US",2019-03-14,,,0.34,0.0,0.0,,59.0,35.0,58.0
USC00200230,"ANN ARBOR U OF MICH, MI US",2019-03-15,,,0.25,0.0,0.0,,64.0,36.0,36.0
USC00200230,"ANN ARBOR U OF MICH, MI US",2019-03-16,,,0.08,0.8,0.0,,36.0,28.0,34.0
USC00200230,"ANN ARBOR U OF MICH, MI US",2019-03-17,,,0.0,0.0,0.0,,37.0,15.0,35.0
USC00200230,"ANN ARBOR U OF MICH, MI US",2019-03-18,,,0.0,0.0,0.0,,41.0,24.0,40.0
USC00200230,"ANN ARBOR U OF MICH, MI US",2019-03-19,,,0.0,0.0,0.0,,49.0,20.0,45.0
USC00200230,"ANN ARBOR U OF MICH, MI US",2019-03-20,,,0.06,0.0,0.0,,45.0,22.0,39.0
USC00200230,"ANN ARBOR U OF MICH, MI US",2019-03-21,,,0.06,0.0,0.0,,41.0,37.0,37.0
USC00200230,"ANN ARBOR U OF MICH, MI US",2019-03-22,,,0.01,0.1,0.0,,43.0,31.0,40.0
USC00200230,"ANN ARBOR U OF MICH, MI US",2019-03-23,,,0.0,0.0,0.0,,48.0,22.0,47.0
USC00200230,"ANN ARBOR U OF MICH, MI US",2019-03-24,,,0.0,0.0,0.0,,56.0,23.0,49.0
USC00200230,"ANN ARBOR U OF MICH, MI US",2019-03-25,,,0.0,0.0,0.0,,49.0,29.0,43.0
USC00200230,"ANN ARBOR U OF MICH, MI US",2019-03-26,,,0.0,0.0,0.0,,46.0,17.0,43.0
USC00200230,"ANN ARBOR U OF MICH, MI US",2019-03-27,,,0.0,0.0,0.0,,53.0,19.0,52.0
USC00200230,"ANN ARBOR U OF MICH, MI US",2019-03-28,,,0.02,0.0,0.0,,68.0,30.0,64.0
USC00200230,"ANN ARBOR U OF MICH, MI US",2019-03-29,,,0.05,0.0,0.0,,64.0,37.0,49.0
USC00200230,"ANN ARBOR U OF MICH, MI US",2019-03-30,,,1.02,0.0,0.0,,49.0,37.0,38.0
USC00200230,"ANN ARBOR U OF MICH, MI US",2019-03-31,,,0.27,1.2,1.0,,38.0,21.0,32.0
USC00200230,"ANN ARBOR U OF MICH, MI US",2019-04-01,,,0.0,0.0,0.0,,43.0,20.0,41.0
USC00200230,"ANN ARBOR U OF MICH, MI US",2019-04-02,,,0.0,0.0,0.0,,55.0,28.0,51.0
USC00200230,"ANN ARBOR U OF MICH, MI US",2019-04-03,,,0.0,0.0,0.0,,53.0,38.0,52.0
USC00200230,"ANN ARBOR U OF MICH, MI US",2019-04-04,,,0.0,0.0,0.0,,52.0,32.0,40.0
USC00200230,"ANN ARBOR U OF MICH, MI US",2019-04-05,,,0.01,0.0,0.0,,60.0,35.0,56.0
USC00200230,"ANN ARBOR U OF MICH, MI US",2019-04-06,,,0.0,0.0,0.0,,67.0,34.0,65.0
USC00200230,"ANN ARBOR U OF MICH, MI US",2019-04-07,,,0.0,0.0,0.0,,71.0,36.0,63.0
USC00200230,"ANN ARBOR U OF MICH, MI US",2019-04-08,,,0.0,0.0,0.0,,72.0,52.0,69.0
USC00200230,"ANN ARBOR U OF MICH, MI US",2019-04-09,,,0.0,0.0,0.0,,69.0,46.0,59.0
USC00200230,"ANN ARBOR U OF MICH, MI US",2019-04-10,,,0.0,0.0,0.0,,59.0,31.0,43.0
USC00200230,"ANN ARBOR U OF MICH, MI US",2019-04-11,,,0.03,0.2,0.0,,49.0,31.0,45.0
USC00200230,"ANN ARBOR U OF MICH, MI US",2019-04-12,,,0.21,0.0,0.0,,63.0,42.0,60.0
USC00200230,"ANN ARBOR U OF MICH, MI US",2019-04-13,,,0.0,0.0,0.0,,60.0,38.0,55.0
USC00200230,"ANN ARBOR U OF MICH, MI US",2019-04-14,,,0.58,0.3,0.0,,55.0,33.0,37.0
USC00200230,"ANN ARBOR U OF MICH, MI US",2019-04-15,,,0.06,0.2,0.0,,54.0,32.0,52.0
USC00200230,"ANN ARBOR U OF MICH, MI US",2019-04-16,,,0.03,0.0,0.0,,69.0,30.0,67.0
USC00200230,"ANN ARBOR U OF MICH, MI US",2019-04-17,,,0.0,0.0,0.0,,67.0,44.0,56.0
USC00200230,"ANN ARBOR U OF MICH, MI US",2019-04-18,,,0.16,0.0,0.0,,66.0,49.0,61.0
USC00200230,"ANN ARBOR U OF MICH, MI US",2019-04-19,,,0.7,0.0,0.0,,61.0,40.0,41.0
USC00200230,"ANN ARBOR U OF MICH, MI US",2019-04-20,,,0.83,0.0,0.0,,42.0,38.0,41.0
USC00200230,"ANN ARBOR U OF MICH, MI US",2019-04-21,,,0.14,0.0,0.0,,69.0,39.0,65.0
USC00200230,"ANN ARBOR U OF MICH, MI US",2019-04-22,,,0.0,0.0,0.0,,72.0,37.0,68.0
USC00200230,"ANN ARBOR U OF MICH, MI US",2019-04-23,,,0.02,0.0,0.0,,68.0,51.0,53.0
USC00200230,"ANN ARBOR U OF MICH, MI US",2019-04-24,,,0.0,0.0,0.0,,63.0,31.0,62.0
USC00200230,"ANN ARBOR U OF MICH, MI US",2019-04-25,,,0.0,0.0,0.0,,62.0,44.0,57.0
USC00200230,"ANN ARBOR U OF MICH, MI US",2019-04-26,,,1.14,0.0,0.0,,62.0,47.0,59.0
USC00200230,"ANN ARBOR U OF MICH, MI US",2019-04-27,,,0.0,0.0,0.0,,59.0,36.0,50.0
USC00200230,"ANN ARBOR U OF MICH, MI US",2019-04-28,,,0.41,0.1,0.0,,56.0,35.0,54.0
USC00200230,"ANN ARBOR U OF MICH, MI US",2019-04-29,,,0.37,0.0,0.0,,54.0,35.0,40.0
USC00200230,"ANN ARBOR U OF MICH, MI US",2019-04-30,,,0.02,0.0,0.0,,51.0,36.0,47.0
USC00200230,"ANN ARBOR U OF MICH, MI US",2019-05-01,,,1.29,0.0,0.0,,68.0,43.0,68.0
USC00200230,"ANN ARBOR U OF MICH, MI US",2019-05-02,,,0.01,0.0,0.0,,69.0,46.0,57.0
USC00200230,"ANN ARBOR U OF MICH, MI US",2019-05-03,,,0.21,0.0,0.0,,57.0,45.0,52.0
USC00200230,"ANN ARBOR U OF MICH, MI US",2019-05-04,,,0.0,0.0,0.0,,62.0,45.0,60.0
USC00200230,"ANN ARBOR U OF MICH, MI US",2019-05-05,,,0.0,0.0,0.0,,72.0,35.0,70.0
USC00200230,"ANN ARBOR U OF MICH, MI US",2019-05-06,,,0.02,0.0,0.0,,75.0,40.0,64.0
USC00200230,"ANN ARBOR U OF MICH, MI US",2019-05-07,,,0.58,0.0,0.0,,64.0,40.0,49.0
USC00200230,"ANN ARBOR U OF MICH, MI US",2019-05-08,,,0.0,0.0,0.0,,60.0,40.0,60.0
USC00200230,"ANN ARBOR U OF MICH, MI US",2019-05-09,,,0.04,0.0,0.0,,75.0,48.0,73.0
USC00200230,"ANN ARBOR U OF MICH, MI US",2019-05-10,,,0.06,0.0,0.0,,73.0,49.0,56.0
USC00200230,"ANN ARBOR U OF MICH, MI US",2019-05-11,,,0.0,0.0,0.0,,58.0,33.0,50.0
USC00200230,"ANN ARBOR U OF MICH, MI US",2019-05-12,,,0.06,0.0,0.0,,53.0,41.0,51.0
USC00200230,"ANN ARBOR U OF MICH, MI US",2019-05-13,,,0.09,0.0,0.0,,53.0,43.0,52.0
USC00200230,"ANN ARBOR U OF MICH, MI US",2019-05-14,,,0.0,0.0,0.0,,68.0,32.0,65.0
USC00200230,"ANN ARBOR U OF MICH, MI US",2019-05-15,,,0.0,0.0,0.0,,73.0,38.0,69.0
USC00200230,"ANN ARBOR U OF MICH, MI US",2019-05-16,,,0.0,0.0,0.0,,75.0,41.0,74.0
USC00200230,"ANN ARBOR U OF MICH, MI US",2019-05-17,,,0.0,0.0,0.0,,74.0,59.0,61.0
USC00200230,"ANN ARBOR U OF MICH, MI US",2019-05-18,,,0.51,0.0,0.0,,71.0,46.0,70.0
USC00200230,"ANN ARBOR U OF MICH, MI US",2019-05-19,,,0.44,0.0,0.0,,77.0,50.0,64.0
USC00200230,"ANN ARBOR U OF MICH, MI US",2019-05-20,,,0.0,0.0,0.0,,66.0,50.0,50.0
USC00200230,"ANN ARBOR U OF MICH, MI US",2019-05-21,,,0.0,0.0,0.0,,62.0,34.0,60.0
USC00200230,"ANN ARBOR U OF MICH, MI US",2019-05-22,,,0.32,0.0,0.0,,69.0,48.0,68.0
USC00200230,"ANN ARBOR U OF MICH, MI US",2019-05-23,,,0.17,0.0,0.0,,77.0,53.0,74.0
USC00200230,"ANN ARBOR U OF MICH, MI US",2019-05-24,,,0.0,0.0,0.0,,74.0,45.0,67.0
USC00200230,"ANN ARBOR U OF MICH, MI US",2019-05-25,,,0.19,0.0,0.0,,85.0,55.0,75.0
USC00200230,"ANN ARBOR U OF MICH, MI US",2019-05-26,,,0.04,0.0,0.0,,77.0,58.0,64.0
USC00200230,"ANN ARBOR U OF MICH, MI US",2019-05-27,,,0.0,0.0,0.0,,75.0,45.0,68.0
USC00200230,"ANN ARBOR U OF MICH, MI US",2019-05-28,,,0.15,0.0,0.0,,80.0,54.0,75.0
USC00200230,"ANN ARBOR U OF MICH, MI US",2019-05-29,,,0.29,0.0,0.0,,75.0,55.0,70.0
USC00200230,"ANN ARBOR U OF MICH, MI US",2019-05-30,,,0.19,0.0,0.0,,70.0,56.0,66.0
USC00200230,"ANN ARBOR U OF MICH, MI US",2019-05-31,,,0.0,0.0,0.0,,80.0,50.0,78.0
USC00200230,"ANN ARBOR U OF MICH, MI US",2019-06-01,,,0.34,0.0,0.0,,78.0,61.0,66.0
USC00200230,"ANN ARBOR U OF MICH, MI US",2019-06-02,,,0.32,0.0,0.0,,70.0,55.0,66.0
USC00200230,"ANN ARBOR U OF MICH, MI US",2019-06-03,,,0.0,0.0,0.0,,67.0,38.0,65.0
USC00200230,"ANN ARBOR U OF MICH, MI US",2019-06-04,,,0.0,0.0,0.0,,73.0,42.0,70.0
USC00200230,"ANN ARBOR U OF MICH, MI US",2019-06-05,,,0.18,0.0,0.0,,82.0,57.0,79.0
USC00200230,"ANN ARBOR U OF MICH, MI US",2019-06-06,,,0.0,0.0,0.0,,79.0,57.0,71.0
USC00200230,"ANN ARBOR U OF MICH, MI US",2019-06-07,,,0.0,0.0,0.0,,81.0,49.0,79.0
USC00200230,"ANN ARBOR U OF MICH, MI US",2019-06-08,,,0.0,0.0,0.0,,82.0,48.0,75.0
USC00200230,"ANN ARBOR U OF MICH, MI US",2019-06-09,,,0.02,0.0,0.0,,75.0,62.0,72.0
USC00200230,"ANN ARBOR U OF MICH, MI US",2019-06-10,,,1.75,0.0,0.0,,72.0,60.0,63.0
USC00200230,"ANN ARBOR U OF MICH, MI US",2019-06-11,,,0.0,0.0,0.0,,77.0,42.0,74.0
USC00200230,"ANN ARBOR U OF MICH, MI US",2019-06-12,,,0.0,0.0,0.0,,76.0,45.0,72.0
USC00200230,"ANN ARBOR U OF MICH, MI US",2019-06-13,,,1.38,0.0,0.0,,72.0,54.0,56.0
USC00200230,"ANN ARBOR U OF MICH, MI US",2019-06-14,,,0.07,0.0,0.0,,73.0,44.0,70.0
USC00200230,"ANN ARBOR U OF MICH, MI US",2019-06-15,,,0.0,0.0,0.0,,71.0,62.0,66.0
USC00200230,"ANN ARBOR U OF MICH, MI US",2019-06-16,,,0.38,0.0,0.0,,66.0,56.0,61.0
USC00200230,"ANN ARBOR U OF MICH, MI US",2019-06-17,,,0.03,0.0,0.0,,71.0,55.0,69.0
USC00200230,"ANN ARBOR U OF MICH, MI US",2019-06-18,,,0.0,0.0,0.0,,78.0,53.0,74.0
USC00200230,"ANN ARBOR U OF MICH, MI US",2019-06-19,,,0.0,0.0,0.0,,81.0,56.0,75.0
USC00200230,"ANN ARBOR U OF MICH, MI US",2019-06-20,,,0.71,0.0,0.0,,75.0,62.0,62.0
USC00200230,"ANN ARBOR U OF MICH, MI US",2019-06-21,,,0.0,0.0,0.0,,76.0,52.0,73.0
USC00200230,"ANN ARBOR U OF MICH, MI US",2019-06-22,,,0.0,0.0,0.0,,78.0,46.0,75.0
USC00200230,"ANN ARBOR U OF MICH, MI US",2019-06-23,,,0.0,0.0,0.0,,80.0,46.0,77.0
USC00200230,"ANN ARBOR U OF MICH, MI US",2019-06-24,,,0.05,0.0,0.0,,79.0,62.0,74.0
USC00200230,"ANN ARBOR U OF MICH, MI US",2019-06-25,,,0.09,0.0,0.0,,83.0,60.0,80.0
USC00200230,"ANN ARBOR U OF MICH, MI US",2019-06-26,,,0.01,0.0,0.0,,85.0,63.0,83.0
USC00200230,"ANN ARBOR U OF MICH, MI US",2019-06-27,,,0.01,0.0,0.0,,87.0,61.0,85.0
USC00200230,"ANN ARBOR U OF MICH, MI US",2019-06-28,,,0.0,0.0,0.0,,90.0,61.0,85.0
USC00200230,"ANN ARBOR U OF MICH, MI US",2019-06-29,,,0.19,0.0,0.0,,87.0,67.0,84.0
USC00200230,"ANN ARBOR U OF MICH, MI US",2019-06-30,,,0.0,0.0,0.0,,84.0,63.0,80.0
USC00200230,"ANN ARBOR U OF MICH, MI US",2019-07-01,,,0.0,0.0,0.0,,91.0,57.0,88.0
USC00200230,"ANN ARBOR U OF MICH, MI US",2019-07-02,,,0.05,0.0,0.0,,91.0,70.0,82.0
USC00200230,"ANN ARBOR U OF MICH, MI US",2019-07-03,,,0.09,0.0,0.0,,86.0,67.0,82.0
USC00200230,"ANN ARBOR U OF MICH, MI US",2019-07-04,,,0.27,0.0,0.0,,86.0,62.0,81.0
USC00200230,"ANN ARBOR U OF MICH, MI US",2019-07-05,,,0.0,0.0,0.0,,91.0,67.0,87.0
USC00200230,"ANN ARBOR U OF MICH, MI US",2019-07-06,,,0.04,0.0,0.0,,90.0,68.0,81.0
USC00200230,"ANN ARBOR U OF MICH, MI US",2019-07-07,,,0.06,0.0,0.0,,83.0,64.0,79.0
USC00200230,"ANN ARBOR U OF MICH, MI US",2019-07-08,,,0.0,0.0,0.0,,82.0,53.0,78.0
USC00200230,"ANN ARBOR U OF MICH, MI US",2019-07-09,,,0.0,0.0,0.0,,83.0,52.0,80.0
USC00200230,"ANN ARBOR U OF MICH, MI US",2019-07-10,,,0.0,0.0,0.0,,91.0,55.0,87.0
USC00200230,"ANN ARBOR U OF MICH, MI US",2019-07-11,,,0.0,0.0,0.0,,87.0,70.0,81.0
USC00200230,"ANN ARBOR U OF MICH, MI US",2019-07-12,,,0.0,0.0,0.0,,81.0,54.0,76.0
USC00200230,"ANN ARBOR U OF MICH, MI US",2019-07-13,,,0.0,0.0,0.0,,90.0,55.0,87.0
USC00200230,"ANN ARBOR U OF MICH, MI US",2019-07-14,,,0.0,0.0,0.0,,87.0,61.0,80.0
USC00200230,"ANN ARBOR U OF MICH, MI US",2019-07-15,,,0.0,0.0,0.0,,92.0,55.0,86.0
USC00200230,"ANN ARBOR U OF MICH, MI US",2019-07-16,,,0.07,0.0,0.0,,86.0,66.0,82.0
USC00200230,"ANN ARBOR U OF MICH, MI US",2019-07-17,,,1.26,0.0,0.0,,88.0,70.0,86.0
USC00200230,"ANN ARBOR U OF MICH, MI US",2019-07-18,,,0.26,0.0,0.0,,86.0,63.0,81.0
USC00200230,"ANN ARBOR U OF MICH, MI US",2019-07-19,,,0.99,0.0,0.0,,91.0,73.0,79.0
USC00200230,"ANN ARBOR U OF MICH, MI US",2019-07-20,,,0.88,0.0,0.0,,94.0,70.0,91.0
USC00200230,"ANN ARBOR U OF MICH, MI US",2019-07-21,,,0.46,0.0,0.0,,91.0,69.0,79.0
USC00200230,"ANN ARBOR U OF MICH, MI US",2019-07-22,,,0.23,0.0,0.0,,79.0,62.0,72.0
USC00200230,"ANN ARBOR U OF MICH, MI US",2019-07-23,,,0.06,0.0,0.0,,77.0,52.0,66.0
USC00200230,"ANN ARBOR U OF MICH, MI US",2019-07-24,,,0.06,0.0,0.0,,78.0,53.0,75.0
USC00200230,"ANN ARBOR U OF MICH, MI US",2019-07-25,,,0.0,0.0,0.0,,82.0,55.0,79.0
USC00200230,"ANN ARBOR U OF MICH, MI US",2019-07-26,,,0.0,0.0,0.0,,84.0,57.0,79.0
USC00200230,"ANN ARBOR U OF MICH, MI US",2019-07-27,,,0.0,0.0,0.0,,85.0,61.0,82.0
USC00200230,"ANN ARBOR U OF MICH, MI US",2019-07-28,,,0.0,0.0,0.0,,88.0,71.0,83.0
USC00200230,"ANN ARBOR U OF MICH, MI US",2019-07-29,,,0.22,0.0,0.0,,86.0,66.0,69.0
USC00200230,"ANN ARBOR U OF MICH, MI US",2019-07-30,,,0.13,0.0,0.0,,83.0,64.0,77.0
USC00200230,"ANN ARBOR U OF MICH, MI US",2019-07-31,,,0.0,0.0,0.0,,81.0,62.0,76.0
USC00200230,"ANN ARBOR U OF MICH, MI US",2019-08-01,,,0.0,0.0,0.0,,79.0,52.0,77.0
USC00200230,"ANN ARBOR U OF MICH, MI US",2019-08-02,,,0.0,0.0,0.0,,82.0,50.0,79.0
USC00200230,"ANN ARBOR U OF MICH, MI US",2019-08-03,,,0.0,0.0,0.0,,85.0,52.0,82.0
USC00200230,"ANN ARBOR U OF MICH, MI US",2019-08-04,,,0.0,0.0,0.0,,85.0,61.0,82.0
USC00200230,"ANN ARBOR U OF MICH, MI US",2019-08-05,,,0.0,0.0,0.0,,86.0,60.0,84.0
USC00200230,"ANN ARBOR U OF MICH, MI US",2019-08-06,,,0.12,0.0,0.0,,84.0,64.0,77.0
USC00200230,"ANN ARBOR U OF MICH, MI US",2019-08-07,,,0.01,0.0,0.0,,84.0,63.0,82.0
USC00200230,"ANN ARBOR U OF MICH, MI US",2019-08-08,,,0.0,0.0,0.0,,82.0,61.0,79.0
USC00200230,"ANN ARBOR U OF MICH, MI US",2019-08-09,,,0.0,0.0,0.0,,79.0,56.0,77.0
USC00200230,"ANN ARBOR U OF MICH, MI US",2019-08-10,,,0.0,0.0,0.0,,80.0,52.0,77.0
USC00200230,"ANN ARBOR U OF MICH, MI US",2019-08-11,,,0.0,0.0,0.0,,84.0,53.0,80.0
USC00200230,"ANN ARBOR U OF MICH, MI US",2019-08-12,,,0.0,0.0,0.0,,85.0,63.0,79.0
USC00200230,"ANN ARBOR U OF MICH, MI US",2019-08-13,,,0.02,0.0,0.0,,85.0,69.0,80.0
USC00200230,"ANN ARBOR U OF MICH, MI US",2019-08-14,,,0.0,0.0,0.0,,83.0,56.0,79.0
USC00200230,"ANN ARBOR U OF MICH, MI US",2019-08-15,,,0.93,0.0,0.0,,83.0,62.0,70.0
USC00200230,"ANN ARBOR U OF MICH, MI US",2019-08-16,,,0.0,0.0,0.0,,80.0,61.0,77.0
USC00200230,"ANN ARBOR U OF MICH, MI US",2019-08-17,,,0.13,0.0,0.0,,84.0,64.0,81.0
USC00200230,"ANN ARBOR U OF MICH, MI US",2019-08-18,,,0.06,0.0,0.0,,83.0,65.0,78.0
USC00200230,"ANN ARBOR U OF MICH, MI US",2019-08-19,,,0.42,0.0,0.0,,85.0,65.0,82.0
USC00200230,"ANN ARBOR U OF MICH, MI US",2019-08-20,,,0.0,0.0,0.0,,87.0,64.0,82.0
USC00200230,"ANN ARBOR U OF MICH, MI US",2019-08-21,,,0.02,0.0,0.0,,86.0,66.0,81.0
USC00200230,"ANN ARBOR U OF MICH, MI US",2019-08-22,,,0.37,0.0,0.0,,81.0,61.0,73.0
USC00200230,"ANN ARBOR U OF MICH, MI US",2019-08-23,,,0.0,0.0,0.0,,75.0,49.0,71.0
USC00200230,"ANN ARBOR U OF MICH, MI US",2019-08-24,,,0.0,0.0,0.0,,75.0,47.0,72.0
USC00200230,"ANN ARBOR U OF MICH, MI US",2019-08-25,,,0.0,0.0,0.0,,77.0,51.0,72.0
USC00200230,"ANN ARBOR U OF MICH, MI US",2019-08-26,,,0.2,0.0,0.0,,74.0,51.0,64.0
USC00200230,"ANN ARBOR U OF MICH, MI US",2019-08-27,,,0.5,0.0,0.0,,81.0,64.0,76.0
USC00200230,"ANN ARBOR U OF MICH, MI US",2019-08-28,,,0.0,0.0,0.0,,76.0,54.0,70.0
USC00200230,"ANN ARBOR U OF MICH, MI US",2019-08-29,,,0.0,0.0,0.0,,80.0,53.0,76.0
USC00200230,"ANN ARBOR U OF MICH, MI US",2019-08-30,,,0.03,0.0,0.0,,76.0,61.0,72.0
USC00200230,"ANN ARBOR U OF MICH, MI US",2019-08-31,,,0.0,0.0,0.0,,75.0,46.0,68.0
USC00200230,"ANN ARBOR U OF MICH, MI US",2019-09-01,,,0.19,0.0,0.0,,68.0,56.0,67.0
USC00200230,"ANN ARBOR U OF MICH, MI US",2019-09-02,,,0.0,0.0,0.0,,80.0,57.0,78.0
USC00200230,"ANN ARBOR U OF MICH, MI US",2019-09-03,,,0.22,0.0,0.0,,78.0,60.0,74.0
USC00200230,"ANN ARBOR U OF MICH, MI US",2019-09-04,,,0.57,0.0,0.0,,74.0,60.0,68.0
USC00200230,"ANN ARBOR U OF MICH, MI US",2019-09-05,,,0.0,0.0,0.0,,72.0,49.0,68.0
USC00200230,"ANN ARBOR U OF MICH, MI US",2019-09-06,,,0.01,0.0,0.0,,69.0,50.0,66.0
USC00200230,"ANN ARBOR U OF MICH, MI US",2019-09-07,,,0.0,0.0,0.0,,75.0,59.0,71.0
USC00200230,"ANN ARBOR U OF MICH, MI US",2019-09-08,,,0.0,0.0,0.0,,71.0,54.0,67.0
USC00200230,"ANN ARBOR U OF MICH, MI US",2019-09-09,,,0.01,0.0,0.0,,73.0,54.0,69.0
USC00200230,"ANN ARBOR U OF MICH, MI US",2019-09-10,,,0.0,0.0,0.0,,86.0,56.0,82.0
USC00200230,"ANN ARBOR U OF MICH, MI US",2019-09-11,,,0.29,0.0,0.0,,87.0,65.0,76.0
USC00200230,"ANN ARBOR U OF MICH, MI US",2019-09-12,,,0.75,0.0,0.0,,76.0,65.0,69.0
USC00200230,"ANN ARBOR U OF MICH, MI US",2019-09-13,,,0.55,0.0,0.0,,85.0,62.0,74.0
USC00200230,"ANN ARBOR U OF MICH, MI US",2019-09-14,,,0.0,0.0,0.0,,75.0,54.0,72.0
USC00200230,"ANN ARBOR U OF MICH, MI US",2019-09-15,,,0.06,0.0,0.0,,74.0,52.0,71.0
USC00200230,"ANN ARBOR U OF MICH, MI US",2019-09-16,,,0.01,0.0,0.0,,79.0,61.0,76.0
USC00200230,"ANN ARBOR U OF MICH, MI US",2019-09-17,,,0.0,0.0,0.0,,77.0,58.0,73.0
USC00200230,"ANN ARBOR U OF MICH, MI US",2019-09-18,,,0.0,0.0,0.0,,79.0,51.0,75.0
USC00200230,"ANN ARBOR U OF MICH, MI US",2019-09-19,,,0.0,0.0,0.0,,79.0,50.0,74.0
USC00200230,"ANN ARBOR U OF MICH, MI US",2019-09-20,,,0.0,0.0,0.0,,85.0,55.0,78.0
USC00200230,"ANN ARBOR U OF MICH, MI US",2019-09-21,,,0.57,0.0,0.0,,85.0,60.0,74.0
USC00200230,"ANN ARBOR U OF MICH, MI US",2019-09-22,,,0.05,0.0,0.0,,84.0,66.0,79.0
USC00200230,"ANN ARBOR U OF MICH, MI US",2019-09-23,,,0.05,0.0,0.0,,79.0,65.0,67.0
USC00200230,"ANN ARBOR U OF MICH, MI US",2019-09-24,,,0.0,0.0,0.0,,76.0,52.0,72.0
USC00200230,"ANN ARBOR U OF MICH, MI US",2019-09-25,,,0.0,0.0,0.0,,75.0,53.0,72.0
USC00200230,"ANN ARBOR U OF MICH, MI US",2019-09-26,,,0.02,0.0,0.0,,72.0,59.0,66.0
USC00200230,"ANN ARBOR U OF MICH, MI US",2019-09-27,,,0.15,0.0,0.0,,74.0,42.0,62.0
USC00200230,"ANN ARBOR U OF MICH, MI US",2019-09-28,,,0.79,0.0,0.0,,69.0,61.0,63.0
USC00200230,"ANN ARBOR U OF MICH, MI US",2019-09-29,,,0.32,0.0,0.0,,63.0,50.0,59.0
USC00200230,"ANN ARBOR U OF MICH, MI US",2019-09-30,,,0.05,0.0,0.0,,78.0,55.0,77.0
USC00200230,"ANN ARBOR U OF MICH, MI US",2019-10-01,,,0.0,0.0,0.0,,86.0,60.0,77.0
USC00200230,"ANN ARBOR U OF MICH, MI US",2019-10-02,,,0.31,0.0,0.0,,77.0,57.0,57.0
USC00200230,"ANN ARBOR U OF MICH, MI US",2019-10-03,,,0.81,0.0,0.0,,68.0,53.0,61.0
USC00200230,"ANN ARBOR U OF MICH, MI US",2019-10-04,,,0.0,0.0,0.0,,61.0,49.0,51.0
USC00200230,"ANN ARBOR U OF MICH, MI US",2019-10-05,,,0.0,0.0,0.0,,61.0,42.0,57.0
USC00200230,"ANN ARBOR U OF MICH, MI US",2019-10-06,,,0.07,0.0,0.0,,68.0,52.0,63.0
USC00200230,"ANN ARBOR U OF MICH, MI US",2019-10-07,,,0.0,0.0,0.0,,69.0,46.0,65.0
USC00200230,"ANN ARBOR U OF MICH, MI US",2019-10-08,,,0.0,0.0,0.0,,69.0,37.0,64.0
USC00200230,"ANN ARBOR U OF MICH, MI US",2019-10-09,,,0.0,0.0,0.0,,70.0,39.0,63.0
USC00200230,"ANN ARBOR U OF MICH, MI US",2019-10-10,,,0.0,0.0,0.0,,72.0,40.0,65.0
USC00200230,"ANN ARBOR U OF MICH, MI US",2019-10-11,,,0.15,0.0,0.0,,65.0,56.0,63.0
USC00200230,"ANN ARBOR U OF MICH, MI US",2019-10-12,,,0.31,0.0,0.0,,63.0,35.0,48.0
USC00200230,"ANN ARBOR U OF MICH, MI US",2019-10-13,,,0.0,0.0,0.0,,62.0,35.0,58.0
USC00200230,"ANN ARBOR U OF MICH, MI US",2019-10-14,,,0.0,0.0,0.0,,58.0,39.0,48.0
USC00200230,"ANN ARBOR U OF MICH, MI US",2019-10-15,,,0.0,0.0,0.0,,64.0,29.0,58.0
USC00200230,"ANN ARBOR U OF MICH, MI US",2019-10-16,,,0.15,0.0,0.0,,61.0,46.0,48.0
USC00200230,"ANN ARBOR U OF MICH, MI US",2019-10-17,,,0.01,0.0,0.0,,55.0,39.0,50.0
USC00200230,"ANN ARBOR U OF MICH, MI US",2019-10-18,,,0.0,0.0,0.0,,56.0,30.0,53.0
USC00200230,"ANN ARBOR U OF MICH, MI US",2019-10-19,,,0.0,0.0,0.0,,62.0,29.0,57.0
USC00200230,"ANN ARBOR U OF MICH, MI US",2019-10-20,,,0.01,0.0,0.0,,70.0,39.0,65.0
USC00200230,"ANN ARBOR U OF MICH, MI US",2019-10-21,,,0.14,0.0,0.0,,65.0,42.0,57.0
USC00200230,"ANN ARBOR U OF MICH, MI US",2019-10-22,,,0.13,0.0,0.0,,61.0,43.0,47.0
USC00200230,"ANN ARBOR U OF MICH, MI US",2019-10-23,,,0.07,0.0,0.0,,60.0,39.0,56.0
USC00200230,"ANN ARBOR U OF MICH, MI US",2019-10-24,,,0.0,0.0,0.0,,56.0,41.0,51.0
USC00200230,"ANN ARBOR U OF MICH, MI US",2019-10-25,,,0.0,0.0,0.0,,51.0,41.0,49.0
USC00200230,"ANN ARBOR U OF MICH, MI US",2019-10-26,,,0.35,0.0,0.0,,49.0,28.0,48.0
USC00200230,"ANN ARBOR U OF MICH, MI US",2019-10-27,,,1.02,0.0,0.0,,59.0,48.0,57.0
USC00200230,"ANN ARBOR U OF MICH, MI US",2019-10-28,,,0.0,0.0,0.0,,65.0,31.0,59.0
USC00200230,"ANN ARBOR U OF MICH, MI US",2019-10-29,,,0.0,0.0,0.0,,59.0,43.0,46.0
USC00200230,"ANN ARBOR U OF MICH, MI US",2019-10-30,,,0.28,0.0,0.0,,46.0,39.0,43.0
USC00200230,"ANN ARBOR U OF MICH, MI US",2019-10-31,,,1.0,0.0,0.0,,45.0,42.0,42.0
USC00200230,"ANN ARBOR U OF MICH, MI US",2019-11-01,,,0.18,0.3,0.0,,42.0,32.0,40.0
USC00200230,"ANN ARBOR U OF MICH, MI US",2019-11-02,,,0.03,0.0,0.0,,47.0,35.0,37.0
USC00200230,"ANN ARBOR U OF MICH, MI US",2019-11-03,,,0.01,0.0,0.0,,46.0,28.0,42.0
USC00200230,"ANN ARBOR U OF MICH, MI US",2019-11-04,,,0.06,0.0,0.0,,53.0,39.0,48.0
USC00200230,"ANN ARBOR U OF MICH, MI US",2019-11-05,,,0.0,0.0,0.0,,48.0,34.0,39.0
USC00200230,"ANN ARBOR U OF MICH, MI US",2019-11-06,,,0.0,0.0,0.0,,39.0,21.0,37.0
USC00200230,"ANN ARBOR U OF MICH, MI US",2019-11-07,,,0.05,0.9,0.0,,37.0,29.0,30.0
USC00200230,"ANN ARBOR U OF MICH, MI US",2019-11-08,,,0.0,0.0,0.0,,37.0,21.0,30.0
USC00200230,"ANN ARBOR U OF MICH, MI US",2019-11-09,,,0.0,0.0,0.0,,41.0,23.0,35.0
USC00200230,"ANN ARBOR U OF MICH, MI US",2019-11-10,,,0.02,0.0,0.0,,44.0,31.0,39.0
USC00200230,"ANN ARBOR U OF MICH, MI US",2019-11-11,,,0.9,9.3,9.0,,39.0,26.0,26.0
USC00200230,"ANN ARBOR U OF MICH, MI US",2019-11-12,,,0.11,1.7,10.0,,27.0,14.0,17.0
USC00200230,"ANN ARBOR U OF MICH, MI US",2019-11-13,,,0.0,0.0,8.0,,21.0,-3.0,19.0
USC00200230,"ANN ARBOR U OF MICH, MI US",2019-11-14,,,0.02,0.5,7.0,,32.0,19.0,31.0
USC00200230,"ANN ARBOR U OF MICH, MI US",2019-11-15,,,0.0,0.0,5.0,,35.0,25.0,29.0
USC00200230,"ANN ARBOR U OF MICH, MI US",2019-11-16,,,0.0,0.0,5.0,,36.0,11.0,27.0
USC00200230,"ANN ARBOR U OF MICH, MI US",2019-11-17,,,0.0,0.0,4.0,,41.0,14.0,35.0
USC00200230,"ANN ARBOR U OF MICH, MI US",2019-11-18,,,0.03,0.1,2.0,,49.0,29.0,35.0
USC00200230,"ANN ARBOR U OF MICH, MI US",2019-11-19,,,0.0,0.0,1.0,,40.0,22.0,37.0
USC00200230,"ANN ARBOR U OF MICH, MI US",2019-11-20,,,0.0,0.0,0.0,,43.0,29.0,40.0
USC00200230,"ANN ARBOR U OF MICH, MI US",2019-11-21,,,0.12,0.0,0.0,,48.0,34.0,48.0
USC00200230,"ANN ARBOR U OF MICH, MI US",2019-11-22,,,0.04,0.0,0.0,,52.0,29.0,29.0
USC00200230,"ANN ARBOR U OF MICH, MI US",2019-11-23,,,0.0,0.0,0.0,,37.0,16.0,33.0
USC00200230,"ANN ARBOR U OF MICH, MI US",2019-11-24,,,0.0,0.0,0.0,,48.0,25.0,41.0
USC00200230,"ANN ARBOR U OF MICH, MI US",2019-11-25,,,0.04,0.0,0.0,,49.0,33.0,45.0
USC00200230,"ANN ARBOR U OF MICH, MI US",2019-11-26,,,0.0,0.0,0.0,,53.0,29.0,46.0
USC00200230,"ANN ARBOR U OF MICH, MI US",2019-11-27,,,0.8,0.0,0.0,,55.0,38.0,38.0
USC00200230,"ANN ARBOR U OF MICH, MI US",2019-11-28,,,0.01,0.0,0.0,,38.0,33.0,34.0
USC00200230,"ANN ARBOR U OF MICH, MI US",2019-11-29,,,0.0,0.0,0.0,,36.0,30.0,35.0
USC00200230,"ANN ARBOR U OF MICH, MI US",2019-11-30,,,0.0,0.0,0.0,,37.0,31.0,34.0
USC00200230,"ANN ARBOR U OF MICH, MI US",2019-12-01,,,0.36,0.0,0.0,,43.0,34.0,38.0
USC00200230,"ANN ARBOR U OF MICH, MI US",2019-12-02,,,0.11,0.0,0.0,,38.0,30.0,30.0
USC00200230,"ANN ARBOR U OF MICH, MI US",2019-12-03,,,0.02,0.2,0.0,,33.0,28.0,32.0
USC00200230,"ANN ARBOR U OF MICH, MI US",2019-12-04,,,0.01,0.2,0.0,,37.0,32.0,32.0
USC00200230,"ANN ARBOR U OF MICH, MI US",2019-12-05,,,0.02,0.2,0.0,,39.0,28.0,34.0
USC00200230,"ANN ARBOR U OF MICH, MI US",2019-12-06,,,0.0,0.0,0.0,,41.0,31.0,31.0
USC00200230,"ANN ARBOR U OF MICH, MI US",2019-12-07,,,0.0,0.0,0.0,,34.0,18.0,30.0
USC00200230,"ANN ARBOR U OF MICH, MI US",2019-12-08,,,0.0,0.0,0.0,,43.0,26.0,43.0
USC00200230,"ANN ARBOR U OF MICH, MI US",2019-12-09,,,0.37,0.0,0.0,,49.0,43.0,47.0
USC00200230,"ANN ARBOR U OF MICH, MI US",2019-12-10,,,0.05,0.6,0.0,,47.0,24.0,24.0
USC00200230,"ANN ARBOR U OF MICH, MI US",2019-12-11,,,0.0,0.1,0.0,,24.0,16.0,20.0
USC00200230,"ANN ARBOR U OF MICH, MI US",2019-12-12,,,0.0,0.0,0.0,,32.0,9.0,31.0
USC00200230,"ANN ARBOR U OF MICH, MI US",2019-12-13,,,0.0,0.0,0.0,,41.0,18.0,31.0
USC00200230,"ANN ARBOR U OF MICH, MI US",2019-12-14,,,0.0,0.0,0.0,,40.0,26.0,33.0
USC00200230,"ANN ARBOR U OF MICH, MI US",2019-12-15,,,0.03,0.6,0.0,,33.0,28.0,28.0
USC00200230,"ANN ARBOR U OF MICH, MI US",2019-12-16,,,0.0,0.0,0.0,,34.0,22.0,29.0
USC00200230,"ANN ARBOR U OF MICH, MI US",2019-12-17,,,0.0,0.0,0.0,,33.0,26.0,28.0
USC00200230,"ANN ARBOR U OF MICH, MI US",2019-12-18,,,0.11,2.3,2.0,,29.0,13.0,13.0
USC00200230,"ANN ARBOR U OF MICH, MI US",2019-12-19,,,0.0,0.0,1.0,,30.0,2.0,25.0
USC00200230,"ANN ARBOR U OF MICH, MI US",2019-12-20,,,0.0,0.0,1.0,,36.0,11.0,28.0
USC00200230,"ANN ARBOR U OF MICH, MI US",2019-12-21,,,0.0,0.0,0.0,,47.0,20.0,36.0
USC00200230,"ANN ARBOR U OF MICH, MI US",2019-12-22,,,0.0,0.0,0.0,,53.0,22.0,39.0
USC00200230,"ANN ARBOR U OF MICH, MI US",2019-12-23,,,0.0,0.0,0.0,,57.0,27.0,39.0
USC00200230,"ANN ARBOR U OF MICH, MI US",2019-12-24,,,0.0,0.0,0.0,,39.0,26.0,32.0
USC00200230,"ANN ARBOR U OF MICH, MI US",2019-12-25,,,0.0,0.0,0.0,,53.0,30.0,42.0
USC00200230,"ANN ARBOR U OF MICH, MI US",2019-12-26,,,0.0,0.0,0.0,,55.0,29.0,49.0
USC00200230,"ANN ARBOR U OF MICH, MI US",2019-12-27,,,0.0,0.0,0.0,,53.0,37.0,37.0
USC00200230,"ANN ARBOR U OF MICH, MI US",2019-12-28,,,0.0,0.0,0.0,,40.0,31.0,35.0
USC00200230,"ANN ARBOR U OF MICH, MI US",2019-12-29,,,0.85,0.0,0.0,,46.0,32.0,45.0
USC00200230,"ANN ARBOR U OF MICH, MI US",2019-12-30,,,0.73,0.0,0.0,,46.0,33.0,33.0
USC00200230,"ANN ARBOR U OF MICH, MI US",2019-12-31,,,0.13,2.0,2.0,,33.0,27.0,27.0
USC00200230,"ANN ARBOR U OF MICH, MI US",2020-01-01,,,0.04,0.4,1.0,,37.0,22.0,30.0
USC00200230,"ANN ARBOR U OF MICH, MI US",2020-01-02,,,0.0,0.0,0.0,,47.0,28.0,42.0
USC00200230,"ANN ARBOR U OF MICH, MI US",2020-01-03,,,0.0,0.0,0.0,,44.0,37.0,39.0
USC00200230,"ANN ARBOR U OF MICH, MI US",2020-01-04,,,0.03,0.3,0.0,,39.0,30.0,31.0
USC00200230,"ANN ARBOR U OF MICH, MI US",2020-01-05,,,0.04,0.6,1.0,,32.0,29.0,31.0
USC00200230,"ANN ARBOR U OF MICH, MI US",2020-01-06,,,0.01,0.1,0.0,,44.0,29.0,37.0
USC00200230,"ANN ARBOR U OF MICH, MI US",2020-01-07,,,0.02,0.2,0.0,,43.0,24.0,33.0
USC00200230,"ANN ARBOR U OF MICH, MI US",2020-01-08,,,0.14,1.8,2.0,,33.0,18.0,18.0
USC00200230,"ANN ARBOR U OF MICH, MI US",2020-01-09,,,0.0,0.0,1.0,,39.0,7.0,37.0
USC00200230,"ANN ARBOR U OF MICH, MI US",2020-01-10,,,0.03,0.0,0.0,,48.0,37.0,47.0
USC00200230,"ANN ARBOR U OF MICH, MI US",2020-01-11,,,2.37,0.0,0.0,,54.0,34.0,34.0
USC00200230,"ANN ARBOR U OF MICH, MI US",2020-01-12,,,0.38,0.7,0.0,,34.0,21.0,27.0
USC00200230,"ANN ARBOR U OF MICH, MI US",2020-01-13,,,0.03,0.4,0.0,,36.0,26.0,33.0
USC00200230,"ANN ARBOR U OF MICH, MI US",2020-01-14,,,0.0,0.0,0.0,,40.0,30.0,38.0
USC00200230,"ANN ARBOR U OF MICH, MI US",2020-01-15,,,0.01,0.0,0.0,,41.0,23.0,35.0
USC00200230,"ANN ARBOR U OF MICH, MI US",2020-01-16,,,0.02,0.0,0.0,,35.0,24.0,24.0
USC00200230,"ANN ARBOR U OF MICH, MI US",2020-01-17,,,0.0,0.0,0.0,,27.0,14.0,23.0
USC00200230,"ANN ARBOR U OF MICH, MI US",2020-01-18,,,0.98,6.4,4.0,,38.0,23.0,34.0
USC00200230,"ANN ARBOR U OF MICH, MI US",2020-01-19,,,0.1,1.8,5.0,,34.0,15.0,19.0
USC00200230,"ANN ARBOR U OF MICH, MI US",2020-01-20,,,0.0,0.0,5.0,,26.0,10.0,20.0
USC00200230,"ANN ARBOR U OF MICH, MI US",2020-01-21,,,0.0,0.0,4.0,,32.0,15.0,26.0
USC00200230,"ANN ARBOR U OF MICH, MI US",2020-01-22,,,0.0,0.0,4.0,,31.0,12.0,27.0
USC00200230,"ANN ARBOR U OF MICH, MI US",2020-01-23,,,0.0,0.0,4.0,,38.0,20.0,35.0
USC00200230,"ANN ARBOR U OF MICH, MI US",2020-01-24,,,0.53,0.0,3.0,,36.0,32.0,35.0
USC00200230,"ANN ARBOR U OF MICH, MI US",2020-01-25,,,0.13,0.1,2.0,,36.0,32.0,33.0
USC00200230,"ANN ARBOR U OF MICH, MI US",2020-01-26,,,0.08,0.6,2.0,,35.0,32.0,33.0
USC00200230,"ANN ARBOR U OF MICH, MI US",2020-01-27,,,0.03,0.0,2.0,,34.0,32.0,34.0
USC00200230,"ANN ARBOR U OF MICH, MI US",2020-01-28,,,0.0,0.1,1.0,,34.0,31.0,32.0
USC00200230,"ANN ARBOR U OF MICH, MI US",2020-01-29,,,0.0,0.0,1.0,,32.0,28.0,29.0
USC00200230,"ANN ARBOR U OF MICH, MI US",2020-01-30,,,0.0,0.1,1.0,,32.0,28.0,30.0
USC00200230,"ANN ARBOR U OF MICH, MI US",2020-01-31,,,0.01,0.1,1.0,,32.0,28.0,31.0
USC00200230,"ANN ARBOR U OF MICH, MI US",2020-02-01,,,0.07,1.0,1.0,,33.0,16.0,32.0
USC00200230,"ANN ARBOR U OF MICH, MI US",2020-02-02,,,0.01,0.1,0.0,,51.0,31.0,45.0
USC00200230,"ANN ARBOR U OF MICH, MI US",2020-02-03,,,0.0,0.0,0.0,,53.0,26.0,44.0
USC00200230,"ANN ARBOR U OF MICH, MI US",2020-02-04,,,0.0,0.0,0.0,,44.0,32.0,32.0
USC00200230,"ANN ARBOR U OF MICH, MI US",2020-02-05,,,0.0,0.0,0.0,,32.0,21.0,27.0
USC00200230,"ANN ARBOR U OF MICH, MI US",2020-02-06,,,0.21,2.3,2.0,,27.0,23.0,25.0
USC00200230,"ANN ARBOR U OF MICH, MI US",2020-02-07,,,0.08,1.3,3.0,,34.0,24.0,29.0
USC00200230,"ANN ARBOR U OF MICH, MI US",2020-02-08,,,0.06,2.1,4.0,,31.0,23.0,28.0
USC00200230,"ANN ARBOR U OF MICH, MI US",2020-02-09,,,0.07,1.0,4.0,,33.0,17.0,30.0
USC00200230,"ANN ARBOR U OF MICH, MI US",2020-02-10,,,0.16,0.9,4.0,,35.0,29.0,32.0
USC00200230,"ANN ARBOR U OF MICH, MI US",2020-02-11,,,0.0,0.0,2.0,,37.0,25.0,33.0
USC00200230,"ANN ARBOR U OF MICH, MI US",2020-02-12,,,0.0,0.0,2.0,,33.0,17.0,31.0
USC00200230,"ANN ARBOR U OF MICH, MI US",2020-02-13,,,0.14,2.4,4.0,,32.0,19.0,19.0
USC00200230,"ANN ARBOR U OF MICH, MI US",2020-02-14,,,0.0,0.1,4.0,,23.0,-4.0,18.0
USC00200230,"ANN ARBOR U OF MICH, MI US",2020-02-15,,,0.0,0.0,3.0,,28.0,5.0,28.0
USC00200230,"ANN ARBOR U OF MICH, MI US",2020-02-16,,,0.01,0.2,2.0,,42.0,28.0,37.0
USC00200230,"ANN ARBOR U OF MICH, MI US",2020-02-17,,,0.0,0.0,1.0,,37.0,17.0,31.0
USC00200230,"ANN ARBOR U OF MICH, MI US",2020-02-18,,,0.12,1.5,1.0,,38.0,29.0,33.0
USC00200230,"ANN ARBOR U OF MICH, MI US",2020-02-19,,,0.0,0.0,1.0,,33.0,19.0,27.0
USC00200230,"ANN ARBOR U OF MICH, MI US",2020-02-20,,,0.0,0.0,0.0,,27.0,13.0,20.0
USC00200230,"ANN ARBOR U OF MICH, MI US",2020-02-21,,,0.0,0.0,0.0,,36.0,9.0,32.0
USC00200230,"ANN ARBOR U OF MICH, MI US",2020-02-22,,,0.0,0.0,0.0,,48.0,21.0,42.0
USC00200230,"ANN ARBOR U OF MICH, MI US",2020-02-23,,,0.0,0.0,0.0,,53.0,25.0,47.0
USC00200230,"ANN ARBOR U OF MICH, MI US",2020-02-24,,,0.0,0.0,0.0,,47.0,27.0,42.0
USC00200230,"ANN ARBOR U OF MICH, MI US",2020-02-25,,,0.12,0.2,0.0,,42.0,33.0,37.0
USC00200230,"ANN ARBOR U OF MICH, MI US",2020-02-26,,,0.51,6.3,6.0,,37.0,24.0,24.0
USC00200230,"ANN ARBOR U OF MICH, MI US",2020-02-27,,,0.16,1.6,7.0,,26.0,18.0,22.0
USC00200230,"ANN ARBOR U OF MICH, MI US",2020-02-28,,,0.0,0.0,5.0,,28.0,19.0,24.0
USC00200230,"ANN ARBOR U OF MICH, MI US",2020-02-29,,,0.0,0.0,4.0,,35.0,18.0,32.0
USC00200230,"ANN ARBOR U OF MICH, MI US",2020-03-01,,,0.0,0.0,2.0,,46.0,12.0,44.0
USC00200230,"ANN ARBOR U OF MICH, MI US",2020-03-02,,,0.06,0.0,0.0,,52.0,36.0,47.0
USC00200230,"ANN ARBOR U OF MICH, MI US",2020-03-03,,,0.0,0.0,0.0,,49.0,26.0,44.0
USC00200230,"ANN ARBOR U OF MICH, MI US",2020-03-04,,,0.0,0.0,0.0,,47.0,25.0,42.0
USC00200230,"ANN ARBOR U OF MICH, MI US",2020-03-05,,,0.0,0.0,0.0,,49.0,19.0,46.0
USC00200230,"ANN ARBOR U OF MICH, MI US",2020-03-06,,,0.07,0.0,0.0,,46.0,29.0,31.0
USC00200230,"ANN ARBOR U OF MICH, MI US",2020-03-07,,,0.0,0.0,0.0,,46.0,16.0,41.0
USC00200230,"ANN ARBOR U OF MICH, MI US",2020-03-08,,,0.0,0.0,0.0,,60.0,30.0,58.0
USC00200230,"ANN ARBOR U OF MICH, MI US",2020-03-09,,,0.0,0.0,0.0,,62.0,35.0,57.0
USC00200230,"ANN ARBOR U OF MICH, MI US",2020-03-10,,,0.25,0.0,0.0,,57.0,38.0,47.0
USC00200230,"ANN ARBOR U OF MICH, MI US",2020-03-11,,,0.02,0.0,0.0,,47.0,27.0,40.0
USC00200230,"ANN ARBOR U OF MICH, MI US",2020-03-12,,,0.0,0.0,0.0,,52.0,37.0,49.0
USC00200230,"ANN ARBOR U OF MICH, MI US",2020-03-13,,,0.01,0.0,0.0,,49.0,37.0,44.0
USC00200230,"ANN ARBOR U OF MICH, MI US",2020-03-14,,,0.0,0.0,0.0,,44.0,29.0,37.0
USC00200230,"ANN ARBOR U OF MICH, MI US",2020-03-15,,,0.0,0.0,0.0,,47.0,27.0,44.0
USC00200230,"ANN ARBOR U OF MICH, MI US",2020-03-16,,,0.01,0.0,0.0,,48.0,20.0,41.0
USC00200230,"ANN ARBOR U OF MICH, MI US",2020-03-17,,,0.0,0.0,0.0,,51.0,37.0,47.0
USC00200230,"ANN ARBOR U OF MICH, MI US",2020-03-18,,,0.18,0.0,0.0,,47.0,25.0,38.0
USC00200230,"ANN ARBOR U OF MICH, MI US",2020-03-19,,,0.38,0.0,0.0,,44.0,38.0,44.0
USC00200230,"ANN ARBOR U OF MICH, MI US",2020-03-20,,,0.33,0.0,0.0,,62.0,36.0,36.0
USC00200230,"ANN ARBOR U OF MICH, MI US",2020-03-21,,,0.0,0.0,0.0,,38.0,25.0,36.0
USC00200230,"ANN ARBOR U OF MICH, MI US",2020-03-22,,,0.0,0.0,0.0,,39.0,16.0,36.0
USC00200230,"ANN ARBOR U OF MICH, MI US",2020-03-23,,,0.26,2.4,0.0,,40.0,30.0,38.0
USC00200230,"ANN ARBOR U OF MICH, MI US",2020-03-24,,,0.0,0.0,0.0,,44.0,34.0,41.0
USC00200230,"ANN ARBOR U OF MICH, MI US",2020-03-25,,,0.0,0.0,0.0,,57.0,26.0,55.0
USC00200230,"ANN ARBOR U OF MICH, MI US",2020-03-26,,,0.01,0.0,0.0,,57.0,41.0,53.0
USC00200230,"ANN ARBOR U OF MICH, MI US",2020-03-27,,,0.21,0.0,0.0,,53.0,36.0,46.0
USC00200230,"ANN ARBOR U OF MICH, MI US",2020-03-28,,,1.84,0.0,0.0,,49.0,39.0,49.0
USC00200230,"ANN ARBOR U OF MICH, MI US",2020-03-29,,,0.49,0.0,0.0,,62.0,45.0,47.0
USC00200230,"ANN ARBOR U OF MICH, MI US",2020-03-30,,,0.02,0.0,0.0,,47.0,39.0,42.0
USC00200230,"ANN ARBOR U OF MICH, MI US",2020-03-31,,,0.0,0.0,0.0,,42.0,37.0,41.0
USC00200230,"ANN ARBOR U OF MICH, MI US",2020-04-01,,,0.04,0.0,0.0,,49.0,39.0,48.0
USC00200230,"ANN ARBOR U OF MICH, MI US",2020-04-02,,,0.0,0.0,0.0,,60.0,32.0,59.0
USC00200230,"ANN ARBOR U OF MICH, MI US",2020-04-03,,,0.0,0.0,0.0,,63.0,29.0,61.0
USC00200230,"ANN ARBOR U OF MICH, MI US",2020-04-04,,,0.0,0.0,0.0,,61.0,30.0,53.0
USC00200230,"ANN ARBOR U OF MICH, MI US",2020-04-05,,,0.05,0.0,0.0,,57.0,38.0,54.0
USC00200230,"ANN ARBOR U OF MICH, MI US",2020-04-06,,,0.0,0.0,0.0,,60.0,26.0,55.0
USC00200230,"ANN ARBOR U OF MICH, MI US",2020-04-07,,,0.31,0.0,0.0,,71.0,41.0,68.0
USC00200230,"ANN ARBOR U OF MICH, MI US",2020-04-08,,,0.6,0.0,0.0,,70.0,50.0,67.0
USC00200230,"ANN ARBOR U OF MICH, MI US",2020-04-09,,,0.15,0.2,0.0,,67.0,37.0,42.0
USC00200230,"ANN ARBOR U OF MICH, MI US",2020-04-10,,,0.04,0.8,0.0,,45.0,31.0,41.0
USC00200230,"ANN ARBOR U OF MICH, MI US",2020-04-11,,,0.0,0.0,0.0,,57.0,24.0,54.0
USC00200230,"ANN ARBOR U OF MICH, MI US",2020-04-12,,,0.06,0.0,0.0,,60.0,43.0,60.0
USC00200230,"ANN ARBOR U OF MICH, MI US",2020-04-13,,,0.19,0.0,0.0,,60.0,40.0,40.0
USC00200230,"ANN ARBOR U OF MICH, MI US",2020-04-14,,,0.0,0.0,0.0,,42.0,24.0,37.0
USC00200230,"ANN ARBOR U OF MICH, MI US",2020-04-15,,,0.14,1.8,0.0,,38.0,22.0,35.0
USC00200230,"ANN ARBOR U OF MICH, MI US",2020-04-16,,,0.0,0.1,0.0,,43.0,20.0,41.0
USC00200230,"ANN ARBOR U OF MICH, MI US",2020-04-17,,,0.33,5.0,3.0,,41.0,26.0,34.0
USC00200230,"ANN ARBOR U OF MICH, MI US",2020-04-18,,,0.0,0.0,0.0,,53.0,28.0,51.0
USC00200230,"ANN ARBOR U OF MICH, MI US",2020-04-19,,,0.0,0.0,0.0,,63.0,40.0,56.0
USC00200230,"ANN ARBOR U OF MICH, MI US",2020-04-20,,,0.0,0.0,0.0,,58.0,23.0,56.0
USC00200230,"ANN ARBOR U OF MICH, MI US",2020-04-21,,,0.09,0.0,0.0,,56.0,32.0,39.0
USC00200230,"ANN ARBOR U OF MICH, MI US",2020-04-22,,,0.02,0.2,0.0,,39.0,20.0,35.0
USC00200230,"ANN ARBOR U OF MICH, MI US",2020-04-23,,,0.23,0.0,0.0,,43.0,33.0,41.0
USC00200230,"ANN ARBOR U OF MICH, MI US",2020-04-24,,,0.01,0.0,0.0,,57.0,37.0,56.0
USC00200230,"ANN ARBOR U OF MICH, MI US",2020-04-25,,,0.0,0.0,0.0,,58.0,32.0,51.0
USC00200230,"ANN ARBOR U OF MICH, MI US",2020-04-26,,,0.0,0.0,0.0,,63.0,46.0,60.0
USC00200230,"ANN ARBOR U OF MICH, MI US",2020-04-27,,,0.0,0.0,0.0,,63.0,28.0,60.0
USC00200230,"ANN ARBOR U OF MICH, MI US",2020-04-28,,,0.04,0.0,0.0,,71.0,41.0,65.0
USC00200230,"ANN ARBOR U OF MICH, MI US",2020-04-29,,,0.26,0.0,0.0,,67.0,52.0,65.0
USC00200230,"ANN ARBOR U OF MICH, MI US",2020-04-30,,,0.16,0.0,0.0,,65.0,44.0,48.0
USC00200230,"ANN ARBOR U OF MICH, MI US",2020-05-01,,,0.13,0.0,0.0,,65.0,42.0,64.0
USC00200230,"ANN ARBOR U OF MICH, MI US",2020-05-02,,,0.0,0.0,0.0,,78.0,48.0,76.0
USC00200230,"ANN ARBOR U OF MICH, MI US",2020-05-03,,,0.0,0.0,0.0,,76.0,53.0,67.0
USC00200230,"ANN ARBOR U OF MICH, MI US",2020-05-04,,,0.0,0.0,0.0,,67.0,39.0,56.0
USC00200230,"ANN ARBOR U OF MICH, MI US",2020-05-05,,,0.0,0.0,0.0,,56.0,37.0,50.0
USC00200230,"ANN ARBOR U OF MICH, MI US",2020-05-06,,,0.0,0.0,0.0,,60.0,36.0,58.0
USC00200230,"ANN ARBOR U OF MICH, MI US",2020-05-07,,,0.0,0.0,0.0,,65.0,33.0,59.0
USC00200230,"ANN ARBOR U OF MICH, MI US",2020-05-08,,,0.0,0.0,0.0,,59.0,35.0,41.0
USC00200230,"ANN ARBOR U OF MICH, MI US",2020-05-09,,,0.0,0.0,0.0,,51.0,26.0,49.0
USC00200230,"ANN ARBOR U OF MICH, MI US",2020-05-10,,,0.07,0.0,0.0,,61.0,37.0,47.0
USC00200230,"ANN ARBOR U OF MICH, MI US",2020-05-11,,,0.44,0.0,0.0,,47.0,34.0,43.0
USC00200230,"ANN ARBOR U OF MICH, MI US",2020-05-12,,,0.01,0.1,0.0,,58.0,28.0,57.0
USC00200230,"ANN ARBOR U OF MICH, MI US",2020-05-13,,,0.0,0.0,0.0,,60.0,26.0,58.0
USC00200230,"ANN ARBOR U OF MICH, MI US",2020-05-14,,,0.62,0.0,0.0,,60.0,42.0,60.0
USC00200230,"ANN ARBOR U OF MICH, MI US",2020-05-15,,,0.72,0.0,0.0,,70.0,53.0,69.0
USC00200230,"ANN ARBOR U OF MICH, MI US",2020-05-16,,,0.0,0.0,0.0,,71.0,49.0,69.0
USC00200230,"ANN ARBOR U OF MICH, MI US",2020-05-17,,,0.17,0.0,0.0,,69.0,51.0,58.0
USC00200230,"ANN ARBOR U OF MICH, MI US",2020-05-18,,,1.29,0.0,0.0,,60.0,54.0,59.0
USC00200230,"ANN ARBOR U OF MICH, MI US",2020-05-19,,,0.54,0.0,0.0,,66.0,54.0,61.0
USC00200230,"ANN ARBOR U OF MICH, MI US",2020-05-20,,,0.0,0.0,0.0,,67.0,46.0,64.0
USC00200230,"ANN ARBOR U OF MICH, MI US",2020-05-21,,,0.0,0.0,0.0,,69.0,50.0,66.0
USC00200230,"ANN ARBOR U OF MICH, MI US",2020-05-22,,,0.06,0.0,0.0,,66.0,55.0,65.0
USC00200230,"ANN ARBOR U OF MICH, MI US",2020-05-23,,,0.0,0.0,0.0,,74.0,55.0,71.0
USC00200230,"ANN ARBOR U OF MICH, MI US",2020-05-24,,,0.0,0.0,0.0,,86.0,57.0,83.0
USC00200230,"ANN ARBOR U OF MICH, MI US",2020-05-25,,,0.0,0.0,0.0,,87.0,59.0,85.0
USC00200230,"ANN ARBOR U OF MICH, MI US",2020-05-26,,,0.0,0.0,0.0,,88.0,61.0,86.0
USC00200230,"ANN ARBOR U OF MICH, MI US",2020-05-27,,,0.0,0.0,0.0,,86.0,59.0,81.0
USC00200230,"ANN ARBOR U OF MICH, MI US",2020-05-28,,,0.02,0.0,0.0,,81.0,67.0,76.0
USC00200230,"ANN ARBOR U OF MICH, MI US",2020-05-29,,,0.03,0.0,0.0,,76.0,58.0,69.0
USC00200230,"ANN ARBOR U OF MICH, MI US",2020-05-30,,,0.0,0.0,0.0,,69.0,53.0,66.0
USC00200230,"ANN ARBOR U OF MICH, MI US",2020-05-31,,,0.0,0.0,0.0,,66.0,40.0,64.0
USC00200230,"ANN ARBOR U OF MICH, MI US",2020-06-01,,,0.0,0.0,0.0,,73.0,36.0,68.0
USC00200230,"ANN ARBOR U OF MICH, MI US",2020-06-02,,,0.13,0.0,0.0,,88.0,53.0,86.0
USC00200230,"ANN ARBOR U OF MICH, MI US",2020-06-03,,,0.0,0.0,0.0,,86.0,69.0,81.0
USC00200230,"ANN ARBOR U OF MICH, MI US",2020-06-04,,,0.0,0.0,0.0,,85.0,53.0,83.0
USC00200230,"ANN ARBOR U OF MICH, MI US",2020-06-05,,,0.0,0.0,0.0,,88.0,53.0,82.0
USC00200230,"ANN ARBOR U OF MICH, MI US",2020-06-06,,,0.0,0.0,0.0,,82.0,58.0,77.0
USC00200230,"ANN ARBOR U OF MICH, MI US",2020-06-07,,,0.0,0.0,0.0,,77.0,46.0,74.0
USC00200230,"ANN ARBOR U OF MICH, MI US",2020-06-08,,,0.0,0.0,0.0,,83.0,48.0,80.0
USC00200230,"ANN ARBOR U OF MICH, MI US",2020-06-09,,,0.0,0.0,0.0,,90.0,50.0,86.0
USC00200230,"ANN ARBOR U OF MICH, MI US",2020-06-10,,,0.38,0.0,0.0,,90.0,66.0,67.0
USC00200230,"ANN ARBOR U OF MICH, MI US",2020-06-11,,,0.14,0.0,0.0,,77.0,58.0,74.0
USC00200230,"ANN ARBOR U OF MICH, MI US",2020-06-12,,,0.03,0.0,0.0,,74.0,54.0,69.0
USC00200230,"ANN ARBOR U OF MICH, MI US",2020-06-13,,,0.0,0.0,0.0,,69.0,47.0,66.0
USC00200230,"ANN ARBOR U OF MICH, MI US",2020-06-14,,,0.0,0.0,0.0,,71.0,38.0,70.0
USC00200230,"ANN ARBOR U OF MICH, MI US",2020-06-15,,,0.0,0.0,0.0,,77.0,41.0,74.0
USC00200230,"ANN ARBOR U OF MICH, MI US",2020-06-16,,,0.0,0.0,0.0,,82.0,47.0,80.0
USC00200230,"ANN ARBOR U OF MICH, MI US",2020-06-17,,,0.0,0.0,0.0,,85.0,47.0,82.0
USC00200230,"ANN ARBOR U OF MICH, MI US",2020-06-18,,,0.0,0.0,0.0,,87.0,50.0,84.0
USC00200230,"ANN ARBOR U OF MICH, MI US",2020-06-19,,,0.0,0.0,0.0,,88.0,55.0,85.0
USC00200230,"ANN ARBOR U OF MICH, MI US",2020-06-20,,,0.0,0.0,0.0,,91.0,57.0,86.0
USC00200230,"ANN ARBOR U OF MICH, MI US",2020-06-21,,,0.0,0.0,0.0,,86.0,61.0,76.0
USC00200230,"ANN ARBOR U OF MICH, MI US",2020-06-22,,,0.05,0.0,0.0,,85.0,66.0,80.0
USC00200230,"ANN ARBOR U OF MICH, MI US",2020-06-23,,,0.41,0.0,0.0,,80.0,63.0,68.0
USC00200230,"ANN ARBOR U OF MICH, MI US",2020-06-24,,,0.0,0.0,0.0,,75.0,56.0,72.0
USC00200230,"ANN ARBOR U OF MICH, MI US",2020-06-25,,,0.01,0.0,0.0,,80.0,50.0,78.0
USC00200230,"ANN ARBOR U OF MICH, MI US",2020-06-26,,,0.03,0.0,0.0,,85.0,52.0,78.0
USC00200230,"ANN ARBOR U OF MICH, MI US",2020-06-27,,,1.93,0.0,0.0,,86.0,64.0,84.0
USC00200230,"ANN ARBOR U OF MICH, MI US",2020-06-28,,,0.0,0.0,0.0,,85.0,57.0,83.0
USC00200230,"ANN ARBOR U OF MICH, MI US",2020-06-29,,,0.0,0.0,0.0,,87.0,58.0,84.0
USC00200230,"ANN ARBOR U OF MICH, MI US",2020-06-30,,,0.0,0.0,0.0,,88.0,57.0,86.0
USC00200230,"ANN ARBOR U OF MICH, MI US",2020-07-01,,,0.0,0.0,0.0,,87.0,59.0,85.0
USC00200230,"ANN ARBOR U OF MICH, MI US",2020-07-02,,,0.0,0.0,0.0,,90.0,59.0,86.0
USC00200230,"ANN ARBOR U OF MICH, MI US",2020-07-03,,,0.0,0.0,0.0,,92.0,62.0,89.0
USC00200230,"ANN ARBOR U OF MICH, MI US",2020-07-04,,,0.0,0.0,0.0,,90.0,64.0,88.0
USC00200230,"ANN ARBOR U OF MICH, MI US",2020-07-05,,,0.0,0.0,0.0,,90.0,57.0,89.0
USC00200230,"ANN ARBOR U OF MICH, MI US",2020-07-06,,,0.0,0.0,0.0,,92.0,64.0,89.0
USC00200230,"ANN ARBOR U OF MICH, MI US",2020-07-07,,,0.0,0.0,0.0,,94.0,62.0,91.0
USC00200230,"ANN ARBOR U OF MICH, MI US",2020-07-08,,,0.1,0.0,0.0,,92.0,66.0,76.0
USC00200230,"ANN ARBOR U OF MICH, MI US",2020-07-09,,,0.0,0.0,0.0,,93.0,66.0,89.0
USC00200230,"ANN ARBOR U OF MICH, MI US",2020-07-10,,,0.04,0.0,0.0,,89.0,66.0,76.0
USC00200230,"ANN ARBOR U OF MICH, MI US",2020-07-11,,,0.88,0.0,0.0,,84.0,63.0,81.0
USC00200230,"ANN ARBOR U OF MICH, MI US",2020-07-12,,,0.0,0.0,0.0,,81.0,60.0,78.0
USC00200230,"ANN ARBOR U OF MICH, MI US",2020-07-13,,,0.0,0.0,0.0,,80.0,57.0,78.0
USC00200230,"ANN ARBOR U OF MICH, MI US",2020-07-14,,,0.0,0.0,0.0,,85.0,55.0,80.0
USC00200230,"ANN ARBOR U OF MICH, MI US",2020-07-15,,,0.0,0.0,0.0,,88.0,59.0,83.0
USC00200230,"ANN ARBOR U OF MICH, MI US",2020-07-16,,,0.72,0.0,0.0,,83.0,69.0,75.0
USC00200230,"ANN ARBOR U OF MICH, MI US",2020-07-17,,,0.0,0.0,0.0,,86.0,62.0,85.0
USC00200230,"ANN ARBOR U OF MICH, MI US",2020-07-18,,,0.0,0.0,0.0,,90.0,61.0,88.0
USC00200230,"ANN ARBOR U OF MICH, MI US",2020-07-19,,,0.81,0.0,0.0,,88.0,70.0,76.0
USC00200230,"ANN ARBOR U OF MICH, MI US",2020-07-20,,,0.0,0.0,0.0,,85.0,66.0,81.0
USC00200230,"ANN ARBOR U OF MICH, MI US",2020-07-21,,,0.0,0.0,0.0,,83.0,64.0,82.0
USC00200230,"ANN ARBOR U OF MICH, MI US",2020-07-22,,,0.01,0.0,0.0,,83.0,69.0,81.0
USC00200230,"ANN ARBOR U OF MICH, MI US",2020-07-23,,,0.0,0.0,0.0,,83.0,66.0,81.0
USC00200230,"ANN ARBOR U OF MICH, MI US",2020-07-24,,,0.0,0.0,0.0,,83.0,56.0,80.0
USC00200230,"ANN ARBOR U OF MICH, MI US",2020-07-25,,,0.0,0.0,0.0,,87.0,66.0,84.0
USC00200230,"ANN ARBOR U OF MICH, MI US",2020-07-26,,,0.0,0.0,0.0,,90.0,66.0,87.0
USC00200230,"ANN ARBOR U OF MICH, MI US",2020-07-27,,,0.0,0.0,0.0,,87.0,75.0,82.0
USC00200230,"ANN ARBOR U OF MICH, MI US",2020-07-28,,,0.0,0.0,0.0,,86.0,62.0,84.0
USC00200230,"ANN ARBOR U OF MICH, MI US",2020-07-29,,,0.94,0.0,0.0,,85.0,64.0,82.0
USC00200230,"ANN ARBOR U OF MICH, MI US",2020-07-30,,,0.0,0.0,0.0,,83.0,62.0,79.0
USC00200230,"ANN ARBOR U OF MICH, MI US",2020-07-31,,,0.0,0.0,0.0,,83.0,57.0,79.0
USC00200230,"ANN ARBOR U OF MICH, MI US",2020-08-01,,,0.06,0.0,0.0,,79.0,57.0,71.0
USC00200230,"ANN ARBOR U OF MICH, MI US",2020-08-02,,,1.53,0.0,0.0,,73.0,66.0,73.0
USC00200230,"ANN ARBOR U OF MICH, MI US",2020-08-03,,,0.0,0.0,0.0,,82.0,58.0,78.0
USC00200230,"ANN ARBOR U OF MICH, MI US",2020-08-04,,,0.0,0.0,0.0,,78.0,62.0,67.0
USC00200230,"ANN ARBOR U OF MICH, MI US",2020-08-05,,,0.04,0.0,0.0,,75.0,52.0,73.0
USC00200230,"ANN ARBOR U OF MICH, MI US",2020-08-06,,,0.0,0.0,0.0,,79.0,50.0,74.0
USC00200230,"ANN ARBOR U OF MICH, MI US",2020-08-07,,,0.0,0.0,0.0,,81.0,49.0,77.0
USC00200230,"ANN ARBOR U OF MICH, MI US",2020-08-08,,,0.0,0.0,0.0,,83.0,51.0,81.0
USC00200230,"ANN ARBOR U OF MICH, MI US",2020-08-09,,,0.0,0.0,0.0,,88.0,60.0,86.0
USC00200230,"ANN ARBOR U OF MICH, MI US",2020-08-10,,,0.0,0.0,0.0,,88.0,65.0,85.0
USC00200230,"ANN ARBOR U OF MICH, MI US",2020-08-11,,,0.0,0.0,0.0,,85.0,70.0,79.0
USC00200230,"ANN ARBOR U OF MICH, MI US",2020-08-12,,,0.0,0.0,0.0,,86.0,53.0,84.0
USC00200230,"ANN ARBOR U OF MICH, MI US",2020-08-13,,,0.0,0.0,0.0,,87.0,51.0,84.0
USC00200230,"ANN ARBOR U OF MICH, MI US",2020-08-14,,,1.11,0.0,0.0,,86.0,60.0,72.0
USC00200230,"ANN ARBOR U OF MICH, MI US",2020-08-15,,,0.0,0.0,0.0,,87.0,63.0,83.0
USC00200230,"ANN ARBOR U OF MICH, MI US",2020-08-16,,,0.03,0.0,0.0,,83.0,67.0,78.0
USC00200230,"ANN ARBOR U OF MICH, MI US",2020-08-17,,,0.0,0.0,0.0,,80.0,55.0,78.0
USC00200230,"ANN ARBOR U OF MICH, MI US",2020-08-18,,,0.0,0.0,0.0,,78.0,54.0,74.0
USC00200230,"ANN ARBOR U OF MICH, MI US",2020-08-19,,,0.0,0.0,0.0,,76.0,48.0,73.0
USC00200230,"ANN ARBOR U OF MICH, MI US",2020-08-20,,,0.0,0.0,0.0,,82.0,48.0,79.0
USC00200230,"ANN ARBOR U OF MICH, MI US",2020-08-21,,,0.0,0.0,0.0,,87.0,54.0,85.0
USC00200230,"ANN ARBOR U OF MICH, MI US",2020-08-22,,,0.0,0.0,0.0,,90.0,57.0,87.0
USC00200230,"ANN ARBOR U OF MICH, MI US",2020-08-23,,,0.0,0.0,0.0,,89.0,57.0,84.0
USC00200230,"ANN ARBOR U OF MICH, MI US",2020-08-24,,,0.0,0.0,0.0,,91.0,59.0,86.0
USC00200230,"ANN ARBOR U OF MICH, MI US",2020-08-25,,,0.0,0.0,0.0,,86.0,70.0,81.0
USC00200230,"ANN ARBOR U OF MICH, MI US",2020-08-26,,,0.34,0.0,0.0,,87.0,62.0,86.0
USC00200230,"ANN ARBOR U OF MICH, MI US",2020-08-27,,,0.0,0.0,0.0,,91.0,74.0,88.0
USC00200230,"ANN ARBOR U OF MICH, MI US",2020-08-28,,,1.37,0.0,0.0,,88.0,68.0,74.0
USC00200230,"ANN ARBOR U OF MICH, MI US",2020-08-29,,,0.53,0.0,0.0,,78.0,65.0,74.0
USC00200230,"ANN ARBOR U OF MICH, MI US",2020-08-30,,,0.0,0.0,0.0,,75.0,50.0,72.0
USC00200230,"ANN ARBOR U OF MICH, MI US",2020-08-31,,,0.0,0.0,0.0,,80.0,51.0,77.0
USC00200230,"ANN ARBOR U OF MICH, MI US",2020-09-01,,,0.0,0.0,0.0,,84.0,56.0,79.0
USC00200230,"ANN ARBOR U OF MICH, MI US",2020-09-02,,,0.21,0.0,0.0,,80.0,65.0,75.0
USC00200230,"ANN ARBOR U OF MICH, MI US",2020-09-03,,,0.0,0.0,0.0,,84.0,64.0,79.0
USC00200230,"ANN ARBOR U OF MICH, MI US",2020-09-04,,,0.0,0.0,0.0,,79.0,48.0,71.0
USC00200230,"ANN ARBOR U OF MICH, MI US",2020-09-05,,,0.0,0.0,0.0,,78.0,47.0,75.0
USC00200230,"ANN ARBOR U OF MICH, MI US",2020-09-06,,,0.0,0.0,0.0,,75.0,45.0,71.0
USC00200230,"ANN ARBOR U OF MICH, MI US",2020-09-07,,,0.22,0.0,0.0,,81.0,64.0,76.0
USC00200230,"ANN ARBOR U OF MICH, MI US",2020-09-08,,,1.15,0.0,0.0,,76.0,55.0,60.0
USC00200230,"ANN ARBOR U OF MICH, MI US",2020-09-09,,,0.01,0.0,0.0,,68.0,56.0,67.0
USC00200230,"ANN ARBOR U OF MICH, MI US",2020-09-10,,,0.01,0.0,0.0,,67.0,59.0,62.0
USC00200230,"ANN ARBOR U OF MICH, MI US",2020-09-11,,,0.01,0.0,0.0,,69.0,53.0,66.0
USC00200230,"ANN ARBOR U OF MICH, MI US",2020-09-12,,,0.0,0.0,0.0,,80.0,52.0,76.0
USC00200230,"ANN ARBOR U OF MICH, MI US",2020-09-13,,,0.31,0.0,0.0,,76.0,63.0,71.0
USC00200230,"ANN ARBOR U OF MICH, MI US",2020-09-14,,,0.0,0.0,0.0,,71.0,50.0,63.0
USC00200230,"ANN ARBOR U OF MICH, MI US",2020-09-15,,,0.0,0.0,0.0,,71.0,41.0,67.0
USC00200230,"ANN ARBOR U OF MICH, MI US",2020-09-16,,,0.0,0.0,0.0,,78.0,46.0,73.0
USC00200230,"ANN ARBOR U OF MICH, MI US",2020-09-17,,,0.0,0.0,0.0,,73.0,54.0,64.0
USC00200230,"ANN ARBOR U OF MICH, MI US",2020-09-18,,,0.0,0.0,0.0,,64.0,42.0,58.0
USC00200230,"ANN ARBOR U OF MICH, MI US",2020-09-19,,,0.0,0.0,0.0,,64.0,29.0,60.0
USC00200230,"ANN ARBOR U OF MICH, MI US",2020-09-20,,,0.0,0.0,0.0,,68.0,34.0,63.0
USC00200230,"ANN ARBOR U OF MICH, MI US",2020-09-21,,,0.0,0.0,0.0,,72.0,36.0,64.0
USC00200230,"ANN ARBOR U OF MICH, MI US",2020-09-22,,,0.0,0.0,0.0,,77.0,38.0,72.0
USC00200230,"ANN ARBOR U OF MICH, MI US",2020-09-23,,,0.0,0.0,0.0,,79.0,46.0,73.0
USC00200230,"ANN ARBOR U OF MICH, MI US",2020-09-24,,,0.0,0.0,0.0,,77.0,50.0,73.0
USC00200230,"ANN ARBOR U OF MICH, MI US",2020-09-25,,,0.0,0.0,0.0,,80.0,46.0,73.0
USC00200230,"ANN ARBOR U OF MICH, MI US",2020-09-26,,,0.0,0.0,0.0,,81.0,48.0,74.0
USC00200230,"ANN ARBOR U OF MICH, MI US",2020-09-27,,,0.0,0.0,0.0,,76.0,60.0,72.0
USC00200230,"ANN ARBOR U OF MICH, MI US",2020-09-28,,,0.13,0.0,0.0,,72.0,54.0,54.0
USC00200230,"ANN ARBOR U OF MICH, MI US",2020-09-29,,,0.01,0.0,0.0,,63.0,42.0,60.0
USC00200230,"ANN ARBOR U OF MICH, MI US",2020-09-30,,,0.2,0.0,0.0,,63.0,42.0,54.0
USC00200230,"ANN ARBOR U OF MICH, MI US",2020-10-01,,,0.11,0.0,0.0,,61.0,39.0,54.0
USC00200230,"ANN ARBOR U OF MICH, MI US",2020-10-02,,,0.12,0.0,0.0,,56.0,36.0,50.0
USC00200230,"ANN ARBOR U OF MICH, MI US",2020-10-03,,,0.0,0.0,0.0,,56.0,35.0,51.0
USC00200230,"ANN ARBOR U OF MICH, MI US",2020-10-04,,,0.14,0.0,0.0,,54.0,45.0,51.0
USC00200230,"ANN ARBOR U OF MICH, MI US",2020-10-05,,,0.0,0.0,0.0,,60.0,38.0,57.0
USC00200230,"ANN ARBOR U OF MICH, MI US",2020-10-06,,,0.0,0.0,0.0,,69.0,43.0,66.0
USC00200230,"ANN ARBOR U OF MICH, MI US",2020-10-07,,,0.0,0.0,0.0,,72.0,49.0,66.0
USC00200230,"ANN ARBOR U OF MICH, MI US",2020-10-08,,,0.0,0.0,0.0,,70.0,35.0,66.0
USC00200230,"ANN ARBOR U OF MICH, MI US",2020-10-09,,,0.0,0.0,0.0,,79.0,33.0,75.0
USC00200230,"ANN ARBOR U OF MICH, MI US",2020-10-10,,,0.0,0.0,0.0,,75.0,59.0,70.0
USC00200230,"ANN ARBOR U OF MICH, MI US",2020-10-11,,,0.0,0.0,0.0,,70.0,50.0,61.0
USC00200230,"ANN ARBOR U OF MICH, MI US",2020-10-12,,,0.0,0.0,0.0,,70.0,49.0,66.0
USC00200230,"ANN ARBOR U OF MICH, MI US",2020-10-13,,,0.24,0.0,0.0,,68.0,36.0,62.0
USC00200230,"ANN ARBOR U OF MICH, MI US",2020-10-14,,,0.0,0.0,0.0,,62.0,34.0,57.0
USC00200230,"ANN ARBOR U OF MICH, MI US",2020-10-15,,,0.06,0.0,0.0,,63.0,48.0,48.0
USC00200230,"ANN ARBOR U OF MICH, MI US",2020-10-16,,,0.0,0.0,0.0,,56.0,24.0,50.0
USC00200230,"ANN ARBOR U OF MICH, MI US",2020-10-17,,,0.0,0.0,0.0,,56.0,26.0,51.0
USC00200230,"ANN ARBOR U OF MICH, MI US",2020-10-18,,,0.03,0.0,0.0,,62.0,45.0,52.0
USC00200230,"ANN ARBOR U OF MICH, MI US",2020-10-19,,,0.21,0.0,0.0,,53.0,39.0,44.0
USC00200230,"ANN ARBOR U OF MICH, MI US",2020-10-20,,,0.16,0.0,0.0,,55.0,37.0,50.0
USC00200230,"ANN ARBOR U OF MICH, MI US",2020-10-21,,,0.24,0.0,0.0,,58.0,47.0,55.0
USC00200230,"ANN ARBOR U OF MICH, MI US",2020-10-22,,,0.66,0.0,0.0,,58.0,42.0,58.0
USC00200230,"ANN ARBOR U OF MICH, MI US",2020-10-23,,,0.42,0.0,0.0,,77.0,47.0,63.0
USC00200230,"ANN ARBOR U OF MICH, MI US",2020-10-24,,,0.0,0.0,0.0,,63.0,34.0,43.0
USC00200230,"ANN ARBOR U OF MICH, MI US",2020-10-25,,,0.0,0.0,0.0,,46.0,29.0,44.0
USC00200230,"ANN ARBOR U OF MICH, MI US",2020-10-26,,,0.02,0.0,0.0,,45.0,40.0,43.0
USC00200230,"ANN ARBOR U OF MICH, MI US",2020-10-27,,,0.12,0.0,0.0,,43.0,37.0,37.0
USC00200230,"ANN ARBOR U OF MICH, MI US",2020-10-28,,,0.05,0.0,0.0,,54.0,36.0,49.0
USC00200230,"ANN ARBOR U OF MICH, MI US",2020-10-29,,,0.0,0.0,0.0,,51.0,36.0,44.0
USC00200230,"ANN ARBOR U OF MICH, MI US",2020-10-30,,,0.0,0.0,0.0,,44.0,35.0,37.0
USC00200230,"ANN ARBOR U OF MICH, MI US",2020-10-31,,,0.0,0.0,0.0,,51.0,23.0,48.0
USC00200230,"ANN ARBOR U OF MICH, MI US",2020-11-01,,,0.09,0.1,0.0,,48.0,30.0,32.0
USC00200230,"ANN ARBOR U OF MICH, MI US",2020-11-02,,,0.0,0.0,0.0,,47.0,26.0,43.0
USC00200230,"ANN ARBOR U OF MICH, MI US",2020-11-03,,,0.0,0.0,0.0,,61.0,36.0,52.0
USC00200230,"ANN ARBOR U OF MICH, MI US",2020-11-04,,,0.0,0.0,0.0,,71.0,39.0,62.0
USC00200230,"ANN ARBOR U OF MICH, MI US",2020-11-05,,,0.0,0.0,0.0,,65.0,44.0,59.0
USC00200230,"ANN ARBOR U OF MICH, MI US",2020-11-06,,,0.0,0.0,0.0,,73.0,37.0,61.0
USC00200230,"ANN ARBOR U OF MICH, MI US",2020-11-07,,,0.0,0.0,0.0,,72.0,37.0,57.0
USC00200230,"ANN ARBOR U OF MICH, MI US",2020-11-08,,,0.0,0.0,0.0,,75.0,33.0,60.0
USC00200230,"ANN ARBOR U OF MICH, MI US",2020-11-09,,,0.0,0.0,0.0,,78.0,39.0,69.0
USC00200230,"ANN ARBOR U OF MICH, MI US",2020-11-10,,,0.0,0.0,0.0,,78.0,52.0,73.0
USC00200230,"ANN ARBOR U OF MICH, MI US",2020-11-11,,,0.14,0.0,0.0,,73.0,39.0,39.0
USC00200230,"ANN ARBOR U OF MICH, MI US",2020-11-12,,,0.0,0.0,0.0,,51.0,24.0,40.0
USC00200230,"ANN ARBOR U OF MICH, MI US",2020-11-13,,,0.01,0.0,0.0,,46.0,29.0,36.0
USC00200230,"ANN ARBOR U OF MICH, MI US",2020-11-14,,,0.0,0.0,0.0,,40.0,17.0,38.0
USC00200230,"ANN ARBOR U OF MICH, MI US",2020-11-15,,,0.78,0.0,0.0,,53.0,38.0,40.0
USC00200230,"ANN ARBOR U OF MICH, MI US",2020-11-16,,,0.0,0.0,0.0,,46.0,35.0,39.0
USC00200230,"ANN ARBOR U OF MICH, MI US",2020-11-17,,,0.04,0.3,0.0,,39.0,31.0,33.0
USC00200230,"ANN ARBOR U OF MICH, MI US",2020-11-18,,,0.0,0.0,0.0,,43.0,18.0,38.0
USC00200230,"ANN ARBOR U OF MICH, MI US",2020-11-19,,,0.0,0.0,0.0,,65.0,36.0,57.0
USC00200230,"ANN ARBOR U OF MICH, MI US",2020-11-20,,,0.0,0.0,0.0,,66.0,49.0,56.0
USC00200230,"ANN ARBOR U OF MICH, MI US",2020-11-21,,,0.0,0.0,0.0,,56.0,29.0,37.0
USC00200230,"ANN ARBOR U OF MICH, MI US",2020-11-22,,,0.52,3.1,2.0,,37.0,27.0,32.0
USC00200230,"ANN ARBOR U OF MICH, MI US",2020-11-23,,,0.03,0.2,0.0,,44.0,31.0,38.0
USC00200230,"ANN ARBOR U OF MICH, MI US",2020-11-24,,,0.15,0.4,0.0,,39.0,19.0,32.0
USC00200230,"ANN ARBOR U OF MICH, MI US",2020-11-25,,,0.35,0.0,0.0,,46.0,32.0,46.0
USC00200230,"ANN ARBOR U OF MICH, MI US",2020-11-26,,,0.11,0.0,0.0,,50.0,44.0,44.0
USC00200230,"ANN ARBOR U OF MICH, MI US",2020-11-27,,,0.0,0.0,0.0,,44.0,39.0,42.0
USC00200230,"ANN ARBOR U OF MICH, MI US",2020-11-28,,,0.0,0.0,0.0,,48.0,27.0,38.0
USC00200230,"ANN ARBOR U OF MICH, MI US",2020-11-29,,,0.0,0.0,0.0,,49.0,27.0,40.0
USC00200230,"ANN ARBOR U OF MICH, MI US",2020-11-30,,,0.27,2.0,2.0,,41.0,29.0,29.0
USC00200230,"ANN ARBOR U OF MICH, MI US",2020-12-01,,,0.1,1.3,2.0,,33.0,26.0,33.0
USC00200230,"ANN ARBOR U OF MICH, MI US",2020-12-02,,,0.0,0.0,0.0,,45.0,28.0,37.0
USC00200230,"ANN ARBOR U OF MICH, MI US",2020-12-03,,,0.0,0.0,0.0,,48.0,29.0,40.0
USC00200230,"ANN ARBOR U OF MICH, MI US",2020-12-04,,,0.0,0.0,0.0,,48.0,35.0,37.0
USC00200230,"ANN ARBOR U OF MICH, MI US",2020-12-05,,,0.0,0.0,0.0,,37.0,28.0,31.0
USC00200230,"ANN ARBOR U OF MICH, MI US",2020-12-06,,,0.0,0.0,0.0,,31.0,18.0,29.0
USC00200230,"ANN ARBOR U OF MICH, MI US",2020-12-07,,,0.0,0.0,0.0,,33.0,27.0,31.0
USC00200230,"ANN ARBOR U OF MICH, MI US",2020-12-08,,,0.0,0.0,0.0,,37.0,16.0,33.0
USC00200230,"ANN ARBOR U OF MICH, MI US",2020-12-09,,,0.0,0.0,0.0,,42.0,33.0,35.0
USC00200230,"ANN ARBOR U OF MICH, MI US",2020-12-10,,,0.0,0.0,0.0,,49.0,21.0,38.0
USC00200230,"ANN ARBOR U OF MICH, MI US",2020-12-11,,,0.0,0.0,0.0,,52.0,26.0,44.0
USC00200230,"ANN ARBOR U OF MICH, MI US",2020-12-12,,,0.66,0.0,0.0,,54.0,40.0,45.0
USC00200230,"ANN ARBOR U OF MICH, MI US",2020-12-13,,,0.0,0.0,0.0,,45.0,29.0,34.0
USC00200230,"ANN ARBOR U OF MICH, MI US",2020-12-14,,,0.0,0.0,0.0,,34.0,29.0,29.0
USC00200230,"ANN ARBOR U OF MICH, MI US",2020-12-15,,,0.0,0.0,0.0,,30.0,14.0,24.0
USC00200230,"ANN ARBOR U OF MICH, MI US",2020-12-16,,,0.09,1.1,1.0,,29.0,21.0,26.0
USC00200230,"ANN ARBOR U OF MICH, MI US",2020-12-17,,,0.05,0.7,1.0,,30.0,25.0,29.0
USC00200230,"ANN ARBOR U OF MICH, MI US",2020-12-18,,,0.02,0.4,2.0,,31.0,20.0,27.0
USC00200230,"ANN ARBOR U OF MICH, MI US",2020-12-19,,,0.02,0.2,1.0,,36.0,24.0,34.0
USC00200230,"ANN ARBOR U OF MICH, MI US",2020-12-20,,,0.01,0.0,0.0,,37.0,29.0,29.0
USC00200230,"ANN ARBOR U OF MICH, MI US",2020-12-21,,,0.05,0.2,0.0,,37.0,26.0,34.0
USC00200230,"ANN ARBOR U OF MICH, MI US",2020-12-22,,,0.03,0.0,0.0,,39.0,32.0,32.0
USC00200230,"ANN ARBOR U OF MICH, MI US",2020-12-23,,,0.05,0.0,0.0,,51.0,27.0,48.0
USC00200230,"ANN ARBOR U OF MICH, MI US",2020-12-24,,,0.06,0.2,0.0,,50.0,20.0,20.0
USC00200230,"ANN ARBOR U OF MICH, MI US",2020-12-25,,,0.13,2.2,2.0,,23.0,17.0,23.0
USC00200230,"ANN ARBOR U OF MICH, MI US",2020-12-26,,,0.01,0.2,1.0,,26.0,19.0,26.0
USC00200230,"ANN ARBOR U OF MICH, MI US",2020-12-27,,,0.0,0.0,1.0,,35.0,17.0,33.0
USC00200230,"ANN ARBOR U OF MICH, MI US",2020-12-28,,,0.13,0.0,0.0,,42.0,28.0,28.0
USC00200230,"ANN ARBOR U OF MICH, MI US",2020-12-29,,,0.01,0.3,0.0,,30.0,14.0,28.0
USC00200230,"ANN ARBOR U OF MICH, MI US",2020-12-30,,,0.25,1.2,0.0,,41.0,26.0,36.0
USC00200230,"ANN ARBOR U OF MICH, MI US",2020-12-31,,,0.0,0.0,0.0,,36.0,25.0,25.0
USC00200230,"ANN ARBOR U OF MICH, MI US",2021-01-01,,,0.12,0.5,0.0,,31.0,15.0,31.0
USC00200230,"ANN ARBOR U OF MICH, MI US",2021-01-02,,,0.2,0.3,0.0,,32.0,31.0,32.0
USC00200230,"ANN ARBOR U OF MICH, MI US",2021-01-03,,,0.31,2.7,2.0,,36.0,31.0,32.0
USC00200230,"ANN ARBOR U OF MICH, MI US",2021-01-04,,,0.0,0.0,2.0,,33.0,30.0,30.0
USC00200230,"ANN ARBOR U OF MICH, MI US",2021-01-05,,,0.04,0.4,2.0,,33.0,29.0,32.0
USC00200230,"ANN ARBOR U OF MICH, MI US",2021-01-06,,,0.0,0.0,1.0,,37.0,31.0,34.0
USC00200230,"ANN ARBOR U OF MICH, MI US",2021-01-07,,,0.0,0.0,1.0,,34.0,31.0,32.0
USC00200230,"ANN ARBOR U OF MICH, MI US",2021-01-08,,,0.0,0.0,1.0,,32.0,27.0,27.0
USC00200230,"ANN ARBOR U OF MICH, MI US",2021-01-09,,,0.0,0.0,0.0,,39.0,18.0,32.0
USC00200230,"ANN ARBOR U OF MICH, MI US",2021-01-10,,,0.0,0.0,0.0,,33.0,15.0,31.0
USC00200230,"ANN ARBOR U OF MICH, MI US",2021-01-11,,,0.0,0.0,0.0,,31.0,24.0,25.0
USC00200230,"ANN ARBOR U OF MICH, MI US",2021-01-12,,,0.0,0.0,0.0,,30.0,24.0,30.0
USC00200230,"ANN ARBOR U OF MICH, MI US",2021-01-13,,,0.0,0.0,0.0,,45.0,27.0,38.0
USC00200230,"ANN ARBOR U OF MICH, MI US",2021-01-14,,,0.03,0.0,0.0,,43.0,29.0,37.0
USC00200230,"ANN ARBOR U OF MICH, MI US",2021-01-15,,,0.41,1.9,1.0,,38.0,31.0,31.0
USC00200230,"ANN ARBOR U OF MICH, MI US",2021-01-16,,,0.0,0.0,1.0,,32.0,24.0,30.0
USC00200230,"ANN ARBOR U OF MICH, MI US",2021-01-17,,,0.05,0.8,1.0,,36.0,29.0,33.0
USC00200230,"ANN ARBOR U OF MICH, MI US",2021-01-18,,,0.04,0.5,1.0,,34.0,29.0,30.0
USC00200230,"ANN ARBOR U OF MICH, MI US",2021-01-19,,,0.0,0.1,1.0,,32.0,27.0,29.0
USC00200230,"ANN ARBOR U OF MICH, MI US",2021-01-20,,,0.06,1.2,2.0,,29.0,17.0,24.0
USC00200230,"ANN ARBOR U OF MICH, MI US",2021-01-21,,,0.0,0.0,1.0,,41.0,21.0,37.0
USC00200230,"ANN ARBOR U OF MICH, MI US",2021-01-22,,,0.01,0.2,0.0,,37.0,20.0,20.0
USC00200230,"ANN ARBOR U OF MICH, MI US",2021-01-23,,,0.0,0.0,0.0,,29.0,10.0,25.0
USC00200230,"ANN ARBOR U OF MICH, MI US",2021-01-24,,,0.04,0.7,1.0,,26.0,12.0,26.0
USC00200230,"ANN ARBOR U OF MICH, MI US",2021-01-25,,,0.0,0.0,1.0,,31.0,10.0,29.0
USC00200230,"ANN ARBOR U OF MICH, MI US",2021-01-26,,,0.24,2.0,2.0,,32.0,27.0,29.0
USC00200230,"ANN ARBOR U OF MICH, MI US",2021-01-27,,,0.0,0.0,2.0,,29.0,13.0,22.0
USC00200230,"ANN ARBOR U OF MICH, MI US",2021-01-28,,,0.0,0.0,2.0,,22.0,9.0,20.0
USC00200230,"ANN ARBOR U OF MICH, MI US",2021-01-29,,,0.0,0.0,1.0,,27.0,9.0,21.0
USC00200230,"ANN ARBOR U OF MICH, MI US",2021-01-30,,,0.0,0.0,1.0,,29.0,3.0,26.0
USC00200230,"ANN ARBOR U OF MICH, MI US",2021-01-31,,,0.16,1.8,3.0,,30.0,26.0,28.0
USC00200230,"ANN ARBOR U OF MICH, MI US",2021-02-01,,,0.01,0.2,2.0,,31.0,22.0,27.0
USC00200230,"ANN ARBOR U OF MICH, MI US",2021-02-02,,,0.0,0.0,2.0,,33.0,18.0,28.0
USC00200230,"ANN ARBOR U OF MICH, MI US",2021-02-03,,,0.0,0.0,2.0,,36.0,15.0,30.0
USC00200230,"ANN ARBOR U OF MICH, MI US",2021-02-04,,,0.0,0.1,1.0,,34.0,11.0,28.0
USC00200230,"ANN ARBOR U OF MICH, MI US",2021-02-05,,,0.44,4.1,5.0,,33.0,15.0,17.0
USC00200230,"ANN ARBOR U OF MICH, MI US",2021-02-06,,,0.0,0.0,5.0,,22.0,12.0,14.0
USC00200230,"ANN ARBOR U OF MICH, MI US",2021-02-07,,,0.07,0.7,5.0,,16.0,9.0,11.0
USC00200230,"ANN ARBOR U OF MICH, MI US",2021-02-08,,,0.02,0.3,5.0,,19.0,-1.0,14.0
USC00200230,"ANN ARBOR U OF MICH, MI US",2021-02-09,,,0.08,1.6,7.0,,24.0,3.0,18.0
USC00200230,"ANN ARBOR U OF MICH, MI US",2021-02-10,,,0.03,0.3,6.0,,20.0,-4.0,17.0
USC00200230,"ANN ARBOR U OF MICH, MI US",2021-02-11,,,0.01,0.1,6.0,,26.0,5.0,21.0
USC00200230,"ANN ARBOR U OF MICH, MI US",2021-02-12,,,0.02,0.6,6.0,,27.0,14.0,23.0
USC00200230,"ANN ARBOR U OF MICH, MI US",2021-02-13,,,0.09,1.1,7.0,,23.0,16.0,19.0
USC00200230,"ANN ARBOR U OF MICH, MI US",2021-02-14,,,0.01,0.4,7.0,,26.0,2.0,18.0
USC00200230,"ANN ARBOR U OF MICH, MI US",2021-02-15,,,0.12,1.6,8.0,,18.0,10.0,12.0
USC00200230,"ANN ARBOR U OF MICH, MI US",2021-02-16,,,0.67,7.3,13.0,,19.0,10.0,14.0
USC00200230,"ANN ARBOR U OF MICH, MI US",2021-02-17,,,0.0,0.0,12.0,,23.0,-16.0,18.0
USC00200230,"ANN ARBOR U OF MICH, MI US",2021-02-18,,,0.05,0.5,12.0,,28.0,6.0,23.0
USC00200230,"ANN ARBOR U OF MICH, MI US",2021-02-19,,,0.05,1.5,13.0,,28.0,14.0,24.0
USC00200230,"ANN ARBOR U OF MICH, MI US",2021-02-20,,,0.02,0.4,11.0,,32.0,13.0,24.0
USC00200230,"ANN ARBOR U OF MICH, MI US",2021-02-21,,,0.0,0.0,11.0,,35.0,-6.0,27.0
USC00200230,"ANN ARBOR U OF MICH, MI US",2021-02-22,,,0.19,2.0,12.0,,36.0,27.0,29.0
USC00200230,"ANN ARBOR U OF MICH, MI US",2021-02-23,,,0.0,0.1,8.0,,48.0,28.0,43.0
USC00200230,"ANN ARBOR U OF MICH, MI US",2021-02-24,,,0.0,0.0,4.0,,51.0,31.0,38.0
USC00200230,"ANN ARBOR U OF MICH, MI US",2021-02-25,,,0.0,0.0,3.0,,42.0,14.0,37.0
USC00200230,"ANN ARBOR U OF MICH, MI US",2021-02-26,,,0.0,0.0,3.0,,42.0,11.0,35.0
USC00200230,"ANN ARBOR U OF MICH, MI US",2021-02-27,,,0.1,0.0,1.0,,50.0,29.0,44.0
USC00200230,"ANN ARBOR U OF MICH, MI US",2021-02-28,,,0.04,0.0,0.0,,59.0,27.0,52.0
USC00200230,"ANN ARBOR U OF MICH, MI US",2021-03-01,,,0.0,0.0,0.0,,52.0,29.0,29.0
USC00200230,"ANN ARBOR U OF MICH, MI US",2021-03-02,,,0.0,0.0,0.0,,38.0,10.0,35.0
USC00200230,"ANN ARBOR U OF MICH, MI US",2021-03-03,,,0.0,0.0,0.0,,55.0,25.0,47.0
USC00200230,"ANN ARBOR U OF MICH, MI US",2021-03-04,,,0.0,0.0,0.0,,47.0,27.0,29.0
USC00200230,"ANN ARBOR U OF MICH, MI US",2021-03-05,,,0.0,0.0,0.0,,41.0,17.0,38.0
USC00200230,"ANN ARBOR U OF MICH, MI US",2021-03-06,,,0.0,0.0,0.0,,40.0,22.0,36.0
USC00200230,"ANN ARBOR U OF MICH, MI US",2021-03-07,,,0.0,0.0,0.0,,42.0,18.0,38.0
USC00200230,"ANN ARBOR U OF MICH, MI US",2021-03-08,,,0.0,0.0,0.0,,67.0,21.0,61.0
USC00200230,"ANN ARBOR U OF MICH, MI US",2021-03-09,,,0.0,0.0,0.0,,61.0,27.0,52.0
USC00200230,"ANN ARBOR U OF MICH, MI US",2021-03-10,,,0.0,0.0,0.0,,69.0,27.0,64.0
USC00200230,"ANN ARBOR U OF MICH, MI US",2021-03-11,,,0.0,0.0,0.0,,71.0,57.0,57.0
USC00200230,"ANN ARBOR U OF MICH, MI US",2021-03-12,,,0.0,0.0,0.0,,57.0,35.0,47.0
USC00200230,"ANN ARBOR U OF MICH, MI US",2021-03-13,,,0.0,0.0,0.0,,53.0,14.0,50.0
USC00200230,"ANN ARBOR U OF MICH, MI US",2021-03-14,,,0.0,0.0,0.0,,50.0,35.0,43.0
USC00200230,"ANN ARBOR U OF MICH, MI US",2021-03-15,,,0.0,0.0,0.0,,43.0,19.0,31.0
USC00200230,"ANN ARBOR U OF MICH, MI US",2021-03-16,,,0.01,0.1,0.0,,53.0,30.0,51.0
USC00200230,"ANN ARBOR U OF MICH, MI US",2021-03-17,,,0.0,0.0,0.0,,60.0,23.0,57.0
USC00200230,"ANN ARBOR U OF MICH, MI US",2021-03-18,,,0.03,0.0,0.0,,57.0,35.0,40.0
USC00200230,"ANN ARBOR U OF MICH, MI US",2021-03-19,,,0.0,0.0,0.0,,49.0,25.0,46.0
USC00200230,"ANN ARBOR U OF MICH, MI US",2021-03-20,,,0.0,0.0,0.0,,57.0,15.0,55.0
USC00200230,"ANN ARBOR U OF MICH, MI US",2021-03-21,,,0.0,0.0,0.0,,66.0,19.0,62.0
USC00200230,"ANN ARBOR U OF MICH, MI US",2021-03-22,,,0.0,0.0,0.0,,71.0,26.0,65.0
USC00200230,"ANN ARBOR U OF MICH, MI US",2021-03-23,,,0.0,0.0,0.0,,71.0,41.0,63.0
USC00200230,"ANN ARBOR U OF MICH, MI US",2021-03-24,,,0.01,0.0,0.0,,70.0,50.0,66.0
USC00200230,"ANN ARBOR U OF MICH, MI US",2021-03-25,,,0.0,0.0,0.0,,66.0,37.0,61.0
USC00200230,"ANN ARBOR U OF MICH, MI US",2021-03-26,,,1.15,0.0,0.0,,61.0,37.0,53.0
USC00200230,"ANN ARBOR U OF MICH, MI US",2021-03-27,,,0.0,0.0,0.0,,58.0,37.0,57.0
USC00200230,"ANN ARBOR U OF MICH, MI US",2021-03-28,,,0.66,0.0,0.0,,57.0,40.0,41.0
USC00200230,"ANN ARBOR U OF MICH, MI US",2021-03-29,,,0.0,0.0,0.0,,51.0,27.0,50.0
USC00200230,"ANN ARBOR U OF MICH, MI US",2021-03-30,,,0.0,0.0,0.0,,70.0,39.0,67.0
USC00200230,"ANN ARBOR U OF MICH, MI US",2021-03-31,,,0.1,0.0,0.0,,67.0,39.0,43.0
USC00200230,"ANN ARBOR U OF MICH, MI US",2021-04-01,,,0.0,0.0,0.0,,43.0,24.0,35.0
USC00200230,"ANN ARBOR U OF MICH, MI US",2021-04-02,,,0.0,0.0,0.0,,47.0,17.0,44.0
USC00200230,"ANN ARBOR U OF MICH, MI US",2021-04-03,,,0.0,0.0,0.0,,64.0,21.0,62.0
USC00200230,"ANN ARBOR U OF MICH, MI US",2021-04-04,,,0.0,0.0,0.0,,69.0,31.0,67.0
USC00200230,"ANN ARBOR U OF MICH, MI US",2021-04-05,,,0.34,0.0,0.0,,67.0,39.0,56.0
USC00200230,"ANN ARBOR U OF MICH, MI US",2021-04-06,,,0.0,0.0,0.0,,79.0,35.0,75.0
USC00200230,"ANN ARBOR U OF MICH, MI US",2021-04-07,,,0.0,0.0,0.0,,82.0,46.0,76.0
USC00200230,"ANN ARBOR U OF MICH, MI US",2021-04-08,,,0.31,0.0,0.0,,76.0,50.0,60.0
USC00200230,"ANN ARBOR U OF MICH, MI US",2021-04-09,,,0.04,0.0,0.0,,74.0,52.0,70.0
USC00200230,"ANN ARBOR U OF MICH, MI US",2021-04-10,,,0.0,0.0,0.0,,74.0,42.0,69.0
USC00200230,"ANN ARBOR U OF MICH, MI US",2021-04-11,,,1.64,0.0,0.0,,69.0,46.0,52.0
USC00200230,"ANN ARBOR U OF MICH, MI US",2021-04-12,,,0.15,0.0,0.0,,62.0,43.0,58.0
USC00200230,"ANN ARBOR U OF MICH, MI US",2021-04-13,,,0.0,0.0,0.0,,65.0,34.0,62.0
USC00200230,"ANN ARBOR U OF MICH, MI US",2021-04-14,,,0.0,0.0,0.0,,62.0,29.0,48.0
USC00200230,"ANN ARBOR U OF MICH, MI US",2021-04-15,,,0.08,0.1,0.0,,48.0,34.0,45.0
USC00200230,"ANN ARBOR U OF MICH, MI US",2021-04-16,,,0.01,0.0,0.0,,53.0,37.0,53.0
USC00200230,"ANN ARBOR U OF MICH, MI US",2021-04-17,,,0.0,0.0,0.0,,61.0,32.0,55.0
USC00200230,"ANN ARBOR U OF MICH, MI US",2021-04-18,,,0.0,0.0,0.0,,61.0,35.0,56.0
USC00200230,"ANN ARBOR U OF MICH, MI US",2021-04-19,,,0.0,0.0,0.0,,64.0,35.0,46.0
USC00200230,"ANN ARBOR U OF MICH, MI US",2021-04-20,,,0.13,1.0,0.0,,46.0,32.0,32.0
USC00200230,"ANN ARBOR U OF MICH, MI US",2021-04-21,,,0.17,1.3,0.0,,42.0,26.0,41.0
USC00200230,"ANN ARBOR U OF MICH, MI US",2021-04-22,,,0.0,0.0,0.0,,49.0,22.0,46.0
USC00200230,"ANN ARBOR U OF MICH, MI US",2021-04-23,,,0.0,0.0,0.0,,63.0,24.0,58.0
USC00200230,"ANN ARBOR U OF MICH, MI US",2021-04-24,,,0.03,0.0,0.0,,58.0,31.0,52.0
USC00200230,"ANN ARBOR U OF MICH, MI US",2021-04-25,,,0.0,0.0,0.0,,53.0,38.0,52.0
USC00200230,"ANN ARBOR U OF MICH, MI US",2021-04-26,,,0.0,0.0,0.0,,55.0,29.0,53.0
USC00200230,"ANN ARBOR U OF MICH, MI US",2021-04-27,,,0.0,0.0,0.0,,83.0,39.0,81.0
USC00200230,"ANN ARBOR U OF MICH, MI US",2021-04-28,,,0.03,0.0,0.0,,81.0,60.0,72.0
USC00200230,"ANN ARBOR U OF MICH, MI US",2021-04-29,,,0.31,0.0,0.0,,72.0,48.0,48.0
USC00200230,"ANN ARBOR U OF MICH, MI US",2021-04-30,,,0.04,0.0,0.0,,55.0,41.0,54.0
USC00200230,"ANN ARBOR U OF MICH, MI US",2021-05-01,,,0.0,0.0,0.0,,66.0,26.0,64.0
USC00200230,"ANN ARBOR U OF MICH, MI US",2021-05-02,,,0.0,0.0,0.0,,82.0,60.0,79.0
USC00200230,"ANN ARBOR U OF MICH, MI US",2021-05-03,,,0.29,0.0,0.0,,79.0,55.0,60.0
USC00200230,"ANN ARBOR U OF MICH, MI US",2021-05-04,,,0.14,0.0,0.0,,61.0,56.0,56.0
USC00200230,"ANN ARBOR U OF MICH, MI US",2021-05-05,,,0.01,0.0,0.0,,56.0,41.0,54.0
USC00200230,"ANN ARBOR U OF MICH, MI US",2021-05-06,,,0.05,0.0,0.0,,54.0,31.0,46.0
USC00200230,"ANN ARBOR U OF MICH, MI US",2021-05-07,,,0.18,0.0,0.0,,56.0,37.0,55.0
USC00200230,"ANN ARBOR U OF MICH, MI US",2021-05-08,,,0.0,0.0,0.0,,56.0,36.0,53.0
USC00200230,"ANN ARBOR U OF MICH, MI US",2021-05-09,,,0.19,0.0,0.0,,53.0,37.0,48.0
USC00200230,"ANN ARBOR U OF MICH, MI US",2021-05-10,,,0.0,0.0,0.0,,55.0,32.0,51.0
USC00200230,"ANN ARBOR U OF MICH, MI US",2021-05-11,,,0.01,0.0,0.0,,55.0,34.0,51.0
USC00200230,"ANN ARBOR U OF MICH, MI US",2021-05-12,,,0.0,0.0,0.0,,65.0,33.0,63.0
USC00200230,"ANN ARBOR U OF MICH, MI US",2021-05-13,,,0.0,0.0,0.0,,69.0,32.0,67.0
USC00200230,"ANN ARBOR U OF MICH, MI US",2021-05-14,,,0.0,0.0,0.0,,73.0,33.0,69.0
USC00200230,"ANN ARBOR U OF MICH, MI US",2021-05-15,,,0.0,0.0,0.0,,73.0,36.0,69.0
USC00200230,"ANN ARBOR U OF MICH, MI US",2021-05-16,,,0.17,0.0,0.0,,70.0,49.0,68.0
USC00200230,"ANN ARBOR U OF MICH, MI US",2021-05-17,,,0.0,0.0,0.0,,76.0,42.0,73.0
USC00200230,"ANN ARBOR U OF MICH, MI US",2021-05-18,,,0.0,0.0,0.0,,78.0,42.0,76.0
USC00200230,"ANN ARBOR U OF MICH, MI US",2021-05-19,,,0.0,0.0,0.0,,84.0,48.0,77.0
USC00200230,"ANN ARBOR U OF MICH, MI US",2021-05-20,,,0.0,0.0,0.0,,86.0,55.0,84.0
USC00200230,"ANN ARBOR U OF MICH, MI US",2021-05-21,,,0.0,0.0,0.0,,88.0,54.0,84.0
USC00200230,"ANN ARBOR U OF MICH, MI US",2021-05-22,,,0.02,0.0,0.0,,85.0,59.0,84.0
USC00200230,"ANN ARBOR U OF MICH, MI US",2021-05-23,,,0.04,0.0,0.0,,86.0,62.0,72.0
USC00200230,"ANN ARBOR U OF MICH, MI US",2021-05-24,,,0.16,0.0,0.0,,81.0,54.0,78.0
USC00200230,"ANN ARBOR U OF MICH, MI US",2021-05-25,,,0.0,0.0,0.0,,87.0,59.0,81.0
USC00200230,"ANN ARBOR U OF MICH, MI US",2021-05-26,,,0.35,0.0,0.0,,81.0,64.0,73.0
USC00200230,"ANN ARBOR U OF MICH, MI US",2021-05-27,,,0.0,0.0,0.0,,73.0,44.0,62.0
USC00200230,"ANN ARBOR U OF MICH, MI US",2021-05-28,,,0.78,0.0,0.0,,62.0,41.0,44.0
USC00200230,"ANN ARBOR U OF MICH, MI US",2021-05-29,,,0.0,0.0,0.0,,64.0,37.0,61.0
USC00200230,"ANN ARBOR U OF MICH, MI US",2021-05-30,,,0.0,0.0,0.0,,70.0,32.0,68.0
USC00200230,"ANN ARBOR U OF MICH, MI US",2021-05-31,,,0.0,0.0,0.0,,74.0,39.0,70.0
USC00200230,"ANN ARBOR U OF MICH, MI US",2021-06-01,,,0.0,0.0,0.0,,77.0,45.0,72.0
USC00200230,"ANN ARBOR U OF MICH, MI US",2021-06-02,,,0.21,0.0,0.0,,72.0,49.0,60.0
USC00200230,"ANN ARBOR U OF MICH, MI US",2021-06-03,,,0.27,0.0,0.0,,79.0,60.0,78.0
USC00200230,"ANN ARBOR U OF MICH, MI US",2021-06-04,,,0.0,0.0,0.0,,86.0,55.0,84.0
USC00200230,"ANN ARBOR U OF MICH, MI US",2021-06-05,,,0.0,0.0,0.0,,86.0,61.0,84.0
USC00200230,"ANN ARBOR U OF MICH, MI US",2021-06-06,,,0.0,0.0,0.0,,88.0,58.0,84.0
USC00200230,"ANN ARBOR U OF MICH, MI US",2021-06-07,,,0.0,0.0,0.0,,84.0,67.0,76.0
USC00200230,"ANN ARBOR U OF MICH, MI US",2021-06-08,,,0.14,0.0,0.0,,86.0,66.0,72.0
USC00200230,"ANN ARBOR U OF MICH, MI US",2021-06-09,,,0.54,0.0,0.0,,87.0,63.0,76.0
USC00200230,"ANN ARBOR U OF MICH, MI US",2021-06-10,,,0.0,0.0,0.0,,88.0,62.0,82.0
USC00200230,"ANN ARBOR U OF MICH, MI US",2021-06-11,,,0.0,0.0,0.0,,89.0,60.0,85.0
USC00200230,"ANN ARBOR U OF MICH, MI US",2021-06-12,,,0.02,0.0,0.0,,86.0,64.0,82.0
USC00200230,"ANN ARBOR U OF MICH, MI US",2021-06-13,,,0.15,0.0,0.0,,82.0,65.0,77.0
USC00200230,"ANN ARBOR U OF MICH, MI US",2021-06-14,,,0.02,0.0,0.0,,78.0,58.0,74.0
USC00200230,"ANN ARBOR U OF MICH, MI US",2021-06-15,,,0.0,0.0,0.0,,75.0,56.0,73.0
USC00200230,"ANN ARBOR U OF MICH, MI US",2021-06-16,,,0.0,0.0,0.0,,76.0,41.0,73.0
USC00200230,"ANN ARBOR U OF MICH, MI US",2021-06-17,,,0.0,0.0,0.0,,86.0,44.0,83.0
USC00200230,"ANN ARBOR U OF MICH, MI US",2021-06-18,,,0.51,0.0,0.0,,83.0,60.0,79.0
USC00200230,"ANN ARBOR U OF MICH, MI US",2021-06-19,,,0.08,0.0,0.0,,79.0,63.0,75.0
USC00200230,"ANN ARBOR U OF MICH, MI US",2021-06-20,,,0.03,0.0,0.0,,86.0,58.0,82.0
USC00200230,"ANN ARBOR U OF MICH, MI US",2021-06-21,,,1.2,0.0,0.0,,82.0,63.0,66.0
USC00200230,"ANN ARBOR U OF MICH, MI US",2021-06-22,,,0.0,0.0,0.0,,68.0,40.0,62.0
USC00200230,"ANN ARBOR U OF MICH, MI US",2021-06-23,,,0.01,0.0,0.0,,74.0,42.0,73.0
USC00200230,"ANN ARBOR U OF MICH, MI US",2021-06-24,,,0.0,0.0,0.0,,79.0,56.0,75.0
USC00200230,"ANN ARBOR U OF MICH, MI US",2021-06-25,,,0.74,0.0,0.0,,75.0,67.0,71.0
USC00200230,"ANN ARBOR U OF MICH, MI US",2021-06-26,,,3.47,0.0,0.0,,83.0,70.0,80.0
USC00200230,"ANN ARBOR U OF MICH, MI US",2021-06-27,,,0.0,0.0,0.0,,88.0,72.0,83.0
USC00200230,"ANN ARBOR U OF MICH, MI US",2021-06-28,,,0.02,0.0,0.0,,89.0,72.0,85.0
USC00200230,"ANN ARBOR U OF MICH, MI US",2021-06-29,,,0.65,0.0,0.0,,89.0,67.0,77.0
USC00200230,"ANN ARBOR U OF MICH, MI US",2021-06-30,,,0.07,0.0,0.0,,82.0,70.0,78.0
USC00200230,"ANN ARBOR U OF MICH, MI US",2021-07-01,,,0.0,0.0,0.0,,80.0,64.0,75.0
USC00200230,"ANN ARBOR U OF MICH, MI US",2021-07-02,,,0.0,0.0,0.0,,76.0,53.0,73.0
USC00200230,"ANN ARBOR U OF MICH, MI US",2021-07-03,,,0.0,0.0,0.0,,81.0,49.0,79.0
USC00200230,"ANN ARBOR U OF MICH, MI US",2021-07-04,,,0.0,0.0,0.0,,89.0,64.0,86.0
USC00200230,"ANN ARBOR U OF MICH, MI US",2021-07-05,,,0.0,0.0,0.0,,89.0,65.0,88.0
USC00200230,"ANN ARBOR U OF MICH, MI US",2021-07-06,,,0.02,0.0,0.0,,90.0,73.0,85.0
USC00200230,"ANN ARBOR U OF MICH, MI US",2021-07-07,,,0.0,0.0,0.0,,87.0,66.0,76.0
USC00200230,"ANN ARBOR U OF MICH, MI US",2021-07-08,,,0.11,0.0,0.0,,82.0,66.0,78.0
USC00200230,"ANN ARBOR U OF MICH, MI US",2021-07-09,,,0.0,0.0,0.0,,78.0,59.0,73.0
USC00200230,"ANN ARBOR U OF MICH, MI US",2021-07-10,,,0.0,0.0,0.0,,78.0,52.0,74.0
USC00200230,"ANN ARBOR U OF MICH, MI US",2021-07-11,,,0.3,0.0,0.0,,74.0,62.0,64.0
USC00200230,"ANN ARBOR U OF MICH, MI US",2021-07-12,,,0.07,0.0,0.0,,71.0,64.0,71.0
USC00200230,"ANN ARBOR U OF MICH, MI US",2021-07-13,,,0.82,0.0,0.0,,82.0,67.0,71.0
USC00200230,"ANN ARBOR U OF MICH, MI US",2021-07-14,,,0.03,0.0,0.0,,83.0,62.0,81.0
USC00200230,"ANN ARBOR U OF MICH, MI US",2021-07-15,,,0.0,0.0,0.0,,84.0,65.0,79.0
USC00200230,"ANN ARBOR U OF MICH, MI US",2021-07-16,,,2.65,0.0,0.0,,79.0,65.0,66.0
USC00200230,"ANN ARBOR U OF MICH, MI US",2021-07-17,,,0.13,0.0,0.0,,80.0,63.0,78.0
USC00200230,"ANN ARBOR U OF MICH, MI US",2021-07-18,,,0.0,0.0,0.0,,83.0,55.0,80.0
USC00200230,"ANN ARBOR U OF MICH, MI US",2021-07-19,,,0.0,0.0,0.0,,84.0,61.0,80.0
USC00200230,"ANN ARBOR U OF MICH, MI US",2021-07-20,,,0.0,0.0,0.0,,85.0,64.0,81.0
USC00200230,"ANN ARBOR U OF MICH, MI US",2021-07-21,,,0.66,0.0,0.0,,81.0,58.0,73.0
USC00200230,"ANN ARBOR U OF MICH, MI US",2021-07-22,,,0.0,0.0,0.0,,79.0,51.0,76.0
USC00200230,"ANN ARBOR U OF MICH, MI US",2021-07-23,,,0.05,0.0,0.0,,76.0,62.0,73.0
USC00200230,"ANN ARBOR U OF MICH, MI US",2021-07-24,,,0.02,0.0,0.0,,84.0,63.0,82.0
USC00200230,"ANN ARBOR U OF MICH, MI US",2021-07-25,,,0.05,0.0,0.0,,87.0,66.0,84.0
USC00200230,"ANN ARBOR U OF MICH, MI US",2021-07-26,,,0.0,0.0,0.0,,88.0,58.0,85.0
USC00200230,"ANN ARBOR U OF MICH, MI US",2021-07-27,,,0.0,0.0,0.0,,85.0,61.0,83.0
USC00200230,"ANN ARBOR U OF MICH, MI US",2021-07-28,,,0.0,0.0,0.0,,86.0,60.0,84.0
USC00200230,"ANN ARBOR U OF MICH, MI US",2021-07-29,,,0.03,0.0,0.0,,86.0,68.0,83.0
USC00200230,"ANN ARBOR U OF MICH, MI US",2021-07-30,,,0.0,0.0,0.0,,83.0,60.0,73.0
USC00200230,"ANN ARBOR U OF MICH, MI US",2021-07-31,,,0.0,0.0,0.0,,79.0,50.0,75.0
USC00200230,"ANN ARBOR U OF MICH, MI US",2021-08-01,,,0.08,0.0,0.0,,75.0,58.0,64.0
USC00200230,"ANN ARBOR U OF MICH, MI US",2021-08-02,,,0.0,0.0,0.0,,78.0,49.0,74.0
USC00200230,"ANN ARBOR U OF MICH, MI US",2021-08-03,,,0.0,0.0,0.0,,80.0,53.0,75.0
USC00200230,"ANN ARBOR U OF MICH, MI US",2021-08-04,,,0.0,0.0,0.0,,84.0,50.0,78.0
USC00200230,"ANN ARBOR U OF MICH, MI US",2021-08-05,,,0.32,0.0,0.0,,84.0,55.0,82.0
USC00200230,"ANN ARBOR U OF MICH, MI US",2021-08-06,,,0.0,0.0,0.0,,82.0,56.0,81.0
USC00200230,"ANN ARBOR U OF MICH, MI US",2021-08-07,,,0.54,0.0,0.0,,82.0,64.0,80.0
USC00200230,"ANN ARBOR U OF MICH, MI US",2021-08-08,,,0.01,0.0,0.0,,87.0,63.0,84.0
USC00200230,"ANN ARBOR U OF MICH, MI US",2021-08-09,,,0.06,0.0,0.0,,85.0,65.0,82.0
USC00200230,"ANN ARBOR U OF MICH, MI US",2021-08-10,,,0.02,0.0,0.0,,89.0,70.0,86.0
USC00200230,"ANN ARBOR U OF MICH, MI US",2021-08-11,,,0.25,0.0,0.0,,86.0,68.0,70.0
USC00200230,"ANN ARBOR U OF MICH, MI US",2021-08-12,,,3.69,0.0,0.0,,86.0,68.0,83.0
USC00200230,"ANN ARBOR U OF MICH, MI US",2021-08-13,,,0.0,0.0,0.0,,83.0,70.0,80.0
USC00200230,"ANN ARBOR U OF MICH, MI US",2021-08-14,,,0.0,0.0,0.0,,80.0,56.0,75.0
USC00200230,"ANN ARBOR U OF MICH, MI US",2021-08-15,,,0.0,0.0,0.0,,78.0,50.0,76.0
USC00200230,"ANN ARBOR U OF MICH, MI US",2021-08-16,,,0.0,0.0,0.0,,77.0,53.0,74.0
USC00200230,"ANN ARBOR U OF MICH, MI US",2021-08-17,,,0.0,0.0,0.0,,83.0,56.0,80.0
USC00200230,"ANN ARBOR U OF MICH, MI US",2021-08-18,,,0.0,0.0,0.0,,86.0,62.0,81.0
USC00200230,"ANN ARBOR U OF MICH, MI US",2021-08-19,,,0.0,0.0,0.0,,87.0,61.0,82.0
USC00200230,"ANN ARBOR U OF MICH, MI US",2021-08-20,,,0.0,0.0,0.0,,89.0,60.0,84.0
USC00200230,"ANN ARBOR U OF MICH, MI US",2021-08-21,,,0.0,0.0,0.0,,87.0,61.0,84.0
USC00200230,"ANN ARBOR U OF MICH, MI US",2021-08-22,,,0.0,0.0,0.0,,91.0,64.0,80.0
USC00200230,"ANN ARBOR U OF MICH, MI US",2021-08-23,,,0.07,0.0,0.0,,84.0,67.0,82.0
USC00200230,"ANN ARBOR U OF MICH, MI US",2021-08-24,,,0.0,0.0,0.0,,90.0,61.0,87.0
USC00200230,"ANN ARBOR U OF MICH, MI US",2021-08-25,,,0.01,0.0,0.0,,90.0,69.0,87.0
USC00200230,"ANN ARBOR U OF MICH, MI US",2021-08-26,,,0.0,0.0,0.0,,90.0,71.0,85.0
USC00200230,"ANN ARBOR U OF MICH, MI US",2021-08-27,,,0.0,0.0,0.0,,87.0,69.0,84.0
USC00200230,"ANN ARBOR U OF MICH, MI US",2021-08-28,,,0.0,0.0,0.0,,91.0,69.0,86.0
USC00200230,"ANN ARBOR U OF MICH, MI US",2021-08-29,,,0.0,0.0,0.0,,91.0,66.0,86.0
USC00200230,"ANN ARBOR U OF MICH, MI US",2021-08-30,,,0.38,0.0,0.0,,86.0,64.0,80.0
USC00200230,"ANN ARBOR U OF MICH, MI US",2021-08-31,,,0.0,0.0,0.0,,81.0,55.0,77.0
USC00200230,"ANN ARBOR U OF MICH, MI US",2021-09-01,,,0.0,0.0,0.0,,78.0,57.0,72.0
USC00200230,"ANN ARBOR U OF MICH, MI US",2021-09-02,,,0.0,0.0,0.0,,77.0,48.0,73.0
USC00200230,"ANN ARBOR U OF MICH, MI US",2021-09-03,,,0.0,0.0,0.0,,77.0,45.0,73.0
USC00200230,"ANN ARBOR U OF MICH, MI US",2021-09-04,,,0.0,0.0,0.0,,78.0,57.0,74.0
USC00200230,"ANN ARBOR U OF MICH, MI US",2021-09-05,,,0.0,0.0,0.0,,80.0,60.0,75.0
USC00200230,"ANN ARBOR U OF MICH, MI US",2021-09-06,,,0.23,0.0,0.0,,76.0,54.0,72.0
USC00200230,"ANN ARBOR U OF MICH, MI US",2021-09-07,,,0.0,0.0,0.0,,86.0,46.0,79.0
USC00200230,"ANN ARBOR U OF MICH, MI US",2021-09-08,,,0.79,0.0,0.0,,79.0,59.0,71.0
USC00200230,"ANN ARBOR U OF MICH, MI US",2021-09-09,,,0.0,0.0,0.0,,71.0,48.0,66.0
USC00200230,"ANN ARBOR U OF MICH, MI US",2021-09-10,,,0.0,0.0,0.0,,76.0,45.0,72.0
USC00200230,"ANN ARBOR U OF MICH, MI US",2021-09-11,,,0.0,0.0,0.0,,81.0,51.0,77.0
USC00200230,"ANN ARBOR U OF MICH, MI US",2021-09-12,,,0.0,0.0,0.0,,82.0,66.0,78.0
USC00200230,"ANN ARBOR U OF MICH, MI US",2021-09-13,,,0.0,0.0,0.0,,78.0,63.0,73.0
USC00200230,"ANN ARBOR U OF MICH, MI US",2021-09-14,,,0.04,0.0,0.0,,88.0,61.0,80.0
USC00200230,"ANN ARBOR U OF MICH, MI US",2021-09-15,,,0.14,0.0,0.0,,80.0,60.0,70.0
USC00200230,"ANN ARBOR U OF MICH, MI US",2021-09-16,,,0.0,0.0,0.0,,79.0,49.0,74.0
USC00200230,"ANN ARBOR U OF MICH, MI US",2021-09-17,,,0.0,0.0,0.0,,86.0,51.0,82.0
USC00200230,"ANN ARBOR U OF MICH, MI US",2021-09-18,,,0.0,0.0,0.0,,82.0,59.0,76.0
USC00200230,"ANN ARBOR U OF MICH, MI US",2021-09-19,,,0.0,0.0,0.0,,82.0,48.0,76.0
USC00200230,"ANN ARBOR U OF MICH, MI US",2021-09-20,,,0.2,0.0,0.0,,81.0,57.0,71.0
USC00200230,"ANN ARBOR U OF MICH, MI US",2021-09-21,,,0.09,0.0,0.0,,77.0,67.0,69.0
USC00200230,"ANN ARBOR U OF MICH, MI US",2021-09-22,,,3.63,0.0,0.0,,69.0,54.0,54.0
USC00200230,"ANN ARBOR U OF MICH, MI US",2021-09-23,,,1.24,0.0,0.0,,54.0,47.0,49.0
USC00200230,"ANN ARBOR U OF MICH, MI US",2021-09-24,,,0.04,0.0,0.0,,73.0,45.0,68.0
USC00200230,"ANN ARBOR U OF MICH, MI US",2021-09-25,,,0.32,0.0,0.0,,68.0,51.0,61.0
USC00200230,"ANN ARBOR U OF MICH, MI US",2021-09-26,,,0.0,0.0,0.0,,77.0,41.0,70.0
USC00200230,"ANN ARBOR U OF MICH, MI US",2021-09-27,,,0.0,0.0,0.0,,82.0,59.0,76.0
USC00200230,"ANN ARBOR U OF MICH, MI US",2021-09-28,,,0.0,0.0,0.0,,76.0,51.0,67.0
USC00200230,"ANN ARBOR U OF MICH, MI US",2021-09-29,,,0.0,0.0,0.0,,74.0,44.0,69.0
USC00200230,"ANN ARBOR U OF MICH, MI US",2021-09-30,,,0.0,0.0,0.0,,73.0,41.0,69.0
USC00200230,"ANN ARBOR U OF MICH, MI US",2021-10-01,,,0.0,0.0,0.0,,76.0,41.0,72.0
USC00200230,"ANN ARBOR U OF MICH, MI US",2021-10-02,,,0.04,0.0,0.0,,78.0,46.0,64.0
USC00200230,"ANN ARBOR U OF MICH, MI US",2021-10-03,,,0.46,0.0,0.0,,76.0,62.0,72.0
USC00200230,"ANN ARBOR U OF MICH, MI US",2021-10-04,,,0.56,0.0,0.0,,74.0,63.0,67.0
USC00200230,"ANN ARBOR U OF MICH, MI US",2021-10-05,,,0.09,0.0,0.0,,67.0,62.0,66.0
USC00200230,"ANN ARBOR U OF MICH, MI US",2021-10-06,,,0.0,0.0,0.0,,68.0,57.0,66.0
USC00200230,"ANN ARBOR U OF MICH, MI US",2021-10-07,,,0.03,0.0,0.0,,72.0,61.0,68.0
USC00200230,"ANN ARBOR U OF MICH, MI US",2021-10-08,,,0.26,0.0,0.0,,74.0,61.0,71.0
USC00200230,"ANN ARBOR U OF MICH, MI US",2021-10-09,,,0.02,0.0,0.0,,77.0,53.0,71.0
USC00200230,"ANN ARBOR U OF MICH, MI US",2021-10-10,,,0.09,0.0,0.0,,79.0,56.0,73.0
USC00200230,"ANN ARBOR U OF MICH, MI US",2021-10-11,,,0.0,0.0,0.0,,80.0,57.0,75.0
USC00200230,"ANN ARBOR U OF MICH, MI US",2021-10-12,,,0.0,0.0,0.0,,75.0,65.0,65.0
USC00200230,"ANN ARBOR U OF MICH, MI US",2021-10-13,,,0.0,0.0,0.0,,74.0,54.0,69.0
USC00200230,"ANN ARBOR U OF MICH, MI US",2021-10-14,,,0.09,0.0,0.0,,80.0,58.0,64.0
USC00200230,"ANN ARBOR U OF MICH, MI US",2021-10-15,,,0.22,0.0,0.0,,64.0,56.0,59.0
USC00200230,"ANN ARBOR U OF MICH, MI US",2021-10-16,,,0.41,0.0,0.0,,59.0,47.0,52.0
USC00200230,"ANN ARBOR U OF MICH, MI US",2021-10-17,,,0.0,0.0,0.0,,63.0,41.0,59.0
USC00200230,"ANN ARBOR U OF MICH, MI US",2021-10-18,,,0.0,0.0,0.0,,67.0,36.0,63.0
USC00200230,"ANN ARBOR U OF MICH, MI US",2021-10-19,,,0.0,0.0,0.0,,73.0,37.0,68.0
USC00200230,"ANN ARBOR U OF MICH, MI US",2021-10-20,,,0.0,0.0,0.0,,72.0,40.0,67.0
USC00200230,"ANN ARBOR U OF MICH, MI US",2021-10-21,,,0.55,0.0,0.0,,67.0,52.0,54.0
USC00200230,"ANN ARBOR U OF MICH, MI US",2021-10-22,,,0.02,0.0,0.0,,54.0,35.0,46.0
USC00200230,"ANN ARBOR U OF MICH, MI US",2021-10-23,,,0.02,0.0,0.0,,56.0,40.0,51.0
USC00200230,"ANN ARBOR U OF MICH, MI US",2021-10-24,,,0.13,0.0,0.0,,51.0,29.0,46.0
USC00200230,"ANN ARBOR U OF MICH, MI US",2021-10-25,,,1.91,0.0,0.0,,49.0,42.0,48.0
USC00200230,"ANN ARBOR U OF MICH, MI US",2021-10-26,,,0.01,0.0,0.0,,49.0,39.0,46.0
USC00200230,"ANN ARBOR U OF MICH, MI US",2021-10-27,,,0.0,0.0,0.0,,51.0,31.0,50.0
USC00200230,"ANN ARBOR U OF MICH, MI US",2021-10-28,,,0.02,0.0,0.0,,62.0,46.0,57.0
USC00200230,"ANN ARBOR U OF MICH, MI US",2021-10-29,,,0.73,0.0,0.0,,57.0,51.0,53.0
USC00200230,"ANN ARBOR U OF MICH, MI US",2021-10-30,,,0.32,0.0,0.0,,54.0,47.0,50.0
USC00200230,"ANN ARBOR U OF MICH, MI US",2021-10-31,,,0.02,0.0,0.0,,58.0,43.0,52.0
USC00200230,"ANN ARBOR U OF MICH, MI US",2021-11-01,,,0.02,0.0,0.0,,52.0,31.0,44.0
USC00200230,"ANN ARBOR U OF MICH, MI US",2021-11-02,,,0.0,0.0,0.0,,46.0,32.0,40.0
USC00200230,"ANN ARBOR U OF MICH, MI US",2021-11-03,,,0.0,0.0,0.0,,47.0,26.0,40.0
USC00200230,"ANN ARBOR U OF MICH, MI US",2021-11-04,,,0.01,0.0,0.0,,46.0,30.0,41.0
USC00200230,"ANN ARBOR U OF MICH, MI US",2021-11-05,,,0.0,0.0,0.0,,51.0,23.0,47.0
USC00200230,"ANN ARBOR U OF MICH, MI US",2021-11-06,,,0.0,0.0,0.0,,55.0,22.0,49.0
USC00200230,"ANN ARBOR U OF MICH, MI US",2021-11-07,,,0.0,0.0,0.0,,65.0,28.0,50.0
USC00200230,"ANN ARBOR U OF MICH, MI US",2021-11-08,,,0.0,0.0,0.0,,66.0,31.0,56.0
USC00200230,"ANN ARBOR U OF MICH, MI US",2021-11-09,,,0.0,0.0,0.0,,57.0,37.0,38.0
USC00200230,"ANN ARBOR U OF MICH, MI US",2021-11-10,,,0.0,0.0,0.0,,56.0,28.0,45.0
USC00200230,"ANN ARBOR U OF MICH, MI US",2021-11-11,,,0.04,0.0,0.0,,67.0,39.0,53.0
USC00200230,"ANN ARBOR U OF MICH, MI US",2021-11-12,,,0.03,0.0,0.0,,53.0,35.0,39.0
USC00200230,"ANN ARBOR U OF MICH, MI US",2021-11-13,,,0.02,0.0,0.0,,40.0,33.0,36.0
USC00200230,"ANN ARBOR U OF MICH, MI US",2021-11-14,,,0.27,2.6,2.0,,36.0,32.0,34.0
USC00200230,"ANN ARBOR U OF MICH, MI US",2021-11-15,,,0.08,0.1,0.0,,38.0,31.0,36.0
USC00200230,"ANN ARBOR U OF MICH, MI US",2021-11-16,,,0.0,0.0,0.0,,44.0,22.0,36.0
USC00200230,"ANN ARBOR U OF MICH, MI US",2021-11-17,,,0.02,0.0,0.0,,61.0,33.0,57.0
USC00200230,"ANN ARBOR U OF MICH, MI US",2021-11-18,,,0.18,0.1,0.0,,57.0,33.0,33.0
USC00200230,"ANN ARBOR U OF MICH, MI US",2021-11-19,,,0.01,0.2,0.0,,43.0,29.0,33.0
USC00200230,"ANN ARBOR U OF MICH, MI US",2021-11-20,,,0.02,0.0,0.0,,38.0,29.0,37.0
USC00200230,"ANN ARBOR U OF MICH, MI US",2021-11-21,,,0.12,0.0,0.0,,41.0,25.0,39.0
USC00200230,"ANN ARBOR U OF MICH, MI US",2021-11-22,,,0.06,0.0,0.0,,42.0,28.0,31.0
USC00200230,"ANN ARBOR U OF MICH, MI US",2021-11-23,,,0.0,0.0,0.0,,39.0,16.0,31.0
USC00200230,"ANN ARBOR U OF MICH, MI US",2021-11-24,,,0.0,0.0,0.0,,49.0,26.0,46.0
USC00200230,"ANN ARBOR U OF MICH, MI US",2021-11-25,,,0.39,0.0,0.0,,46.0,39.0,39.0
USC00200230,"ANN ARBOR U OF MICH, MI US",2021-11-26,,,0.03,0.0,0.0,,39.0,27.0,28.0
USC00200230,"ANN ARBOR U OF MICH, MI US",2021-11-27,,,0.12,1.5,1.0,,29.0,22.0,28.0
USC00200230,"ANN ARBOR U OF MICH, MI US",2021-11-28,,,0.32,3.2,4.0,,38.0,28.0,31.0
USC00200230,"ANN ARBOR U OF MICH, MI US",2021-11-29,,,0.0,0.0,3.0,,38.0,18.0,33.0
USC00200230,"ANN ARBOR U OF MICH, MI US",2021-11-30,,,0.23,2.8,4.0,,39.0,28.0,37.0
USC00200230,"ANN ARBOR U OF MICH, MI US",2021-12-01,,,0.01,0.0,2.0,,40.0,25.0,36.0
USC00200230,"ANN ARBOR U OF MICH, MI US",2021-12-02,,,0.0,0.0,0.0,,55.0,36.0,44.0
USC00200230,"ANN ARBOR U OF MICH, MI US",2021-12-03,,,0.04,0.6,0.0,,44.0,29.0,35.0
USC00200230,"ANN ARBOR U OF MICH, MI US",2021-12-04,,,0.0,0.0,0.0,,44.0,31.0,36.0
USC00200230,"ANN ARBOR U OF MICH, MI US",2021-12-05,,,0.32,0.0,0.0,,38.0,30.0,35.0
USC00200230,"ANN ARBOR U OF MICH, MI US",2021-12-06,,,0.31,0.3,0.0,,46.0,31.0,32.0
USC00200230,"ANN ARBOR U OF MICH, MI US",2021-12-07,,,0.02,0.4,0.0,,32.0,18.0,20.0
USC00200230,"ANN ARBOR U OF MICH, MI US",2021-12-08,,,0.01,0.3,0.0,,31.0,18.0,28.0
USC00200230,"ANN ARBOR U OF MICH, MI US",2021-12-09,,,0.0,0.0,0.0,,34.0,22.0,34.0
USC00200230,"ANN ARBOR U OF MICH, MI US",2021-12-10,,,0.0,0.0,0.0,,53.0,29.0,43.0
USC00200230,"ANN ARBOR U OF MICH, MI US",2021-12-11,,,1.32,0.1,0.0,,60.0,35.0,36.0
USC00200230,"ANN ARBOR U OF MICH, MI US",2021-12-12,,,0.0,0.0,0.0,,48.0,27.0,40.0
USC00200230,"ANN ARBOR U OF MICH, MI US",2021-12-13,,,0.0,0.0,0.0,,49.0,31.0,40.0
USC00200230,"ANN ARBOR U OF MICH, MI US",2021-12-14,,,0.0,0.0,0.0,,49.0,23.0,40.0
USC00200230,"ANN ARBOR U OF MICH, MI US",2021-12-15,,,0.13,0.0,0.0,,55.0,38.0,55.0
USC00200230,"ANN ARBOR U OF MICH, MI US",2021-12-16,,,0.0,0.0,0.0,,60.0,44.0,44.0
USC00200230,"ANN ARBOR U OF MICH, MI US",2021-12-17,,,0.0,0.0,0.0,,44.0,28.0,34.0
USC00200230,"ANN ARBOR U OF MICH, MI US",2021-12-18,,,0.36,0.1,0.0,,34.0,30.0,32.0
USC00200230,"ANN ARBOR U OF MICH, MI US",2021-12-19,,,0.01,0.1,0.0,,32.0,27.0,27.0
USC00200230,"ANN ARBOR U OF MICH, MI US",2021-12-20,,,0.0,0.0,0.0,,40.0,24.0,34.0
USC00200230,"ANN ARBOR U OF MICH, MI US",2021-12-21,,,0.0,0.0,0.0,,35.0,20.0,30.0
USC00200230,"ANN ARBOR U OF MICH, MI US",2021-12-22,,,0.0,0.0,0.0,,38.0,22.0,25.0
USC00200230,"ANN ARBOR U OF MICH, MI US",2021-12-23,,,0.01,0.0,0.0,,36.0,20.0,35.0
USC00200230,"ANN ARBOR U OF MICH, MI US",2021-12-24,,,0.0,0.0,0.0,,51.0,25.0,50.0
USC00200230,"ANN ARBOR U OF MICH, MI US",2021-12-25,,,0.42,0.0,0.0,,51.0,38.0,38.0
USC00200230,"ANN ARBOR U OF MICH, MI US",2021-12-26,,,0.0,0.0,0.0,,38.0,24.0,29.0
USC00200230,"ANN ARBOR U OF MICH, MI US",2021-12-27,,,0.3,1.0,0.0,,36.0,27.0,35.0
USC00200230,"ANN ARBOR U OF MICH, MI US",2021-12-28,,,0.18,1.9,2.0,,40.0,31.0,31.0
USC00200230,"ANN ARBOR U OF MICH, MI US",2021-12-29,,,0.11,0.3,1.0,,37.0,31.0,33.0
USC00200230,"ANN ARBOR U OF MICH, MI US",2021-12-30,,,0.0,0.0,0.0,,33.0,29.0,32.0
USC00200230,"ANN ARBOR U OF MICH, MI US",2021-12-31,,,0.03,0.0,0.0,,43.0,32.0,41.0
USC00200230,"ANN ARBOR U OF MICH, MI US",2022-01-01,,,0.12,0.6,1.0,,41.0,29.0,29.0
USC00200230,"ANN ARBOR U OF MICH, MI US",2022-01-02,,,0.21,2.2,3.0,,29.0,17.0,17.0
USC00200230,"ANN ARBOR U OF MICH, MI US",2022-01-03,,,0.0,0.0,2.0,,28.0,1.0,21.0
USC00200230,"ANN ARBOR U OF MICH, MI US",2022-01-04,,,0.0,0.0,2.0,,33.0,15.0,30.0
USC00200230,"ANN ARBOR U OF MICH, MI US",2022-01-05,,,0.0,0.1,2.0,,35.0,17.0,17.0
USC00200230,"ANN ARBOR U OF MICH, MI US",2022-01-06,,,0.03,0.6,2.0,,22.0,12.0,17.0
USC00200230,"ANN ARBOR U OF MICH, MI US",2022-01-07,,,0.01,0.2,2.0,,22.0,8.0,16.0
USC00200230,"ANN ARBOR U OF MICH, MI US",2022-01-08,,,0.0,0.0,2.0,,29.0,0.0,28.0
USC00200230,"ANN ARBOR U OF MICH, MI US",2022-01-09,,,0.04,0.0,1.0,,36.0,19.0,19.0
USC00200230,"ANN ARBOR U OF MICH, MI US",2022-01-10,,,0.0,0.0,1.0,,20.0,12.0,12.0
USC00200230,"ANN ARBOR U OF MICH, MI US",2022-01-11,,,0.0,0.0,1.0,,24.0,2.0,23.0
USC00200230,"ANN ARBOR U OF MICH, MI US",2022-01-12,,,0.02,0.0,1.0,,39.0,23.0,35.0
USC00200230,"ANN ARBOR U OF MICH, MI US",2022-01-13,,,0.01,0.0,0.0,,37.0,24.0,33.0
USC00200230,"ANN ARBOR U OF MICH, MI US",2022-01-14,,,0.0,0.0,0.0,,33.0,19.0,19.0
USC00200230,"ANN ARBOR U OF MICH, MI US",2022-01-15,,,0.0,0.0,0.0,,21.0,10.0,15.0
USC00200230,"ANN ARBOR U OF MICH, MI US",2022-01-16,,,0.0,0.0,0.0,,32.0,5.0,25.0
USC00200230,"ANN ARBOR U OF MICH, MI US",2022-01-17,,,0.0,0.1,0.0,,29.0,17.0,29.0
USC00200230,"ANN ARBOR U OF MICH, MI US",2022-01-18,,,0.0,0.0,0.0,,34.0,26.0,31.0
USC00200230,"ANN ARBOR U OF MICH, MI US",2022-01-19,,,0.0,0.0,0.0,,41.0,23.0,23.0
USC00200230,"ANN ARBOR U OF MICH, MI US",2022-01-20,,,0.0,0.1,0.0,,23.0,16.0,16.0
USC00200230,"ANN ARBOR U OF MICH, MI US",2022-01-21,,,0.0,0.0,0.0,,23.0,2.0,17.0
USC00200230,"ANN ARBOR U OF MICH, MI US",2022-01-22,,,0.01,0.2,0.0,,25.0,7.0,24.0
USC00200230,"ANN ARBOR U OF MICH, MI US",2022-01-23,,,0.17,2.3,2.0,,24.0,14.0,14.0
USC00200230,"ANN ARBOR U OF MICH, MI US",2022-01-24,,,0.16,2.3,4.0,,23.0,-1.0,22.0
USC00200230,"ANN ARBOR U OF MICH, MI US",2022-01-25,,,0.01,0.3,4.0,,22.0,1.0,17.0
USC00200230,"ANN ARBOR U OF MICH, MI US",2022-01-26,,,0.01,0.2,4.0,,21.0,-2.0,11.0
USC00200230,"ANN ARBOR U OF MICH, MI US",2022-01-27,,,0.0,0.0,3.0,,28.0,0.0,27.0
USC00200230,"ANN ARBOR U OF MICH, MI US",2022-01-28,,,0.02,0.5,3.0,,27.0,8.0,15.0
USC00200230,"ANN ARBOR U OF MICH, MI US",2022-01-29,,,0.0,0.0,3.0,,21.0,-11.0,13.0
USC00200230,"ANN ARBOR U OF MICH, MI US",2022-01-30,,,0.03,0.7,3.0,,26.0,8.0,21.0
USC00200230,"ANN ARBOR U OF MICH, MI US",2022-01-31,,,0.0,0.0,3.0,,32.0,0.0,23.0
USC00200230,"ANN ARBOR U OF MICH, MI US",2022-02-01,,,0.0,0.0,1.0,,46.0,15.0,42.0
USC00200230,"ANN ARBOR U OF MICH, MI US",2022-02-02,,,0.71,4.2,4.0,,42.0,27.0,27.0
USC00200230,"ANN ARBOR U OF MICH, MI US",2022-02-03,,,0.35,3.3,7.0,,27.0,16.0,17.0
USC00200230,"ANN ARBOR U OF MICH, MI US",2022-02-04,,,0.03,0.3,7.0,,21.0,3.0,14.0
USC00200230,"ANN ARBOR U OF MICH, MI US",2022-02-05,,,0.02,0.5,7.0,,23.0,6.0,15.0
USC00200230,"ANN ARBOR U OF MICH, MI US",2022-02-06,,,0.0,0.0,6.0,,31.0,10.0,25.0
USC00200230,"ANN ARBOR U OF MICH, MI US",2022-02-07,,,0.0,0.0,6.0,,31.0,15.0,27.0
USC00200230,"ANN ARBOR U OF MICH, MI US",2022-02-08,,,0.0,0.1,6.0,,29.0,18.0,24.0
USC00200230,"ANN ARBOR U OF MICH, MI US",2022-02-09,,,0.0,0.0,4.0,,45.0,19.0,37.0
USC00200230,"ANN ARBOR U OF MICH, MI US",2022-02-10,,,0.04,0.5,4.0,,37.0,28.0,28.0
USC00200230,"ANN ARBOR U OF MICH, MI US",2022-02-11,,,0.13,0.5,4.0,,36.0,27.0,35.0
USC00200230,"ANN ARBOR U OF MICH, MI US",2022-02-12,,,0.05,0.2,3.0,,35.0,18.0,18.0
USC00200230,"ANN ARBOR U OF MICH, MI US",2022-02-13,,,0.02,0.4,4.0,,22.0,15.0,16.0
USC00200230,"ANN ARBOR U OF MICH, MI US",2022-02-14,,,0.02,0.5,4.0,,23.0,-2.0,19.0
USC00200230,"ANN ARBOR U OF MICH, MI US",2022-02-15,,,0.0,0.0,4.0,,29.0,8.0,23.0
USC00200230,"ANN ARBOR U OF MICH, MI US",2022-02-16,,,0.01,0.0,2.0,,48.0,19.0,45.0
USC00200230,"ANN ARBOR U OF MICH, MI US",2022-02-17,,,1.13,3.0,3.0,,49.0,24.0,24.0
USC00200230,"ANN ARBOR U OF MICH, MI US",2022-02-18,,,0.29,2.7,5.0,,26.0,5.0,20.0
USC00200230,"ANN ARBOR U OF MICH, MI US",2022-02-19,,,0.07,1.1,4.0,,29.0,10.0,17.0
USC00200230,"ANN ARBOR U OF MICH, MI US",2022-02-20,,,0.0,0.0,3.0,,45.0,7.0,42.0
USC00200230,"ANN ARBOR U OF MICH, MI US",2022-02-21,,,0.0,0.0,1.0,,49.0,22.0,44.0
USC00200230,"ANN ARBOR U OF MICH, MI US",2022-02-22,,,0.14,0.0,0.0,,51.0,36.0,49.0
USC00200230,"ANN ARBOR U OF MICH, MI US",2022-02-23,,,0.02,0.3,0.0,,52.0,22.0,23.0
USC00200230,"ANN ARBOR U OF MICH, MI US",2022-02-24,,,0.0,0.0,0.0,,29.0,17.0,25.0
USC00200230,"ANN ARBOR U OF MICH, MI US",2022-02-25,,,0.16,1.5,1.0,,26.0,17.0,24.0
USC00200230,"ANN ARBOR U OF MICH, MI US",2022-02-26,,,0.0,0.1,1.0,,31.0,17.0,29.0
USC00200230,"ANN ARBOR U OF MICH, MI US",2022-02-27,,,0.0,0.0,0.0,,40.0,24.0,35.0
USC00200230,"ANN ARBOR U OF MICH, MI US",2022-02-28,,,0.0,0.0,0.0,,35.0,19.0,30.0
USC00200230,"ANN ARBOR U OF MICH, MI US",2022-03-01,,,0.0,0.0,0.0,,48.0,24.0,43.0
USC00200230,"ANN ARBOR U OF MICH, MI US",2022-03-02,,,0.0,0.0,0.0,,43.0,20.0,41.0
USC00200230,"ANN ARBOR U OF MICH, MI US",2022-03-03,,,0.04,0.1,0.0,,41.0,18.0,28.0
USC00200230,"ANN ARBOR U OF MICH, MI US",2022-03-04,,,0.0,0.0,0.0,,40.0,13.0,34.0
USC00200230,"ANN ARBOR U OF MICH, MI US",2022-03-05,,,0.0,0.0,0.0,,53.0,28.0,49.0
USC00200230,"ANN ARBOR U OF MICH, MI US",2022-03-06,,,0.02,0.0,0.0,,60.0,38.0,38.0
USC00200230,"ANN ARBOR U OF MICH, MI US",2022-03-07,,,0.65,0.3,0.0,,38.0,32.0,33.0
USC00200230,"ANN ARBOR U OF MICH, MI US",2022-03-08,,,0.0,0.1,0.0,,40.0,28.0,34.0
USC00200230,"ANN ARBOR U OF MICH, MI US",2022-03-09,,,0.0,0.0,0.0,,47.0,21.0,42.0
USC00200230,"ANN ARBOR U OF MICH, MI US",2022-03-10,,,0.0,0.0,0.0,,42.0,22.0,34.0
USC00200230,"ANN ARBOR U OF MICH, MI US",2022-03-11,,,0.15,2.6,1.0,,34.0,25.0,28.0
USC00200230,"ANN ARBOR U OF MICH, MI US",2022-03-12,,,0.0,0.0,0.0,,28.0,12.0,17.0
USC00200230,"ANN ARBOR U OF MICH, MI US",2022-03-13,,,0.06,1.7,0.0,,43.0,11.0,42.0
USC00200230,"ANN ARBOR U OF MICH, MI US",2022-03-14,,,0.0,0.0,0.0,,55.0,23.0,54.0
USC00200230,"ANN ARBOR U OF MICH, MI US",2022-03-15,,,0.0,0.0,0.0,,56.0,30.0,52.0
USC00200230,"ANN ARBOR U OF MICH, MI US",2022-03-16,,,0.0,0.0,0.0,,68.0,24.0,66.0
USC00200230,"ANN ARBOR U OF MICH, MI US",2022-03-17,,,0.0,0.0,0.0,,72.0,29.0,69.0
USC00200230,"ANN ARBOR U OF MICH, MI US",2022-03-18,,,0.03,0.0,0.0,,69.0,40.0,52.0
USC00200230,"ANN ARBOR U OF MICH, MI US",2022-03-19,,,0.9,0.0,0.0,,52.0,42.0,42.0
USC00200230,"ANN ARBOR U OF MICH, MI US",2022-03-20,,,0.03,0.0,0.0,,58.0,36.0,56.0
USC00200230,"ANN ARBOR U OF MICH, MI US",2022-03-21,,,0.0,0.0,0.0,,64.0,28.0,60.0
USC00200230,"ANN ARBOR U OF MICH, MI US",2022-03-22,,,0.01,0.0,0.0,,60.0,36.0,41.0
USC00200230,"ANN ARBOR U OF MICH, MI US",2022-03-23,,,1.08,0.0,0.0,,48.0,36.0,42.0
USC00200230,"ANN ARBOR U OF MICH, MI US",2022-03-24,,,0.21,0.0,0.0,,49.0,40.0,43.0
USC00200230,"ANN ARBOR U OF MICH, MI US",2022-03-25,,,0.07,0.0,0.0,,47.0,35.0,43.0
USC00200230,"ANN ARBOR U OF MICH, MI US",2022-03-26,,,0.08,1.1,0.0,,43.0,31.0,32.0
USC00200230,"ANN ARBOR U OF MICH, MI US",2022-03-27,,,0.0,0.1,0.0,,32.0,22.0,27.0
USC00200230,"ANN ARBOR U OF MICH, MI US",2022-03-28,,,0.01,0.2,0.0,,31.0,15.0,27.0
USC00200230,"ANN ARBOR U OF MICH, MI US",2022-03-29,,,0.0,0.0,0.0,,42.0,13.0,37.0
USC00200230,"ANN ARBOR U OF MICH, MI US",2022-03-30,,,0.26,0.1,0.0,,54.0,30.0,54.0
USC00200230,"ANN ARBOR U OF MICH, MI US",2022-03-31,,,0.03,0.0,0.0,,63.0,42.0,42.0
USC00200230,"ANN ARBOR U OF MICH, MI US",2022-04-01,,,0.01,0.2,0.0,,42.0,31.0,35.0
USC00200230,"ANN ARBOR U OF MICH, MI US",2022-04-02,,,0.0,0.0,0.0,,46.0,19.0,43.0
USC00200230,"ANN ARBOR U OF MICH, MI US",2022-04-03,,,0.17,1.2,0.0,,45.0,32.0,44.0
USC00200230,"ANN ARBOR U OF MICH, MI US",2022-04-04,,,0.29,1.0,0.0,,44.0,29.0,40.0
USC00200230,"ANN ARBOR U OF MICH, MI US",2022-04-05,,,0.0,0.0,0.0,,59.0,30.0,54.0
USC00200230,"ANN ARBOR U OF MICH, MI US",2022-04-06,,,0.27,0.0,0.0,,54.0,39.0,46.0
USC00200230,"ANN ARBOR U OF MICH, MI US",2022-04-07,,,0.0,0.0,0.0,,49.0,37.0,45.0
USC00200230,"ANN ARBOR U OF MICH, MI US",2022-04-08,,,0.1,0.0,0.0,,49.0,36.0,47.0
USC00200230,"ANN ARBOR U OF MICH, MI US",2022-04-09,,,0.02,0.0,0.0,,47.0,31.0,38.0
USC00200230,"ANN ARBOR U OF MICH, MI US",2022-04-10,,,0.0,0.0,0.0,,57.0,28.0,55.0
USC00200230,"ANN ARBOR U OF MICH, MI US",2022-04-11,,,0.03,0.0,0.0,,72.0,39.0,56.0
USC00200230,"ANN ARBOR U OF MICH, MI US",2022-04-12,,,0.01,0.0,0.0,,66.0,30.0,63.0
USC00200230,"ANN ARBOR U OF MICH, MI US",2022-04-13,,,0.15,0.0,0.0,,71.0,52.0,63.0
USC00200230,"ANN ARBOR U OF MICH, MI US",2022-04-14,,,0.1,0.0,0.0,,64.0,39.0,53.0
USC00200230,"ANN ARBOR U OF MICH, MI US",2022-04-15,,,0.07,0.0,0.0,,53.0,39.0,46.0
USC00200230,"ANN ARBOR U OF MICH, MI US",2022-04-16,,,0.29,0.0,0.0,,47.0,33.0,43.0
USC00200230,"ANN ARBOR U OF MICH, MI US",2022-04-17,,,0.0,0.0,0.0,,46.0,24.0,44.0
USC00200230,"ANN ARBOR U OF MICH, MI US",2022-04-18,,,0.36,2.1,1.0,,44.0,28.0,33.0
USC00200230,"ANN ARBOR U OF MICH, MI US",2022-04-19,,,0.14,0.8,0.0,,44.0,32.0,42.0
USC00200230,"ANN ARBOR U OF MICH, MI US",2022-04-20,,,0.0,0.0,0.0,,52.0,23.0,47.0
USC00200230,"ANN ARBOR U OF MICH, MI US",2022-04-21,,,0.11,0.0,0.0,,65.0,43.0,63.0
USC00200230,"ANN ARBOR U OF MICH, MI US",2022-04-22,,,0.01,0.0,0.0,,66.0,34.0,49.0
USC00200230,"ANN ARBOR U OF MICH, MI US",2022-04-23,,,1.21,0.0,0.0,,81.0,41.0,76.0
USC00200230,"ANN ARBOR U OF MICH, MI US",2022-04-24,,,0.0,0.0,0.0,,83.0,48.0,78.0
USC00200230,"ANN ARBOR U OF MICH, MI US",2022-04-25,,,0.42,0.0,0.0,,78.0,54.0,57.0
USC00200230,"ANN ARBOR U OF MICH, MI US",2022-04-26,,,0.01,0.0,0.0,,57.0,35.0,41.0
USC00200230,"ANN ARBOR U OF MICH, MI US",2022-04-27,,,0.0,0.0,0.0,,42.0,30.0,41.0
USC00200230,"ANN ARBOR U OF MICH, MI US",2022-04-28,,,0.0,0.0,0.0,,53.0,22.0,51.0
USC00200230,"ANN ARBOR U OF MICH, MI US",2022-04-29,,,0.0,0.0,0.0,,59.0,27.0,56.0
USC00200230,"ANN ARBOR U OF MICH, MI US",2022-04-30,,,0.0,0.0,0.0,,60.0,37.0,58.0
USC00200230,"ANN ARBOR U OF MICH, MI US",2022-05-01,,,0.32,0.0,0.0,,68.0,45.0,60.0
USC00200230,"ANN ARBOR U OF MICH, MI US",2022-05-02,,,0.01,0.0,0.0,,60.0,48.0,53.0
USC00200230,"ANN ARBOR U OF MICH, MI US",2022-05-03,,,0.65,0.0,0.0,,53.0,44.0,50.0
USC00200230,"ANN ARBOR U OF MICH, MI US",2022-05-04,,,0.16,0.0,0.0,,61.0,45.0,57.0
USC00200230,"ANN ARBOR U OF MICH, MI US",2022-05-05,,,0.0,0.0,0.0,,60.0,33.0,56.0
USC00200230,"ANN ARBOR U OF MICH, MI US",2022-05-06,,,0.22,0.0,0.0,,59.0,47.0,59.0
USC00200230,"ANN ARBOR U OF MICH, MI US",2022-05-07,,,0.0,0.0,0.0,,66.0,47.0,64.0
USC00200230,"ANN ARBOR U OF MICH, MI US",2022-05-08,,,0.0,0.0,0.0,,65.0,31.0,60.0
USC00200230,"ANN ARBOR U OF MICH, MI US",2022-05-09,,,0.0,0.0,0.0,,71.0,43.0,70.0
USC00200230,"ANN ARBOR U OF MICH, MI US",2022-05-10,,,0.0,0.0,0.0,,83.0,47.0,78.0
USC00200230,"ANN ARBOR U OF MICH, MI US",2022-05-11,,,0.0,0.0,0.0,,81.0,56.0,79.0
USC00200230,"ANN ARBOR U OF MICH, MI US",2022-05-12,,,0.0,0.0,0.0,,86.0,47.0,83.0
USC00200230,"ANN ARBOR U OF MICH, MI US",2022-05-13,,,0.0,0.0,0.0,,85.0,48.0,82.0
USC00200230,"ANN ARBOR U OF MICH, MI US",2022-05-14,,,0.2,0.0,0.0,,83.0,54.0,64.0
USC00200230,"ANN ARBOR U OF MICH, MI US",2022-05-15,,,0.01,0.0,0.0,,85.0,51.0,75.0
USC00200230,"ANN ARBOR U OF MICH, MI US",2022-05-16,,,0.35,0.0,0.0,,75.0,52.0,71.0
USC00200230,"ANN ARBOR U OF MICH, MI US",2022-05-17,,,0.0,0.0,0.0,,71.0,47.0,63.0
USC00200230,"ANN ARBOR U OF MICH, MI US",2022-05-18,,,0.41,0.0,0.0,,63.0,44.0,51.0
USC00200230,"ANN ARBOR U OF MICH, MI US",2022-05-19,,,0.03,0.0,0.0,,78.0,51.0,76.0
USC00200230,"ANN ARBOR U OF MICH, MI US",2022-05-20,,,0.0,0.0,0.0,,84.0,59.0,83.0
USC00200230,"ANN ARBOR U OF MICH, MI US",2022-05-21,,,0.12,0.0,0.0,,84.0,63.0,69.0
USC00200230,"ANN ARBOR U OF MICH, MI US",2022-05-22,,,0.0,0.0,0.0,,69.0,55.0,62.0
USC00200230,"ANN ARBOR U OF MICH, MI US",2022-05-23,,,0.0,0.0,0.0,,62.0,43.0,57.0
USC00200230,"ANN ARBOR U OF MICH, MI US",2022-05-24,,,0.0,0.0,0.0,,70.0,36.0,68.0
USC00200230,"ANN ARBOR U OF MICH, MI US",2022-05-25,,,0.15,0.0,0.0,,70.0,48.0,68.0
USC00200230,"ANN ARBOR U OF MICH, MI US",2022-05-26,,,0.38,0.0,0.0,,75.0,63.0,70.0
USC00200230,"ANN ARBOR U OF MICH, MI US",2022-05-27,,,0.75,0.0,0.0,,76.0,59.0,60.0
USC00200230,"ANN ARBOR U OF MICH, MI US",2022-05-28,,,0.71,0.0,0.0,,74.0,60.0,72.0
USC00200230,"ANN ARBOR U OF MICH, MI US",2022-05-29,,,0.0,0.0,0.0,,81.0,53.0,79.0
USC00200230,"ANN ARBOR U OF MICH, MI US",2022-05-30,,,0.0,0.0,0.0,,87.0,56.0,86.0
USC00200230,"ANN ARBOR U OF MICH, MI US",2022-05-31,,,0.0,0.0,0.0,,89.0,61.0,86.0
USC00200230,"ANN ARBOR U OF MICH, MI US",2022-06-01,,,0.09,0.0,0.0,,86.0,63.0,73.0
USC00200230,"ANN ARBOR U OF MICH, MI US",2022-06-02,,,0.01,0.0,0.0,,75.0,51.0,70.0
USC00200230,"ANN ARBOR U OF MICH, MI US",2022-06-03,,,0.0,0.0,0.0,,79.0,46.0,74.0
USC00200230,"ANN ARBOR U OF MICH, MI US",2022-06-04,,,0.0,0.0,0.0,,74.0,41.0,68.0
USC00200230,"ANN ARBOR U OF MICH, MI US",2022-06-05,,,0.0,0.0,0.0,,76.0,55.0,73.0
USC00200230,"ANN ARBOR U OF MICH, MI US",2022-06-06,,,0.03,0.0,0.0,,80.0,51.0,69.0
USC00200230,"ANN ARBOR U OF MICH, MI US",2022-06-07,,,1.09,0.0,0.0,,72.0,60.0,72.0
USC00200230,"ANN ARBOR U OF MICH, MI US",2022-06-08,,,0.03,0.0,0.0,,72.0,45.0,62.0
USC00200230,"ANN ARBOR U OF MICH, MI US",2022-06-09,,,0.58,0.0,0.0,,73.0,51.0,71.0
USC00200230,"ANN ARBOR U OF MICH, MI US",2022-06-10,,,0.01,0.0,0.0,,76.0,46.0,69.0
USC00200230,"ANN ARBOR U OF MICH, MI US",2022-06-11,,,0.02,0.0,0.0,,77.0,50.0,74.0
USC00200230,"ANN ARBOR U OF MICH, MI US",2022-06-12,,,0.0,0.0,0.0,,82.0,61.0,80.0
USC00200230,"ANN ARBOR U OF MICH, MI US",2022-06-13,,,0.0,0.0,0.0,,82.0,55.0,77.0
USC00200230,"ANN ARBOR U OF MICH, MI US",2022-06-14,,,0.39,0.0,0.0,,83.0,61.0,80.0
USC00200230,"ANN ARBOR U OF MICH, MI US",2022-06-15,,,0.0,0.0,0.0,,94.0,61.0,91.0
USC00200230,"ANN ARBOR U OF MICH, MI US",2022-06-16,,,0.35,0.0,0.0,,91.0,71.0,87.0
USC00200230,"ANN ARBOR U OF MICH, MI US",2022-06-17,,,0.0,0.0,0.0,,87.0,63.0,78.0
USC00200230,"ANN ARBOR U OF MICH, MI US",2022-06-18,,,0.0,0.0,0.0,,78.0,46.0,69.0
USC00200230,"ANN ARBOR U OF MICH, MI US",2022-06-19,,,0.0,0.0,0.0,,78.0,42.0,75.0
USC00200230,"ANN ARBOR U OF MICH, MI US",2022-06-20,,,0.06,0.0,0.0,,85.0,58.0,82.0
USC00200230,"ANN ARBOR U OF MICH, MI US",2022-06-21,,,0.0,0.0,0.0,,94.0,54.0,91.0
USC00200230,"ANN ARBOR U OF MICH, MI US",2022-06-22,,,0.0,0.0,0.0,,91.0,68.0,84.0
USC00200230,"ANN ARBOR U OF MICH, MI US",2022-06-23,,,0.0,0.0,0.0,,84.0,54.0,78.0
USC00200230,"ANN ARBOR U OF MICH, MI US",2022-06-24,,,0.0,0.0,0.0,,87.0,51.0,85.0
USC00200230,"ANN ARBOR U OF MICH, MI US",2022-06-25,,,0.0,0.0,0.0,,88.0,56.0,85.0
USC00200230,"ANN ARBOR U OF MICH, MI US",2022-06-26,,,0.06,0.0,0.0,,85.0,66.0,80.0
USC00200230,"ANN ARBOR U OF MICH, MI US",2022-06-27,,,0.0,0.0,0.0,,80.0,55.0,70.0
USC00200230,"ANN ARBOR U OF MICH, MI US",2022-06-28,,,0.0,0.0,0.0,,80.0,42.0,78.0
USC00200230,"ANN ARBOR U OF MICH, MI US",2022-06-29,,,0.0,0.0,0.0,,82.0,52.0,81.0
USC00200230,"ANN ARBOR U OF MICH, MI US",2022-06-30,,,0.0,0.0,0.0,,89.0,56.0,86.0
USC00200230,"ANN ARBOR U OF MICH, MI US",2022-07-01,,,0.18,0.0,0.0,,86.0,57.0,69.0
USC00200230,"ANN ARBOR U OF MICH, MI US",2022-07-02,,,0.01,0.0,0.0,,83.0,49.0,80.0
USC00200230,"ANN ARBOR U OF MICH, MI US",2022-07-03,,,0.0,0.0,0.0,,85.0,54.0,82.0
USC00200230,"ANN ARBOR U OF MICH, MI US",2022-07-04,,,0.0,0.0,0.0,,89.0,56.0,85.0
USC00200230,"ANN ARBOR U OF MICH, MI US",2022-07-05,,,0.33,0.0,0.0,,88.0,66.0,86.0
USC00200230,"ANN ARBOR U OF MICH, MI US",2022-07-06,,,0.27,0.0,0.0,,86.0,66.0,73.0
USC00200230,"ANN ARBOR U OF MICH, MI US",2022-07-07,,,0.0,0.0,0.0,,84.0,55.0,80.0
USC00200230,"ANN ARBOR U OF MICH, MI US",2022-07-08,,,0.95,0.0,0.0,,84.0,63.0,70.0
USC00200230,"ANN ARBOR U OF MICH, MI US",2022-07-09,,,0.03,0.0,0.0,,80.0,50.0,78.0
USC00200230,"ANN ARBOR U OF MICH, MI US",2022-07-10,,,0.0,0.0,0.0,,82.0,47.0,80.0
USC00200230,"ANN ARBOR U OF MICH, MI US",2022-07-11,,,0.0,0.0,0.0,,84.0,54.0,81.0
USC00200230,"ANN ARBOR U OF MICH, MI US",2022-07-12,,,0.02,0.0,0.0,,81.0,64.0,79.0
USC00200230,"ANN ARBOR U OF MICH, MI US",2022-07-13,,,0.25,0.0,0.0,,79.0,55.0,74.0
USC00200230,"ANN ARBOR U OF MICH, MI US",2022-07-14,,,0.0,0.0,0.0,,80.0,53.0,77.0
USC00200230,"ANN ARBOR U OF MICH, MI US",2022-07-15,,,0.0,0.0,0.0,,81.0,51.0,75.0
USC00200230,"ANN ARBOR U OF MICH, MI US",2022-07-16,,,0.13,0.0,0.0,,82.0,62.0,77.0
USC00200230,"ANN ARBOR U OF MICH, MI US",2022-07-17,,,0.0,0.0,0.0,,80.0,63.0,75.0
USC00200230,"ANN ARBOR U OF MICH, MI US",2022-07-18,,,0.02,0.0,0.0,,87.0,67.0,84.0
USC00200230,"ANN ARBOR U OF MICH, MI US",2022-07-19,,,0.0,0.0,0.0,,91.0,64.0,86.0
USC00200230,"ANN ARBOR U OF MICH, MI US",2022-07-20,,,0.21,0.0,0.0,,90.0,67.0,86.0
USC00200230,"ANN ARBOR U OF MICH, MI US",2022-07-21,,,0.0,0.0,0.0,,88.0,69.0,85.0
USC00200230,"ANN ARBOR U OF MICH, MI US",2022-07-22,,,0.05,0.0,0.0,,88.0,65.0,85.0
USC00200230,"ANN ARBOR U OF MICH, MI US",2022-07-23,,,0.04,0.0,0.0,,87.0,66.0,86.0
USC00200230,"ANN ARBOR U OF MICH, MI US",2022-07-24,,,0.42,0.0,0.0,,86.0,67.0,80.0
USC00200230,"ANN ARBOR U OF MICH, MI US",2022-07-25,,,0.0,0.0,0.0,,80.0,60.0,74.0
USC00200230,"ANN ARBOR U OF MICH, MI US",2022-07-26,,,0.0,0.0,0.0,,82.0,54.0,79.0
USC00200230,"ANN ARBOR U OF MICH, MI US",2022-07-27,,,0.03,0.0,0.0,,83.0,57.0,81.0
USC00200230,"ANN ARBOR U OF MICH, MI US",2022-07-28,,,0.0,0.0,0.0,,83.0,63.0,78.0
USC00200230,"ANN ARBOR U OF MICH, MI US",2022-07-29,,,0.0,0.0,0.0,,81.0,54.0,76.0
USC00200230,"ANN ARBOR U OF MICH, MI US",2022-07-30,,,0.0,0.0,0.0,,84.0,53.0,81.0
USC00200230,"ANN ARBOR U OF MICH, MI US",2022-07-31,,,0.0,0.0,0.0,,85.0,56.0,82.0
USC00200230,"ANN ARBOR U OF MICH, MI US",2022-08-01,,,0.0,0.0,0.0,,87.0,59.0,83.0
USC00200230,"ANN ARBOR U OF MICH, MI US",2022-08-02,,,0.0,0.0,0.0,,84.0,62.0,82.0
USC00200230,"ANN ARBOR U OF MICH, MI US",2022-08-03,,,0.07,0.0,0.0,,93.0,62.0,78.0
USC00200230,"ANN ARBOR U OF MICH, MI US",2022-08-04,,,0.52,0.0,0.0,,83.0,69.0,81.0
USC00200230,"ANN ARBOR U OF MICH, MI US",2022-08-05,,,1.1,0.0,0.0,,87.0,67.0,81.0
USC00200230,"ANN ARBOR U OF MICH, MI US",2022-08-06,,,0.0,0.0,0.0,,89.0,67.0,84.0
USC00200230,"ANN ARBOR U OF MICH, MI US",2022-08-07,,,0.0,0.0,0.0,,91.0,67.0,79.0
USC00200230,"ANN ARBOR U OF MICH, MI US",2022-08-08,,,0.24,0.0,0.0,,88.0,71.0,83.0
USC00200230,"ANN ARBOR U OF MICH, MI US",2022-08-09,,,0.0,0.0,0.0,,83.0,63.0,76.0
USC00200230,"ANN ARBOR U OF MICH, MI US",2022-08-10,,,0.0,0.0,0.0,,81.0,55.0,79.0
USC00200230,"ANN ARBOR U OF MICH, MI US",2022-08-11,,,0.0,0.0,0.0,,80.0,62.0,75.0
USC00200230,"ANN ARBOR U OF MICH, MI US",2022-08-12,,,0.0,0.0,0.0,,80.0,46.0,75.0
USC00200230,"ANN ARBOR U OF MICH, MI US",2022-08-13,,,0.02,0.0,0.0,,75.0,52.0,63.0
USC00200230,"ANN ARBOR U OF MICH, MI US",2022-08-14,,,0.04,0.0,0.0,,71.0,58.0,70.0
USC00200230,"ANN ARBOR U OF MICH, MI US",2022-08-15,,,0.0,0.0,0.0,,82.0,59.0,79.0
USC00200230,"ANN ARBOR U OF MICH, MI US",2022-08-16,,,0.0,0.0,0.0,,83.0,54.0,79.0
USC00200230,"ANN ARBOR U OF MICH, MI US",2022-08-17,,,0.13,0.0,0.0,,81.0,52.0,66.0
USC00200230,"ANN ARBOR U OF MICH, MI US",2022-08-18,,,0.0,0.0,0.0,,84.0,53.0,78.0
USC00200230,"ANN ARBOR U OF MICH, MI US",2022-08-19,,,0.01,0.0,0.0,,85.0,52.0,82.0
USC00200230,"ANN ARBOR U OF MICH, MI US",2022-08-20,,,0.03,0.0,0.0,,83.0,57.0,70.0
USC00200230,"ANN ARBOR U OF MICH, MI US",2022-08-21,,,1.64,0.0,0.0,,80.0,62.0,76.0
USC00200230,"ANN ARBOR U OF MICH, MI US",2022-08-22,,,0.0,0.0,0.0,,80.0,61.0,77.0
USC00200230,"ANN ARBOR U OF MICH, MI US",2022-08-23,,,0.0,0.0,0.0,,82.0,57.0,76.0
USC00200230,"ANN ARBOR U OF MICH, MI US",2022-08-24,,,0.0,0.0,0.0,,86.0,56.0,82.0
USC00200230,"ANN ARBOR U OF MICH, MI US",2022-08-25,,,0.0,0.0,0.0,,83.0,57.0,77.0
USC00200230,"ANN ARBOR U OF MICH, MI US",2022-08-26,,,0.01,0.0,0.0,,77.0,65.0,74.0
USC00200230,"ANN ARBOR U OF MICH, MI US",2022-08-27,,,0.0,0.0,0.0,,81.0,50.0,77.0
USC00200230,"ANN ARBOR U OF MICH, MI US",2022-08-28,,,0.0,0.0,0.0,,85.0,52.0,80.0
USC00200230,"ANN ARBOR U OF MICH, MI US",2022-08-29,,,0.42,0.0,0.0,,87.0,68.0,68.0
USC00200230,"ANN ARBOR U OF MICH, MI US",2022-08-30,,,0.05,0.0,0.0,,79.0,65.0,75.0
USC00200230,"ANN ARBOR U OF MICH, MI US",2022-08-31,,,0.0,0.0,0.0,,81.0,57.0,78.0
USC00200230,"ANN ARBOR U OF MICH, MI US",2022-09-01,,,0.0,0.0,0.0,,85.0,55.0,79.0
USC00200230,"ANN ARBOR U OF MICH, MI US",2022-09-02,,,0.0,0.0,0.0,,86.0,57.0,81.0
USC00200230,"ANN ARBOR U OF MICH, MI US",2022-09-03,,,0.0,0.0,0.0,,87.0,59.0,83.0
USC00200230,"ANN ARBOR U OF MICH, MI US",2022-09-04,,,0.02,0.0,0.0,,83.0,66.0,66.0
USC00200230,"ANN ARBOR U OF MICH, MI US",2022-09-05,,,0.0,0.0,0.0,,74.0,61.0,71.0
USC00200230,"ANN ARBOR U OF MICH, MI US",2022-09-06,,,0.0,0.0,0.0,,78.0,63.0,74.0
USC00200230,"ANN ARBOR U OF MICH, MI US",2022-09-07,,,0.0,0.0,0.0,,78.0,49.0,75.0
USC00200230,"ANN ARBOR U OF MICH, MI US",2022-09-08,,,0.0,0.0,0.0,,83.0,46.0,77.0
USC00200230,"ANN ARBOR U OF MICH, MI US",2022-09-09,,,0.0,0.0,0.0,,84.0,46.0,80.0
USC00200230,"ANN ARBOR U OF MICH, MI US",2022-09-10,,,0.0,0.0,0.0,,86.0,56.0,79.0
USC00200230,"ANN ARBOR U OF MICH, MI US",2022-09-11,,,0.13,0.0,0.0,,79.0,64.0,70.0
USC00200230,"ANN ARBOR U OF MICH, MI US",2022-09-12,,,0.61,0.0,0.0,,70.0,57.0,63.0
USC00200230,"ANN ARBOR U OF MICH, MI US",2022-09-13,,,0.0,0.0,0.0,,74.0,48.0,70.0
USC00200230,"ANN ARBOR U OF MICH, MI US",2022-09-14,,,0.0,0.0,0.0,,81.0,54.0,77.0
USC00200230,"ANN ARBOR U OF MICH, MI US",2022-09-15,,,0.0,0.0,0.0,,77.0,51.0,72.0
USC00200230,"ANN ARBOR U OF MICH, MI US",2022-09-16,,,0.0,0.0,0.0,,81.0,50.0,78.0
USC00200230,"ANN ARBOR U OF MICH, MI US",2022-09-17,,,0.0,0.0,0.0,,84.0,51.0,80.0
USC00200230,"ANN ARBOR U OF MICH, MI US",2022-09-18,,,0.0,0.0,0.0,,84.0,62.0,78.0
USC00200230,"ANN ARBOR U OF MICH, MI US",2022-09-19,,,0.16,0.0,0.0,,81.0,61.0,77.0
USC00200230,"ANN ARBOR U OF MICH, MI US",2022-09-20,,,0.01,0.0,0.0,,78.0,50.0,73.0
USC00200230,"ANN ARBOR U OF MICH, MI US",2022-09-21,,,0.64,0.0,0.0,,86.0,60.0,80.0
USC00200230,"ANN ARBOR U OF MICH, MI US",2022-09-22,,,0.0,0.0,0.0,,80.0,52.0,57.0
USC00200230,"ANN ARBOR U OF MICH, MI US",2022-09-23,,,0.0,0.0,0.0,,65.0,38.0,61.0
USC00200230,"ANN ARBOR U OF MICH, MI US",2022-09-24,,,0.04,0.0,0.0,,68.0,45.0,63.0
USC00200230,"ANN ARBOR U OF MICH, MI US",2022-09-25,,,0.45,0.0,0.0,,63.0,54.0,57.0
USC00200230,"ANN ARBOR U OF MICH, MI US",2022-09-26,,,0.06,0.0,0.0,,60.0,49.0,54.0
USC00200230,"ANN ARBOR U OF MICH, MI US",2022-09-27,,,0.02,0.0,0.0,,61.0,46.0,53.0
USC00200230,"ANN ARBOR U OF MICH, MI US",2022-09-28,,,0.0,0.0,0.0,,58.0,47.0,53.0
USC00200230,"ANN ARBOR U OF MICH, MI US",2022-09-29,,,0.0,0.0,0.0,,61.0,40.0,55.0
USC00200230,"ANN ARBOR U OF MICH, MI US",2022-09-30,,,0.0,0.0,0.0,,67.0,33.0,63.0
USC00200230,"ANN ARBOR U OF MICH, MI US",2022-10-01,,,0.0,0.0,0.0,,70.0,39.0,66.0
USC00200230,"ANN ARBOR U OF MICH, MI US",2022-10-02,,,0.0,0.0,0.0,,66.0,52.0,61.0
USC00200230,"ANN ARBOR U OF MICH, MI US",2022-10-03,,,0.0,0.0,0.0,,67.0,32.0,61.0
USC00200230,"ANN ARBOR U OF MICH, MI US",2022-10-04,,,0.0,0.0,0.0,,72.0,33.0,67.0
USC00200230,"ANN ARBOR U OF MICH, MI US",2022-10-05,,,0.0,0.0,0.0,,76.0,40.0,70.0
USC00200230,"ANN ARBOR U OF MICH, MI US",2022-10-06,,,0.0,0.0,0.0,,75.0,46.0,67.0
USC00200230,"ANN ARBOR U OF MICH, MI US",2022-10-07,,,0.02,0.0,0.0,,67.0,42.0,47.0
USC00200230,"ANN ARBOR U OF MICH, MI US",2022-10-08,,,0.0,0.0,0.0,,56.0,27.0,50.0
USC00200230,"ANN ARBOR U OF MICH, MI US",2022-10-09,,,0.0,0.0,0.0,,67.0,32.0,61.0
USC00200230,"ANN ARBOR U OF MICH, MI US",2022-10-10,,,0.02,0.0,0.0,,69.0,39.0,65.0
USC00200230,"ANN ARBOR U OF MICH, MI US",2022-10-11,,,0.0,0.0,0.0,,75.0,38.0,68.0
USC00200230,"ANN ARBOR U OF MICH, MI US",2022-10-12,,,0.06,0.0,0.0,,71.0,54.0,67.0
USC00200230,"ANN ARBOR U OF MICH, MI US",2022-10-13,,,0.19,0.0,0.0,,67.0,44.0,51.0
USC00200230,"ANN ARBOR U OF MICH, MI US",2022-10-14,,,0.01,0.0,0.0,,60.0,29.0,55.0
USC00200230,"ANN ARBOR U OF MICH, MI US",2022-10-15,,,0.06,0.0,0.0,,55.0,40.0,49.0
USC00200230,"ANN ARBOR U OF MICH, MI US",2022-10-16,,,0.0,0.0,0.0,,60.0,29.0,53.0
USC00200230,"ANN ARBOR U OF MICH, MI US",2022-10-17,,,0.11,0.0,0.0,,53.0,38.0,40.0
USC00200230,"ANN ARBOR U OF MICH, MI US",2022-10-18,,,0.13,0.0,0.0,,41.0,37.0,39.0
USC00200230,"ANN ARBOR U OF MICH, MI US",2022-10-19,,,0.14,0.0,0.0,,47.0,37.0,44.0
USC00200230,"ANN ARBOR U OF MICH, MI US",2022-10-20,,,0.06,0.0,0.0,,44.0,33.0,43.0
USC00200230,"ANN ARBOR U OF MICH, MI US",2022-10-21,,,0.0,0.0,0.0,,69.0,26.0,67.0
USC00200230,"ANN ARBOR U OF MICH, MI US",2022-10-22,,,0.0,0.0,0.0,,76.0,41.0,72.0
USC00200230,"ANN ARBOR U OF MICH, MI US",2022-10-23,,,0.0,0.0,0.0,,76.0,38.0,70.0
USC00200230,"ANN ARBOR U OF MICH, MI US",2022-10-24,,,0.0,0.0,0.0,,78.0,40.0,70.0
USC00200230,"ANN ARBOR U OF MICH, MI US",2022-10-25,,,0.0,0.0,0.0,,77.0,41.0,68.0
USC00200230,"ANN ARBOR U OF MICH, MI US",2022-10-26,,,0.21,0.0,0.0,,68.0,45.0,45.0
USC00200230,"ANN ARBOR U OF MICH, MI US",2022-10-27,,,0.0,0.0,0.0,,55.0,29.0,49.0
USC00200230,"ANN ARBOR U OF MICH, MI US",2022-10-28,,,0.0,0.0,0.0,,60.0,29.0,55.0
USC00200230,"ANN ARBOR U OF MICH, MI US",2022-10-29,,,0.0,0.0,0.0,,64.0,28.0,59.0
USC00200230,"ANN ARBOR U OF MICH, MI US",2022-10-30,,,0.0,0.0,0.0,,59.0,30.0,57.0
USC00200230,"ANN ARBOR U OF MICH, MI US",2022-10-31,,,0.31,0.0,0.0,,61.0,47.0,58.0
USC00200230,"ANN ARBOR U OF MICH, MI US",2022-11-01,,,0.03,0.0,0.0,,68.0,51.0,63.0
USC00200230,"ANN ARBOR U OF MICH, MI US",2022-11-02,,,0.0,0.0,0.0,,68.0,33.0,63.0
USC00200230,"ANN ARBOR U OF MICH, MI US",2022-11-03,,,0.0,0.0,0.0,,69.0,35.0,64.0
USC00200230,"ANN ARBOR U OF MICH, MI US",2022-11-04,,,0.0,0.0,0.0,,73.0,44.0,68.0
USC00200230,"ANN ARBOR U OF MICH, MI US",2022-11-05,,,0.01,0.0,0.0,,71.0,58.0,68.0
USC00200230,"ANN ARBOR U OF MICH, MI US",2022-11-06,,,0.04,0.0,0.0,,68.0,38.0,58.0
USC00200230,"ANN ARBOR U OF MICH, MI US",2022-11-07,,,0.0,0.0,0.0,,58.0,43.0,45.0
USC00200230,"ANN ARBOR U OF MICH, MI US",2022-11-08,,,0.0,0.0,0.0,,54.0,28.0,43.0
USC00200230,"ANN ARBOR U OF MICH, MI US",2022-11-09,,,0.0,0.0,0.0,,66.0,30.0,55.0
USC00200230,"ANN ARBOR U OF MICH, MI US",2022-11-10,,,0.0,0.0,0.0,,74.0,44.0,63.0
USC00200230,"ANN ARBOR U OF MICH, MI US",2022-11-11,,,0.0,0.0,0.0,,63.0,39.0,51.0
USC00200230,"ANN ARBOR U OF MICH, MI US",2022-11-12,,,0.09,0.4,0.0,,51.0,33.0,34.0
USC00200230,"ANN ARBOR U OF MICH, MI US",2022-11-13,,,0.0,0.0,0.0,,39.0,29.0,34.0
USC00200230,"ANN ARBOR U OF MICH, MI US",2022-11-14,,,0.0,0.0,0.0,,41.0,28.0,34.0
USC00200230,"ANN ARBOR U OF MICH, MI US",2022-11-15,,,0.04,0.2,0.0,,37.0,31.0,32.0
USC00200230,"ANN ARBOR U OF MICH, MI US",2022-11-16,,,0.07,0.7,0.0,,37.0,32.0,34.0
USC00200230,"ANN ARBOR U OF MICH, MI US",2022-11-17,,,0.04,0.7,0.0,,34.0,25.0,30.0
USC00200230,"ANN ARBOR U OF MICH, MI US",2022-11-18,,,0.06,1.3,1.0,,31.0,27.0,27.0
USC00200230,"ANN ARBOR U OF MICH, MI US",2022-11-19,,,0.0,0.0,0.0,,28.0,20.0,25.0
USC00200230,"ANN ARBOR U OF MICH, MI US",2022-11-20,,,0.17,2.6,2.0,,26.0,13.0,20.0
USC00200230,"ANN ARBOR U OF MICH, MI US",2022-11-21,,,0.0,0.0,0.0,,44.0,8.0,36.0
USC00200230,"ANN ARBOR U OF MICH, MI US",2022-11-22,,,0.0,0.0,0.0,,52.0,17.0,42.0
USC00200230,"ANN ARBOR U OF MICH, MI US",2022-11-23,,,0.0,0.0,0.0,,55.0,19.0,41.0
USC00200230,"ANN ARBOR U OF MICH, MI US",2022-11-24,,,0.0,0.0,0.0,,56.0,21.0,49.0
USC00200230,"ANN ARBOR U OF MICH, MI US",2022-11-25,,,0.06,0.0,0.0,,50.0,41.0,41.0
USC00200230,"ANN ARBOR U OF MICH, MI US",2022-11-26,,,0.0,0.0,0.0,,56.0,23.0,43.0
USC00200230,"ANN ARBOR U OF MICH, MI US",2022-11-27,,,0.62,0.0,0.0,,43.0,32.0,39.0
USC00200230,"ANN ARBOR U OF MICH, MI US",2022-11-28,,,0.0,0.0,0.0,,43.0,31.0,38.0
USC00200230,"ANN ARBOR U OF MICH, MI US",2022-11-29,,,0.0,0.0,0.0,,50.0,35.0,47.0
USC00200230,"ANN ARBOR U OF MICH, MI US",2022-11-30,,,0.15,0.0,0.0,,52.0,28.0,28.0
USC00200230,"ANN ARBOR U OF MICH, MI US",2022-12-01,,,0.0,0.0,0.0,,38.0,26.0,30.0
USC00200230,"ANN ARBOR U OF MICH, MI US",2022-12-02,,,0.0,0.0,0.0,,45.0,26.0,45.0
USC00200230,"ANN ARBOR U OF MICH, MI US",2022-12-03,,,0.09,0.0,0.0,,52.0,29.0,29.0
USC00200230,"ANN ARBOR U OF MICH, MI US",2022-12-04,,,0.0,0.0,0.0,,39.0,15.0,30.0
USC00200230,"ANN ARBOR U OF MICH, MI US",2022-12-05,,,0.0,0.0,0.0,,42.0,20.0,39.0
USC00200230,"ANN ARBOR U OF MICH, MI US",2022-12-06,,,0.0,0.0,0.0,,46.0,36.0,43.0
USC00200230,"ANN ARBOR U OF MICH, MI US",2022-12-07,,,0.01,0.0,0.0,,47.0,39.0,45.0
USC00200230,"ANN ARBOR U OF MICH, MI US",2022-12-08,,,0.0,0.0,0.0,,45.0,35.0,38.0
USC00200230,"ANN ARBOR U OF MICH, MI US",2022-12-09,,,0.0,0.0,0.0,,38.0,25.0,34.0
USC00200230,"ANN ARBOR U OF MICH, MI US",2022-12-10,,,0.0,0.0,0.0,,35.0,31.0,34.0
USC00200230,"ANN ARBOR U OF MICH, MI US",2022-12-11,,,0.0,0.0,0.0,,39.0,33.0,36.0
USC00200230,"ANN ARBOR U OF MICH, MI US",2022-12-12,,,0.0,0.0,0.0,,37.0,32.0,35.0
USC00200230,"ANN ARBOR U OF MICH, MI US",2022-12-13,,,0.0,0.0,0.0,,35.0,29.0,30.0
USC00200230,"ANN ARBOR U OF MICH, MI US",2022-12-14,,,0.0,0.0,0.0,,42.0,29.0,34.0
USC00200230,"ANN ARBOR U OF MICH, MI US",2022-12-15,,,0.54,0.0,0.0,,43.0,32.0,36.0
USC00200230,"ANN ARBOR U OF MICH, MI US",2022-12-16,,,0.02,0.2,0.0,,36.0,31.0,32.0
USC00200230,"ANN ARBOR U OF MICH, MI US",2022-12-17,,,0.05,0.7,1.0,,32.0,26.0,27.0
USC00200230,"ANN ARBOR U OF MICH, MI US",2022-12-18,,,0.02,0.7,1.0,,28.0,23.0,23.0
USC00200230,"ANN ARBOR U OF MICH, MI US",2022-12-19,,,0.0,0.0,0.0,,25.0,21.0,24.0
USC00200230,"ANN ARBOR U OF MICH, MI US",2022-12-20,,,0.0,0.0,0.0,,34.0,23.0,29.0
USC00200230,"ANN ARBOR U OF MICH, MI US",2022-12-21,,,0.0,0.0,0.0,,32.0,19.0,28.0
USC00200230,"ANN ARBOR U OF MICH, MI US",2022-12-22,,,0.02,0.0,0.0,,40.0,27.0,36.0
USC00200230,"ANN ARBOR U OF MICH, MI US",2022-12-23,,,0.35,1.7,1.0,,36.0,-1.0,0.0
USC00200230,"ANN ARBOR U OF MICH, MI US",2022-12-24,,,0.04,0.7,2.0,,10.0,-1.0,10.0
USC00200230,"ANN ARBOR U OF MICH, MI US",2022-12-25,,,0.08,3.0,4.0,,17.0,10.0,12.0
USC00200230,"ANN ARBOR U OF MICH, MI US",2022-12-26,,,0.0,0.2,3.0,,22.0,11.0,20.0
USC00200230,"ANN ARBOR U OF MICH, MI US",2022-12-27,,,0.0,0.0,3.0,,29.0,17.0,22.0
USC00200230,"ANN ARBOR U OF MICH, MI US",2022-12-28,,,0.0,0.0,1.0,,40.0,22.0,38.0
USC00200230,"ANN ARBOR U OF MICH, MI US",2022-12-29,,,0.0,0.0,0.0,,49.0,34.0,48.0
USC00200230,"ANN ARBOR U OF MICH, MI US",2022-12-30,,,0.17,0.0,0.0,,52.0,48.0,50.0
USC00200230,"ANN ARBOR U OF MICH, MI US",2022-12-31,,,0.79,0.0,0.0,,50.0,37.0,37.0
USC00200230,"ANN ARBOR U OF MICH, MI US",2023-01-01,,,0.14,0.0,0.0,,45.0,33.0,44.0
USC00200230,"ANN ARBOR U OF MICH, MI US",2023-01-02,,,0.0,0.0,0.0,,44.0,33.0,39.0
USC00200230,"ANN ARBOR U OF MICH, MI US",2023-01-03,,,0.4,0.0,0.0,,42.0,33.0,41.0
USC00200230,"ANN ARBOR U OF MICH, MI US",2023-01-04,,,0.2,0.0,0.0,,56.0,41.0,44.0
USC00200230,"ANN ARBOR U OF MICH, MI US",2023-01-05,,,0.04,0.0,0.0,,44.0,34.0,34.0
USC00200230,"ANN ARBOR U OF MICH, MI US",2023-01-06,,,0.05,0.2,0.0,,36.0,32.0,34.0
USC00200230,"ANN ARBOR U OF MICH, MI US",2023-01-07,,,0.03,0.4,0.0,,34.0,30.0,30.0
USC00200230,"ANN ARBOR U OF MICH, MI US",2023-01-08,,,0.0,0.0,0.0,,31.0,28.0,29.0
USC00200230,"ANN ARBOR U OF MICH, MI US",2023-01-09,,,0.0,0.0,0.0,,41.0,25.0,35.0
USC00200230,"ANN ARBOR U OF MICH, MI US",2023-01-10,,,0.0,0.0,0.0,,37.0,23.0,36.0
USC00200230,"ANN ARBOR U OF MICH, MI US",2023-01-11,,,0.0,0.0,0.0,,45.0,27.0,40.0
USC00200230,"ANN ARBOR U OF MICH, MI US",2023-01-12,,,0.0,0.0,0.0,,42.0,35.0,35.0
USC00200230,"ANN ARBOR U OF MICH, MI US",2023-01-13,,,0.0,0.1,0.0,,35.0,26.0,26.0
USC00200230,"ANN ARBOR U OF MICH, MI US",2023-01-14,,,0.0,0.0,0.0,,31.0,16.0,25.0
USC00200230,"ANN ARBOR U OF MICH, MI US",2023-01-15,,,0.0,0.0,0.0,,37.0,13.0,29.0
USC00200230,"ANN ARBOR U OF MICH, MI US",2023-01-16,,,0.07,0.0,0.0,,37.0,21.0,33.0
USC00200230,"ANN ARBOR U OF MICH, MI US",2023-01-17,,,0.22,0.0,0.0,,46.0,33.0,39.0
USC00200230,"ANN ARBOR U OF MICH, MI US",2023-01-18,,,0.03,0.0,0.0,,40.0,37.0,37.0
USC00200230,"ANN ARBOR U OF MICH, MI US",2023-01-19,,,0.41,0.0,0.0,,46.0,35.0,44.0
USC00200230,"ANN ARBOR U OF MICH, MI US",2023-01-20,,,0.3,0.0,0.0,,44.0,34.0,34.0
USC00200230,"ANN ARBOR U OF MICH, MI US",2023-01-21,,,0.0,0.0,0.0,,34.0,30.0,31.0
USC00200230,"ANN ARBOR U OF MICH, MI US",2023-01-22,,,0.16,2.0,2.0,,34.0,28.0,31.0
USC00200230,"ANN ARBOR U OF MICH, MI US",2023-01-23,,,0.05,0.6,2.0,,33.0,27.0,28.0
USC00200230,"ANN ARBOR U OF MICH, MI US",2023-01-24,,,0.0,0.0,1.0,,40.0,25.0,32.0
USC00200230,"ANN ARBOR U OF MICH, MI US",2023-01-25,,,0.67,8.6,9.0,,32.0,25.0,31.0
USC00200230,"ANN ARBOR U OF MICH, MI US",2023-01-26,,,0.05,0.5,8.0,,33.0,28.0,31.0
USC00200230,"ANN ARBOR U OF MICH, MI US",2023-01-27,,,0.08,1.4,8.0,,31.0,20.0,27.0
USC00200230,"ANN ARBOR U OF MICH, MI US",2023-01-28,,,0.03,0.5,7.0,,36.0,22.0,28.0
USC00200230,"ANN ARBOR U OF MICH, MI US",2023-01-29,,,0.09,0.6,6.0,,31.0,27.0,28.0
USC00200230,"ANN ARBOR U OF MICH, MI US",2023-01-30,,,0.03,0.4,6.0,,28.0,19.0,19.0
USC00200230,"ANN ARBOR U OF MICH, MI US",2023-01-31,,,0.0,0.0,5.0,,20.0,-3.0,14.0
USC00200230,"ANN ARBOR U OF MICH, MI US",2023-02-01,,,0.0,0.0,5.0,,26.0,-1.0,18.0
USC00200230,"ANN ARBOR U OF MICH, MI US",2023-02-02,,,0.0,0.0,5.0,,36.0,7.0,30.0
USC00200230,"ANN ARBOR U OF MICH, MI US",2023-02-03,,,0.0,0.1,4.0,,30.0,5.0,9.0
USC00200230,"ANN ARBOR U OF MICH, MI US",2023-02-04,,,0.0,0.0,4.0,,31.0,-4.0,30.0
USC00200230,"ANN ARBOR U OF MICH, MI US",2023-02-05,,,0.0,0.0,3.0,,44.0,25.0,37.0
USC00200230,"ANN ARBOR U OF MICH, MI US",2023-02-06,,,0.0,0.0,3.0,,37.0,27.0,29.0
USC00200230,"ANN ARBOR U OF MICH, MI US",2023-02-07,,,0.0,0.0,1.0,,51.0,27.0,36.0
USC00200230,"ANN ARBOR U OF MICH, MI US",2023-02-08,,,0.0,0.0,0.0,,45.0,26.0,39.0
USC00200230,"ANN ARBOR U OF MICH, MI US",2023-02-09,,,0.72,0.0,0.0,,57.0,31.0,45.0
USC00200230,"ANN ARBOR U OF MICH, MI US",2023-02-10,,,0.04,0.0,0.0,,45.0,31.0,31.0
USC00200230,"ANN ARBOR U OF MICH, MI US",2023-02-11,,,0.0,0.0,0.0,,44.0,15.0,35.0
USC00200230,"ANN ARBOR U OF MICH, MI US",2023-02-12,,,0.0,0.0,0.0,,55.0,19.0,45.0
USC00200230,"ANN ARBOR U OF MICH, MI US",2023-02-13,,,0.0,0.0,0.0,,51.0,24.0,42.0
USC00200230,"ANN ARBOR U OF MICH, MI US",2023-02-14,,,0.0,0.0,0.0,,54.0,19.0,47.0
USC00200230,"ANN ARBOR U OF MICH, MI US",2023-02-15,,,0.03,0.0,0.0,,57.0,43.0,47.0
USC00200230,"ANN ARBOR U OF MICH, MI US",2023-02-16,,,0.01,0.0,0.0,,47.0,28.0,28.0
USC00200230,"ANN ARBOR U OF MICH, MI US",2023-02-17,,,0.25,0.4,0.0,,28.0,19.0,20.0
USC00200230,"ANN ARBOR U OF MICH, MI US",2023-02-18,,,0.0,0.0,0.0,,46.0,13.0,39.0
USC00200230,"ANN ARBOR U OF MICH, MI US",2023-02-19,,,0.0,0.0,0.0,,53.0,28.0,48.0
USC00200230,"ANN ARBOR U OF MICH, MI US",2023-02-20,,,0.0,0.0,0.0,,48.0,31.0,40.0
USC00200230,"ANN ARBOR U OF MICH, MI US",2023-02-21,,,0.0,0.0,0.0,,40.0,23.0,30.0
USC00200230,"ANN ARBOR U OF MICH, MI US",2023-02-22,,,0.55,0.2,0.0,,31.0,28.0,31.0
USC00200230,"ANN ARBOR U OF MICH, MI US",2023-02-23,,,0.55,0.0,0.0,,42.0,28.0,39.0
USC00200230,"ANN ARBOR U OF MICH, MI US",2023-02-24,,,0.0,0.0,0.0,,39.0,22.0,28.0
USC00200230,"ANN ARBOR U OF MICH, MI US",2023-02-25,,,0.07,1.5,0.0,,36.0,20.0,33.0
USC00200230,"ANN ARBOR U OF MICH, MI US",2023-02-26,,,0.0,0.0,0.0,,48.0,28.0,41.0
USC00200230,"ANN ARBOR U OF MICH, MI US",2023-02-27,,,0.91,0.1,0.0,,41.0,21.0,32.0
USC00200230,"ANN ARBOR U OF MICH, MI US",2023-02-28,,,0.02,0.0,0.0,,48.0,32.0,43.0
USC00200230,"ANN ARBOR U OF MICH, MI US",2023-03-01,,,0.03,0.0,0.0,,55.0,27.0,49.0
USC00200230,"ANN ARBOR U OF MICH, MI US",2023-03-02,,,0.0,0.0,0.0,,49.0,26.0,37.0
USC00200230,"ANN ARBOR U OF MICH, MI US",2023-03-03,,,0.74,3.8,4.0,,37.0,29.0,31.0
USC00200230,"ANN ARBOR U OF MICH, MI US",2023-03-04,,,0.86,4.4,7.0,,44.0,28.0,38.0
USC00200230,"ANN ARBOR U OF MICH, MI US",2023-03-05,,,0.02,0.0,4.0,,50.0,34.0,44.0
USC00200230,"ANN ARBOR U OF MICH, MI US",2023-03-06,,,0.51,0.6,4.0,,44.0,30.0,33.0
USC00200230,"ANN ARBOR U OF MICH, MI US",2023-03-07,,,0.13,1.1,4.0,,43.0,29.0,39.0
USC00200230,"ANN ARBOR U OF MICH, MI US",2023-03-08,,,0.0,0.0,2.0,,44.0,20.0,39.0
USC00200230,"ANN ARBOR U OF MICH, MI US",2023-03-09,,,0.0,0.0,1.0,,44.0,26.0,39.0
USC00200230,"ANN ARBOR U OF MICH, MI US",2023-03-10,,,0.42,5.3,4.0,,39.0,29.0,33.0
USC00200230,"ANN ARBOR U OF MICH, MI US",2023-03-11,,,0.0,0.1,2.0,,42.0,27.0,37.0
USC00200230,"ANN ARBOR U OF MICH, MI US",2023-03-12,,,0.06,1.5,2.0,,37.0,25.0,33.0
USC00200230,"ANN ARBOR U OF MICH, MI US",2023-03-13,,,0.17,2.5,4.0,,33.0,28.0,30.0
USC00200230,"ANN ARBOR U OF MICH, MI US",2023-03-14,,,0.01,0.2,2.0,,34.0,17.0,32.0
USC00200230,"ANN ARBOR U OF MICH, MI US",2023-03-15,,,0.0,0.0,0.0,,46.0,16.0,44.0
USC00200230,"ANN ARBOR U OF MICH, MI US",2023-03-16,,,0.01,0.0,0.0,,55.0,26.0,49.0
USC00200230,"ANN ARBOR U OF MICH, MI US",2023-03-17,,,0.24,0.0,0.0,,49.0,33.0,34.0
USC00200230,"ANN ARBOR U OF MICH, MI US",2023-03-18,,,0.02,0.6,0.0,,34.0,19.0,23.0
USC00200230,"ANN ARBOR U OF MICH, MI US",2023-03-19,,,0.0,0.1,0.0,,39.0,17.0,37.0
USC00200230,"ANN ARBOR U OF MICH, MI US",2023-03-20,,,0.0,0.0,0.0,,50.0,24.0,46.0
USC00200230,"ANN ARBOR U OF MICH, MI US",2023-03-21,,,0.0,0.0,0.0,,56.0,25.0,54.0
USC00200230,"ANN ARBOR U OF MICH, MI US",2023-03-22,,,0.0,0.0,0.0,,54.0,39.0,48.0
USC00200230,"ANN ARBOR U OF MICH, MI US",2023-03-23,,,0.32,0.0,0.0,,49.0,43.0,44.0
USC00200230,"ANN ARBOR U OF MICH, MI US",2023-03-24,,,0.0,0.0,0.0,,46.0,31.0,42.0
USC00200230,"ANN ARBOR U OF MICH, MI US",2023-03-25,,,0.37,0.0,0.0,,48.0,33.0,37.0
USC00200230,"ANN ARBOR U OF MICH, MI US",2023-03-26,,,0.03,0.1,0.0,,55.0,26.0,48.0
USC00200230,"ANN ARBOR U OF MICH, MI US",2023-03-27,,,0.27,0.0,0.0,,48.0,36.0,44.0
USC00200230,"ANN ARBOR U OF MICH, MI US",2023-03-28,,,0.0,0.0,0.0,,50.0,22.0,47.0
USC00200230,"ANN ARBOR U OF MICH, MI US",2023-03-29,,,0.03,0.2,0.0,,47.0,27.0,38.0
USC00200230,"ANN ARBOR U OF MICH, MI US",2023-03-30,,,0.0,0.0,0.0,,48.0,14.0,45.0
USC00200230,"ANN ARBOR U OF MICH, MI US",2023-03-31,,,0.54,0.0,0.0,,55.0,34.0,54.0
USC00200230,"ANN ARBOR U OF MICH, MI US",2023-04-01,,,0.85,0.0,0.0,,59.0,37.0,40.0
USC00200230,"ANN ARBOR U OF MICH, MI US",2023-04-02,,,0.03,0.0,0.0,,48.0,22.0,44.0
USC00200230,"ANN ARBOR U OF MICH, MI US",2023-04-03,,,0.04,0.0,0.0,,65.0,33.0,50.0
USC00200230,"ANN ARBOR U OF MICH, MI US",2023-04-04,,,0.35,0.0,0.0,,58.0,44.0,54.0
USC00200230,"ANN ARBOR U OF MICH, MI US",2023-04-05,,,0.11,0.0,0.0,,77.0,48.0,64.0
USC00200230,"ANN ARBOR U OF MICH, MI US",2023-04-06,,,0.0,0.0,0.0,,64.0,36.0,50.0
USC00200230,"ANN ARBOR U OF MICH, MI US",2023-04-07,,,0.0,0.0,0.0,,51.0,29.0,47.0
USC00200230,"ANN ARBOR U OF MICH, MI US",2023-04-08,,,0.0,0.0,0.0,,52.0,25.0,50.0
USC00200230,"ANN ARBOR U OF MICH, MI US",2023-04-09,,,0.0,0.0,0.0,,63.0,25.0,60.0
USC00200230,"ANN ARBOR U OF MICH, MI US",2023-04-10,,,0.0,0.0,0.0,,68.0,29.0,65.0
USC00200230,"ANN ARBOR U OF MICH, MI US",2023-04-11,,,0.0,0.0,0.0,,75.0,33.0,72.0
USC00200230,"ANN ARBOR U OF MICH, MI US",2023-04-12,,,0.0,0.0,0.0,,80.0,45.0,77.0
USC00200230,"ANN ARBOR U OF MICH, MI US",2023-04-13,,,0.0,0.0,0.0,,83.0,47.0,79.0
USC00200230,"ANN ARBOR U OF MICH, MI US",2023-04-14,,,0.0,0.0,0.0,,84.0,41.0,79.0
USC00200230,"ANN ARBOR U OF MICH, MI US",2023-04-15,,,0.0,0.0,0.0,,84.0,48.0,77.0
USC00200230,"ANN ARBOR U OF MICH, MI US",2023-04-16,,,0.08,0.0,0.0,,77.0,49.0,50.0
USC00200230,"ANN ARBOR U OF MICH, MI US",2023-04-17,,,0.11,0.3,0.0,,50.0,33.0,37.0
USC00200230,"ANN ARBOR U OF MICH, MI US",2023-04-18,,,0.01,0.1,0.0,,48.0,32.0,46.0
USC00200230,"ANN ARBOR U OF MICH, MI US",2023-04-19,,,0.0,0.0,0.0,,56.0,28.0,52.0
USC00200230,"ANN ARBOR U OF MICH, MI US",2023-04-20,,,0.04,0.0,0.0,,70.0,41.0,65.0
USC00200230,"ANN ARBOR U OF MICH, MI US",2023-04-21,,,0.18,0.0,0.0,,65.0,45.0,50.0
USC00200230,"ANN ARBOR U OF MICH, MI US",2023-04-22,,,0.06,0.0,0.0,,55.0,43.0,46.0
USC00200230,"ANN ARBOR U OF MICH, MI US",2023-04-23,,,0.06,0.0,0.0,,48.0,31.0,45.0
USC00200230,"ANN ARBOR U OF MICH, MI US",2023-04-24,,,0.02,0.0,0.0,,47.0,31.0,45.0
USC00200230,"ANN ARBOR U OF MICH, MI US",2023-04-25,,,0.1,0.0,0.0,,45.0,23.0,40.0
USC00200230,"ANN ARBOR U OF MICH, MI US",2023-04-26,,,0.0,0.0,0.0,,55.0,25.0,51.0
USC00200230,"ANN ARBOR U OF MICH, MI US",2023-04-27,,,0.0,0.0,0.0,,59.0,27.0,56.0
USC00200230,"ANN ARBOR U OF MICH, MI US",2023-04-28,,,0.48,0.0,0.0,,56.0,37.0,51.0
USC00200230,"ANN ARBOR U OF MICH, MI US",2023-04-29,,,0.06,0.0,0.0,,63.0,48.0,60.0
USC00200230,"ANN ARBOR U OF MICH, MI US",2023-04-30,,,0.53,0.0,0.0,,60.0,38.0,51.0
USC00200230,"ANN ARBOR U OF MICH, MI US",2023-05-01,,,0.07,0.0,0.0,,52.0,37.0,44.0
USC00200230,"ANN ARBOR U OF MICH, MI US",2023-05-02,,,0.23,0.0,0.0,,44.0,35.0,42.0
USC00200230,"ANN ARBOR U OF MICH, MI US",2023-05-03,,,0.05,0.0,0.0,,52.0,36.0,50.0
USC00200230,"ANN ARBOR U OF MICH, MI US",2023-05-04,,,0.0,0.0,0.0,,64.0,34.0,59.0
USC00200230,"ANN ARBOR U OF MICH, MI US",2023-05-05,,,0.0,0.0,0.0,,70.0,35.0,66.0
USC00200230,"ANN ARBOR U OF MICH, MI US",2023-05-06,,,0.0,0.0,0.0,,71.0,38.0,64.0
USC00200230,"ANN ARBOR U OF MICH, MI US",2023-05-07,,,0.31,0.0,0.0,,79.0,51.0,76.0
USC00200230,"ANN ARBOR U OF MICH, MI US",2023-05-08,,,0.0,0.0,0.0,,76.0,49.0,62.0
USC00200230,"ANN ARBOR U OF MICH, MI US",2023-05-09,,,0.06,0.0,0.0,,72.0,44.0,69.0
USC00200230,"ANN ARBOR U OF MICH, MI US",2023-05-10,,,0.0,0.0,0.0,,78.0,38.0,76.0
USC00200230,"ANN ARBOR U OF MICH, MI US",2023-05-11,,,0.0,0.0,0.0,,80.0,43.0,76.0
USC00200230,"ANN ARBOR U OF MICH, MI US",2023-05-12,,,0.0,0.0,0.0,,81.0,46.0,73.0
USC00200230,"ANN ARBOR U OF MICH, MI US",2023-05-13,,,0.01,0.0,0.0,,75.0,59.0,71.0
USC00200230,"ANN ARBOR U OF MICH, MI US",2023-05-14,,,0.0,0.0,0.0,,72.0,51.0,64.0
USC00200230,"ANN ARBOR U OF MICH, MI US",2023-05-15,,,0.0,0.0,0.0,,75.0,36.0,71.0
USC00200230,"ANN ARBOR U OF MICH, MI US",2023-05-16,,,0.0,0.0,0.0,,78.0,40.0,73.0
USC00200230,"ANN ARBOR U OF MICH, MI US",2023-05-17,,,0.0,0.0,0.0,,73.0,35.0,61.0
USC00200230,"ANN ARBOR U OF MICH, MI US",2023-05-18,,,0.0,0.0,0.0,,67.0,29.0,64.0
USC00200230,"ANN ARBOR U OF MICH, MI US",2023-05-19,,,0.04,0.0,0.0,,75.0,34.0,65.0
USC00200230,"ANN ARBOR U OF MICH, MI US",2023-05-20,,,0.43,0.0,0.0,,65.0,47.0,61.0
USC00200230,"ANN ARBOR U OF MICH, MI US",2023-05-21,,,0.0,0.0,0.0,,75.0,44.0,72.0
USC00200230,"ANN ARBOR U OF MICH, MI US",2023-05-22,,,0.0,0.0,0.0,,77.0,42.0,72.0
USC00200230,"ANN ARBOR U OF MICH, MI US",2023-05-23,,,0.0,0.0,0.0,,79.0,43.0,75.0
USC00200230,"ANN ARBOR U OF MICH, MI US",2023-05-24,,,0.0,0.0,0.0,,75.0,47.0,63.0
USC00200230,"ANN ARBOR U OF MICH, MI US",2023-05-25,,,0.0,0.0,0.0,,66.0,34.0,65.0
USC00200230,"ANN ARBOR U OF MICH, MI US",2023-05-26,,,0.0,0.0,0.0,,73.0,32.0,70.0
USC00200230,"ANN ARBOR U OF MICH, MI US",2023-05-27,,,0.0,0.0,0.0,,78.0,35.0,74.0
USC00200230,"ANN ARBOR U OF MICH, MI US",2023-05-28,,,0.0,0.0,0.0,,83.0,40.0,79.0
USC00200230,"ANN ARBOR U OF MICH, MI US",2023-05-29,,,0.0,0.0,0.0,,87.0,45.0,83.0
USC00200230,"ANN ARBOR U OF MICH, MI US",2023-05-30,,,0.0,0.0,0.0,,88.0,49.0,85.0
USC00200230,"ANN ARBOR U OF MICH, MI US",2023-05-31,,,0.0,0.0,0.0,,88.0,54.0,84.0
USC00200230,"ANN ARBOR U OF MICH, MI US",2023-06-01,,,0.0,0.0,0.0,,88.0,51.0,85.0
USC00200230,"ANN ARBOR U OF MICH, MI US",2023-06-02,,,0.0,0.0,0.0,,91.0,52.0,85.0
USC00200230,"ANN ARBOR U OF MICH, MI US",2023-06-03,,,0.0,0.0,0.0,,90.0,55.0,79.0
USC00200230,"ANN ARBOR U OF MICH, MI US",2023-06-04,,,0.0,0.0,0.0,,80.0,44.0,75.0
USC00200230,"ANN ARBOR U OF MICH, MI US",2023-06-05,,,0.0,0.0,0.0,,80.0,44.0,77.0
USC00200230,"ANN ARBOR U OF MICH, MI US",2023-06-06,,,0.0,0.0,0.0,,77.0,51.0,71.0
USC00200230,"ANN ARBOR U OF MICH, MI US",2023-06-07,,,0.0,0.0,0.0,,76.0,39.0,71.0
USC00200230,"ANN ARBOR U OF MICH, MI US",2023-06-08,,,0.0,0.0,0.0,,75.0,39.0,71.0
USC00200230,"ANN ARBOR U OF MICH, MI US",2023-06-09,,,0.0,0.0,0.0,,77.0,43.0,74.0
USC00200230,"ANN ARBOR U OF MICH, MI US",2023-06-10,,,0.0,0.0,0.0,,84.0,45.0,79.0
USC00200230,"ANN ARBOR U OF MICH, MI US",2023-06-11,,,0.13,0.0,0.0,,79.0,58.0,60.0
USC00200230,"ANN ARBOR U OF MICH, MI US",2023-06-12,,,0.34,0.0,0.0,,64.0,51.0,60.0
USC00200230,"ANN ARBOR U OF MICH, MI US",2023-06-13,,,0.18,0.0,0.0,,71.0,44.0,66.0
USC00200230,"ANN ARBOR U OF MICH, MI US",2023-06-14,,,0.03,0.0,0.0,,74.0,48.0,72.0
USC00200230,"ANN ARBOR U OF MICH, MI US",2023-06-15,,,0.47,0.0,0.0,,74.0,49.0,60.0
USC00200230,"ANN ARBOR U OF MICH, MI US",2023-06-16,,,0.06,0.0,0.0,,69.0,56.0,66.0
USC00200230,"ANN ARBOR U OF MICH, MI US",2023-06-17,,,0.0,0.0,0.0,,78.0,48.0,77.0
USC00200230,"ANN ARBOR U OF MICH, MI US",2023-06-18,,,0.0,0.0,0.0,,82.0,45.0,78.0
USC00200230,"ANN ARBOR U OF MICH, MI US",2023-06-19,,,0.0,0.0,0.0,,84.0,48.0,81.0
USC00200230,"ANN ARBOR U OF MICH, MI US",2023-06-20,,,0.0,0.0,0.0,,86.0,58.0,81.0
USC00200230,"ANN ARBOR U OF MICH, MI US",2023-06-21,,,0.0,0.0,0.0,,86.0,57.0,82.0
USC00200230,"ANN ARBOR U OF MICH, MI US",2023-06-22,,,0.0,0.0,0.0,,82.0,56.0,75.0
USC00200230,"ANN ARBOR U OF MICH, MI US",2023-06-23,,,0.12,0.0,0.0,,75.0,64.0,67.0
USC00200230,"ANN ARBOR U OF MICH, MI US",2023-06-24,,,0.0,0.0,0.0,,86.0,61.0,83.0
USC00200230,"ANN ARBOR U OF MICH, MI US",2023-06-25,,,0.0,0.0,0.0,,85.0,58.0,80.0
USC00200230,"ANN ARBOR U OF MICH, MI US",2023-06-26,,,2.3,0.0,0.0,,80.0,62.0,69.0
USC00200230,"ANN ARBOR U OF MICH, MI US",2023-06-27,,,0.06,0.0,0.0,,70.0,60.0,68.0
USC00200230,"ANN ARBOR U OF MICH, MI US",2023-06-28,,,0.0,0.0,0.0,,77.0,51.0,75.0
USC00200230,"ANN ARBOR U OF MICH, MI US",2023-06-29,,,0.02,0.0,0.0,,84.0,52.0,82.0
USC00200230,"ANN ARBOR U OF MICH, MI US",2023-06-30,,,0.0,0.0,0.0,,89.0,60.0,84.0
USC00200230,"ANN ARBOR U OF MICH, MI US",2023-07-01,,,0.14,0.0,0.0,,84.0,64.0,75.0
USC00200230,"ANN ARBOR U OF MICH, MI US",2023-07-02,,,1.33,0.0,0.0,,78.0,66.0,75.0
USC00200230,"ANN ARBOR U OF MICH, MI US",2023-07-03,,,0.06,0.0,0.0,,84.0,66.0,82.0
USC00200230,"ANN ARBOR U OF MICH, MI US",2023-07-04,,,0.0,0.0,0.0,,89.0,62.0,86.0
USC00200230,"ANN ARBOR U OF MICH, MI US",2023-07-05,,,0.0,0.0,0.0,,90.0,63.0,87.0
USC00200230,"ANN ARBOR U OF MICH, MI US",2023-07-06,,,0.06,0.0,0.0,,87.0,67.0,81.0
USC00200230,"ANN ARBOR U OF MICH, MI US",2023-07-07,,,0.0,0.0,0.0,,81.0,60.0,77.0
USC00200230,"ANN ARBOR U OF MICH, MI US",2023-07-08,,,0.04,0.0,0.0,,77.0,62.0,73.0
USC00200230,"ANN ARBOR U OF MICH, MI US",2023-07-09,,,0.11,0.0,0.0,,79.0,60.0,77.0
USC00200230,"ANN ARBOR U OF MICH, MI US",2023-07-10,,,0.0,0.0,0.0,,85.0,54.0,84.0
USC00200230,"ANN ARBOR U OF MICH, MI US",2023-07-11,,,0.51,0.0,0.0,,86.0,57.0,74.0
USC00200230,"ANN ARBOR U OF MICH, MI US",2023-07-12,,,0.18,0.0,0.0,,78.0,62.0,69.0
USC00200230,"ANN ARBOR U OF MICH, MI US",2023-07-13,,,0.32,0.0,0.0,,77.0,59.0,74.0
USC00200230,"ANN ARBOR U OF MICH, MI US",2023-07-14,,,0.03,0.0,0.0,,84.0,55.0,79.0
USC00200230,"ANN ARBOR U OF MICH, MI US",2023-07-15,,,0.51,0.0,0.0,,79.0,64.0,72.0
USC00200230,"ANN ARBOR U OF MICH, MI US",2023-07-16,,,0.0,0.0,0.0,,80.0,63.0,78.0
USC00200230,"ANN ARBOR U OF MICH, MI US",2023-07-17,,,0.0,0.0,0.0,,80.0,55.0,77.0
USC00200230,"ANN ARBOR U OF MICH, MI US",2023-07-18,,,0.0,0.0,0.0,,79.0,50.0,75.0
USC00200230,"ANN ARBOR U OF MICH, MI US",2023-07-19,,,0.0,0.0,0.0,,83.0,53.0,79.0
USC00200230,"ANN ARBOR U OF MICH, MI US",2023-07-20,,,0.85,0.0,0.0,,85.0,58.0,73.0
USC00200230,"ANN ARBOR U OF MICH, MI US",2023-07-21,,,0.0,0.0,0.0,,79.0,61.0,77.0
USC00200230,"ANN ARBOR U OF MICH, MI US",2023-07-22,,,0.07,0.0,0.0,,82.0,54.0,76.0
USC00200230,"ANN ARBOR U OF MICH, MI US",2023-07-23,,,0.08,0.0,0.0,,80.0,54.0,73.0
USC00200230,"ANN ARBOR U OF MICH, MI US",2023-07-24,,,0.0,0.0,0.0,,85.0,55.0,79.0
USC00200230,"ANN ARBOR U OF MICH, MI US",2023-07-25,,,0.0,0.0,0.0,,85.0,58.0,82.0
USC00200230,"ANN ARBOR U OF MICH, MI US",2023-07-26,,,0.75,0.0,0.0,,86.0,58.0,70.0
USC00200230,"ANN ARBOR U OF MICH, MI US",2023-07-27,,,0.47,0.0,0.0,,85.0,67.0,82.0
USC00200230,"ANN ARBOR U OF MICH, MI US",2023-07-28,,,0.0,0.0,0.0,,88.0,63.0,86.0
USC00200230,"ANN ARBOR U OF MICH, MI US",2023-07-29,,,0.22,0.0,0.0,,86.0,68.0,78.0
USC00200230,"ANN ARBOR U OF MICH, MI US",2023-07-30,,,0.0,0.0,0.0,,78.0,59.0,76.0
USC00200230,"ANN ARBOR U OF MICH, MI US",2023-07-31,,,0.0,0.0,0.0,,78.0,52.0,76.0
USC00200230,"ANN ARBOR U OF MICH, MI US",2023-08-01,,,0.0,0.0,0.0,,79.0,55.0,76.0
USC00200230,"ANN ARBOR U OF MICH, MI US",2023-08-02,,,0.0,0.0,0.0,,83.0,55.0,80.0
USC00200230,"ANN ARBOR U OF MICH, MI US",2023-08-03,,,0.0,0.0,0.0,,86.0,56.0,83.0
USC00200230,"ANN ARBOR U OF MICH, MI US",2023-08-04,,,0.0,0.0,0.0,,84.0,65.0,81.0
USC00200230,"ANN ARBOR U OF MICH, MI US",2023-08-05,,,0.0,0.0,0.0,,81.0,58.0,77.0
USC00200230,"ANN ARBOR U OF MICH, MI US",2023-08-06,,,0.73,0.0,0.0,,77.0,64.0,70.0
USC00200230,"ANN ARBOR U OF MICH, MI US",2023-08-07,,,0.08,0.0,0.0,,72.0,62.0,70.0
USC00200230,"ANN ARBOR U OF MICH, MI US",2023-08-08,,,0.0,0.0,0.0,,81.0,57.0,78.0
USC00200230,"ANN ARBOR U OF MICH, MI US",2023-08-09,,,0.0,0.0,0.0,,82.0,60.0,78.0
USC00200230,"ANN ARBOR U OF MICH, MI US",2023-08-10,,,0.1,0.0,0.0,,80.0,64.0,72.0
USC00200230,"ANN ARBOR U OF MICH, MI US",2023-08-11,,,0.42,0.0,0.0,,78.0,51.0,71.0
USC00200230,"ANN ARBOR U OF MICH, MI US",2023-08-12,,,0.02,0.0,0.0,,82.0,64.0,78.0
USC00200230,"ANN ARBOR U OF MICH, MI US",2023-08-13,,,0.0,0.0,0.0,,81.0,59.0,76.0
USC00200230,"ANN ARBOR U OF MICH, MI US",2023-08-14,,,0.0,0.0,0.0,,77.0,63.0,73.0
USC00200230,"ANN ARBOR U OF MICH, MI US",2023-08-15,,,1.09,0.0,0.0,,73.0,61.0,66.0
USC00200230,"ANN ARBOR U OF MICH, MI US",2023-08-16,,,0.01,0.0,0.0,,80.0,55.0,76.0
USC00200230,"ANN ARBOR U OF MICH, MI US",2023-08-17,,,0.57,0.0,0.0,,76.0,54.0,70.0
USC00200230,"ANN ARBOR U OF MICH, MI US",2023-08-18,,,0.01,0.0,0.0,,72.0,52.0,70.0
USC00200230,"ANN ARBOR U OF MICH, MI US",2023-08-19,,,0.0,0.0,0.0,,77.0,46.0,74.0
USC00200230,"ANN ARBOR U OF MICH, MI US",2023-08-20,,,0.0,0.0,0.0,,87.0,54.0,83.0
USC00200230,"ANN ARBOR U OF MICH, MI US",2023-08-21,,,0.0,0.0,0.0,,83.0,63.0,78.0
USC00200230,"ANN ARBOR U OF MICH, MI US",2023-08-22,,,0.0,0.0,0.0,,78.0,54.0,73.0
USC00200230,"ANN ARBOR U OF MICH, MI US",2023-08-23,,,0.0,0.0,0.0,,82.0,59.0,81.0
USC00200230,"ANN ARBOR U OF MICH, MI US",2023-08-24,,,2.87,0.0,0.0,,86.0,68.0,84.0
USC00200230,"ANN ARBOR U OF MICH, MI US",2023-08-25,,,0.51,0.0,0.0,,84.0,66.0,74.0
USC00200230,"ANN ARBOR U OF MICH, MI US",2023-08-26,,,0.0,0.0,0.0,,76.0,60.0,73.0
USC00200230,"ANN ARBOR U OF MICH, MI US",2023-08-27,,,0.0,0.0,0.0,,74.0,51.0,71.0
USC00200230,"ANN ARBOR U OF MICH, MI US",2023-08-28,,,0.0,0.0,0.0,,75.0,45.0,72.0
USC00200230,"ANN ARBOR U OF MICH, MI US",2023-08-29,,,0.01,0.0,0.0,,79.0,48.0,71.0
USC00200230,"ANN ARBOR U OF MICH, MI US",2023-08-30,,,0.33,0.0,0.0,,71.0,56.0,68.0
USC00200230,"ANN ARBOR U OF MICH, MI US",2023-08-31,,,0.0,0.0,0.0,,74.0,42.0,71.0
USC00200230,"ANN ARBOR U OF MICH, MI US",2023-09-01,,,0.0,0.0,0.0,,77.0,44.0,73.0
USC00200230,"ANN ARBOR U OF MICH, MI US",2023-09-02,,,0.0,0.0,0.0,,82.0,49.0,77.0
USC00200230,"ANN ARBOR U OF MICH, MI US",2023-09-03,,,0.0,0.0,0.0,,87.0,57.0,84.0
USC00200230,"ANN ARBOR U OF MICH, MI US",2023-09-04,,,0.0,0.0,0.0,,88.0,70.0,86.0
USC00200230,"ANN ARBOR U OF MICH, MI US",2023-09-05,,,0.0,0.0,0.0,,89.0,64.0,86.0
USC00200230,"ANN ARBOR U OF MICH, MI US",2023-09-06,,,0.22,0.0,0.0,,86.0,66.0,79.0
USC00200230,"ANN ARBOR U OF MICH, MI US",2023-09-07,,,0.03,0.0,0.0,,79.0,60.0,72.0
USC00200230,"ANN ARBOR U OF MICH, MI US",2023-09-08,,,0.02,0.0,0.0,,72.0,58.0,65.0
USC00200230,"ANN ARBOR U OF MICH, MI US",2023-09-09,,,0.0,0.0,0.0,,73.0,59.0,70.0
USC00200230,"ANN ARBOR U OF MICH, MI US",2023-09-10,,,0.0,0.0,0.0,,75.0,48.0,70.0
USC00200230,"ANN ARBOR U OF MICH, MI US",2023-09-11,,,0.0,0.0,0.0,,73.0,50.0,68.0
USC00200230,"ANN ARBOR U OF MICH, MI US",2023-09-12,,,0.56,0.0,0.0,,71.0,60.0,67.0
USC00200230,"ANN ARBOR U OF MICH, MI US",2023-09-13,,,0.0,0.0,0.0,,67.0,45.0,63.0
USC00200230,"ANN ARBOR U OF MICH, MI US",2023-09-14,,,0.0,0.0,0.0,,70.0,40.0,67.0
USC00200230,"ANN ARBOR U OF MICH, MI US",2023-09-15,,,0.0,0.0,0.0,,72.0,41.0,68.0
USC00200230,"ANN ARBOR U OF MICH, MI US",2023-09-16,,,0.0,0.0,0.0,,72.0,42.0,67.0
USC00200230,"ANN ARBOR U OF MICH, MI US",2023-09-17,,,0.0,0.0,0.0,,72.0,53.0,66.0
USC00200230,"ANN ARBOR U OF MICH, MI US",2023-09-18,,,0.03,0.0,0.0,,67.0,49.0,64.0
USC00200230,"ANN ARBOR U OF MICH, MI US",2023-09-19,,,0.0,0.0,0.0,,70.0,44.0,66.0
USC00200230,"ANN ARBOR U OF MICH, MI US",2023-09-20,,,0.04,0.0,0.0,,77.0,55.0,74.0
USC00200230,"ANN ARBOR U OF MICH, MI US",2023-09-21,,,0.0,0.0,0.0,,81.0,50.0,76.0
USC00200230,"ANN ARBOR U OF MICH, MI US",2023-09-22,,,0.0,0.0,0.0,,79.0,54.0,75.0
USC00200230,"ANN ARBOR U OF MICH, MI US",2023-09-23,,,0.0,0.0,0.0,,75.0,46.0,70.0
USC00200230,"ANN ARBOR U OF MICH, MI US",2023-09-24,,,0.0,0.0,0.0,,78.0,46.0,73.0
USC00200230,"ANN ARBOR U OF MICH, MI US",2023-09-25,,,0.0,0.0,0.0,,73.0,59.0,66.0
USC00200230,"ANN ARBOR U OF MICH, MI US",2023-09-26,,,0.09,0.0,0.0,,68.0,57.0,65.0
USC00200230,"ANN ARBOR U OF MICH, MI US",2023-09-27,,,0.04,0.0,0.0,,65.0,59.0,60.0
USC00200230,"ANN ARBOR U OF MICH, MI US",2023-09-28,,,0.92,0.0,0.0,,63.0,56.0,60.0
USC00200230,"ANN ARBOR U OF MICH, MI US",2023-09-29,,,0.01,0.0,0.0,,70.0,59.0,68.0
USC00200230,"ANN ARBOR U OF MICH, MI US",2023-09-30,,,0.0,0.0,0.0,,76.0,51.0,73.0
USC00200230,"ANN ARBOR U OF MICH, MI US",2023-10-01,,,0.0,0.0,0.0,,79.0,51.0,75.0
USC00200230,"ANN ARBOR U OF MICH, MI US",2023-10-02,,,0.0,0.0,0.0,,81.0,49.0,77.0
USC00200230,"ANN ARBOR U OF MICH, MI US",2023-10-03,,,0.0,0.0,0.0,,85.0,50.0,80.0
USC00200230,"ANN ARBOR U OF MICH, MI US",2023-10-04,,,0.0,0.0,0.0,,82.0,53.0,79.0
USC00200230,"ANN ARBOR U OF MICH, MI US",2023-10-05,,,0.83,0.0,0.0,,79.0,59.0,60.0
USC00200230,"ANN ARBOR U OF MICH, MI US",2023-10-06,,,0.14,0.0,0.0,,67.0,55.0,60.0
USC00200230,"ANN ARBOR U OF MICH, MI US",2023-10-07,,,0.1,0.0,0.0,,60.0,43.0,49.0
USC00200230,"ANN ARBOR U OF MICH, MI US",2023-10-08,,,0.03,0.0,0.0,,56.0,37.0,52.0
USC00200230,"ANN ARBOR U OF MICH, MI US",2023-10-09,,,0.0,0.0,0.0,,55.0,36.0,51.0
USC00200230,"ANN ARBOR U OF MICH, MI US",2023-10-10,,,0.01,0.0,0.0,,51.0,39.0,47.0
USC00200230,"ANN ARBOR U OF MICH, MI US",2023-10-11,,,0.02,0.0,0.0,,62.0,45.0,59.0
USC00200230,"ANN ARBOR U OF MICH, MI US",2023-10-12,,,0.0,0.0,0.0,,61.0,39.0,58.0
USC00200230,"ANN ARBOR U OF MICH, MI US",2023-10-13,,,0.01,0.0,0.0,,58.0,46.0,53.0
USC00200230,"ANN ARBOR U OF MICH, MI US",2023-10-14,,,0.45,0.0,0.0,,53.0,46.0,50.0
USC00200230,"ANN ARBOR U OF MICH, MI US",2023-10-15,,,0.0,0.0,0.0,,53.0,40.0,51.0
USC00200230,"ANN ARBOR U OF MICH, MI US",2023-10-16,,,0.01,0.0,0.0,,54.0,45.0,49.0
USC00200230,"ANN ARBOR U OF MICH, MI US",2023-10-17,,,0.0,0.0,0.0,,52.0,44.0,51.0
USC00200230,"ANN ARBOR U OF MICH, MI US",2023-10-18,,,0.0,0.0,0.0,,62.0,34.0,58.0
USC00200230,"ANN ARBOR U OF MICH, MI US",2023-10-19,,,0.25,0.0,0.0,,58.0,40.0,53.0
USC00200230,"ANN ARBOR U OF MICH, MI US",2023-10-20,,,0.17,0.0,0.0,,57.0,51.0,52.0
USC00200230,"ANN ARBOR U OF MICH, MI US",2023-10-21,,,0.04,0.0,0.0,,52.0,40.0,46.0
USC00200230,"ANN ARBOR U OF MICH, MI US",2023-10-22,,,0.0,0.0,0.0,,51.0,36.0,47.0
USC00200230,"ANN ARBOR U OF MICH, MI US",2023-10-23,,,0.0,0.0,0.0,,57.0,27.0,54.0
USC00200230,"ANN ARBOR U OF MICH, MI US",2023-10-24,,,0.0,0.0,0.0,,77.0,41.0,74.0
USC00200230,"ANN ARBOR U OF MICH, MI US",2023-10-25,,,0.02,0.0,0.0,,74.0,58.0,65.0
USC00200230,"ANN ARBOR U OF MICH, MI US",2023-10-26,,,0.14,0.0,0.0,,73.0,58.0,69.0
USC00200230,"ANN ARBOR U OF MICH, MI US",2023-10-27,,,0.02,0.0,0.0,,77.0,61.0,72.0
USC00200230,"ANN ARBOR U OF MICH, MI US",2023-10-28,,,0.06,0.0,0.0,,72.0,47.0,49.0
USC00200230,"ANN ARBOR U OF MICH, MI US",2023-10-29,,,0.26,0.0,0.0,,49.0,39.0,46.0
USC00200230,"ANN ARBOR U OF MICH, MI US",2023-10-30,,,0.2,0.0,0.0,,46.0,38.0,39.0
USC00200230,"ANN ARBOR U OF MICH, MI US",2023-10-31,,,0.0,0.0,0.0,,41.0,22.0,36.0
USC00200230,"ANN ARBOR U OF MICH, MI US",2023-11-01,,,0.02,0.3,0.0,,43.0,25.0,38.0
USC00200230,"ANN ARBOR U OF MICH, MI US",2023-11-02,,,0.0,0.0,0.0,,51.0,25.0,47.0
USC00200230,"ANN ARBOR U OF MICH, MI US",2023-11-03,,,0.0,0.0,0.0,,56.0,35.0,55.0
USC00200230,"ANN ARBOR U OF MICH, MI US",2023-11-04,,,0.04,0.0,0.0,,55.0,41.0,52.0
USC00200230,"ANN ARBOR U OF MICH, MI US",2023-11-05,,,0.0,0.0,0.0,,56.0,32.0,46.0
USC00200230,"ANN ARBOR U OF MICH, MI US",2023-11-06,,,0.01,0.0,0.0,,65.0,34.0,59.0
USC00200230,"ANN ARBOR U OF MICH, MI US",2023-11-07,,,0.0,0.0,0.0,,59.0,43.0,43.0
USC00200230,"ANN ARBOR U OF MICH, MI US",2023-11-08,,,0.1,0.0,0.0,,45.0,35.0,45.0
USC00200230,"ANN ARBOR U OF MICH, MI US",2023-11-09,,,0.15,0.0,0.0,,55.0,41.0,47.0
USC00200230,"ANN ARBOR U OF MICH, MI US",2023-11-10,,,0.0,0.0,0.0,,53.0,29.0,46.0
USC00200230,"ANN ARBOR U OF MICH, MI US",2023-11-11,,,0.0,0.0,0.0,,49.0,26.0,36.0
USC00200230,"ANN ARBOR U OF MICH, MI US",2023-11-12,,,0.0,0.0,0.0,,53.0,24.0,40.0
USC00200230,"ANN ARBOR U OF MICH, MI US",2023-11-13,,,0.0,0.0,0.0,,60.0,31.0,50.0
USC00200230,"ANN ARBOR U OF MICH, MI US",2023-11-14,,,0.0,0.0,0.0,,55.0,24.0,41.0
USC00200230,"ANN ARBOR U OF MICH, MI US",2023-11-15,,,0.0,0.0,0.0,,65.0,22.0,53.0
USC00200230,"ANN ARBOR U OF MICH, MI US",2023-11-16,,,0.0,0.0,0.0,,65.0,27.0,56.0
USC00200230,"ANN ARBOR U OF MICH, MI US",2023-11-17,,,0.05,0.0,0.0,,58.0,36.0,36.0
USC00200230,"ANN ARBOR U OF MICH, MI US",2023-11-18,,,0.0,0.0,0.0,,50.0,19.0,42.0
USC00200230,"ANN ARBOR U OF MICH, MI US",2023-11-19,,,0.0,0.0,0.0,,50.0,24.0,42.0
USC00200230,"ANN ARBOR U OF MICH, MI US",2023-11-20,,,0.0,0.0,0.0,,42.0,23.0,37.0
USC00200230,"ANN ARBOR U OF MICH, MI US",2023-11-21,,,0.45,0.0,0.0,,48.0,34.0,48.0
USC00200230,"ANN ARBOR U OF MICH, MI US",2023-11-22,,,0.01,0.0,0.0,,48.0,36.0,41.0
USC00200230,"ANN ARBOR U OF MICH, MI US",2023-11-23,,,0.0,0.0,0.0,,47.0,32.0,41.0
USC00200230,"ANN ARBOR U OF MICH, MI US",2023-11-24,,,0.0,0.0,0.0,,41.0,21.0,26.0
USC00200230,"ANN ARBOR U OF MICH, MI US",2023-11-25,,,0.0,0.0,0.0,,38.0,14.0,32.0
USC00200230,"ANN ARBOR U OF MICH, MI US",2023-11-26,,,0.19,1.7,2.0,,34.0,17.0,31.0
USC00200230,"ANN ARBOR U OF MICH, MI US",2023-11-27,,,0.07,0.9,2.0,,33.0,25.0,25.0
USC00200230,"ANN ARBOR U OF MICH, MI US",2023-11-28,,,0.07,1.8,3.0,,28.0,16.0,24.0
USC00200230,"ANN ARBOR U OF MICH, MI US",2023-11-29,,,0.0,0.0,2.0,,35.0,14.0,28.0
USC00200230,"ANN ARBOR U OF MICH, MI US",2023-11-30,,,0.0,0.0,0.0,,49.0,18.0,47.0
USC00200230,"ANN ARBOR U OF MICH, MI US",2023-12-01,,,0.55,0.0,0.0,,48.0,38.0,39.0
USC00200230,"ANN ARBOR U OF MICH, MI US",2023-12-02,,,0.1,0.0,0.0,,40.0,37.0,39.0
USC00200230,"ANN ARBOR U OF MICH, MI US",2023-12-03,,,0.33,0.0,0.0,,42.0,37.0,41.0
USC00200230,"ANN ARBOR U OF MICH, MI US",2023-12-04,,,0.04,0.0,0.0,,41.0,34.0,36.0
USC00200230,"ANN ARBOR U OF MICH, MI US",2023-12-05,,,0.07,0.0,0.0,,38.0,33.0,34.0
USC00200230,"ANN ARBOR U OF MICH, MI US",2023-12-06,,,0.01,0.2,0.0,,41.0,24.0,36.0
USC00200230,"ANN ARBOR U OF MICH, MI US",2023-12-07,,,0.0,0.0,0.0,,49.0,33.0,42.0
USC00200230,"ANN ARBOR U OF MICH, MI US",2023-12-08,,,0.0,0.0,0.0,,51.0,27.0,50.0
USC00200230,"ANN ARBOR U OF MICH, MI US",2023-12-09,,,0.0,0.0,0.0,,63.0,48.0,48.0
USC00200230,"ANN ARBOR U OF MICH, MI US",2023-12-10,,,0.03,0.0,0.0,,48.0,35.0,35.0
USC00200230,"ANN ARBOR U OF MICH, MI US",2023-12-11,,,0.04,0.0,0.0,,35.0,30.0,32.0
USC00200230,"ANN ARBOR U OF MICH, MI US",2023-12-12,,,0.0,0.0,0.0,,42.0,24.0,32.0
USC00200230,"ANN ARBOR U OF MICH, MI US",2023-12-13,,,0.0,0.0,0.0,,38.0,21.0,33.0
USC00200230,"ANN ARBOR U OF MICH, MI US",2023-12-14,,,0.0,0.0,0.0,,48.0,20.0,41.0
USC00200230,"ANN ARBOR U OF MICH, MI US",2023-12-15,,,0.0,0.0,0.0,,57.0,22.0,40.0
USC00200230,"ANN ARBOR U OF MICH, MI US",2023-12-16,,,0.0,0.0,0.0,,49.0,32.0,44.0
USC00200230,"ANN ARBOR U OF MICH, MI US",2023-12-17,,,0.24,0.0,0.0,,46.0,41.0,43.0
USC00200230,"ANN ARBOR U OF MICH, MI US",2023-12-18,,,0.15,0.8,0.0,,43.0,29.0,29.0
USC00200230,"ANN ARBOR U OF MICH, MI US",2023-12-19,,,0.0,0.0,0.0,,34.0,26.0,30.0
USC00200230,"ANN ARBOR U OF MICH, MI US",2023-12-20,,,0.0,0.0,0.0,,44.0,26.0,37.0
USC00200230,"ANN ARBOR U OF MICH, MI US",2023-12-21,,,0.0,0.0,0.0,,43.0,28.0,39.0
USC00200230,"ANN ARBOR U OF MICH, MI US",2023-12-22,,,0.02,0.0,0.0,,39.0,34.0,39.0
USC00200230,"ANN ARBOR U OF MICH, MI US",2023-12-23,,,0.45,0.0,0.0,,45.0,38.0,44.0
USC00200230,"ANN ARBOR U OF MICH, MI US",2023-12-24,,,0.02,0.0,0.0,,46.0,42.0,45.0
USC00200230,"ANN ARBOR U OF MICH, MI US",2023-12-25,,,0.02,0.0,0.0,,55.0,44.0,49.0
USC00200230,"ANN ARBOR U OF MICH, MI US",2023-12-26,,,0.12,0.0,0.0,,54.0,47.0,50.0
USC00200230,"ANN ARBOR U OF MICH, MI US",2023-12-27,,,0.06,0.0,0.0,,50.0,41.0,42.0
USC00200230,"ANN ARBOR U OF MICH, MI US",2023-12-28,,,0.27,0.0,0.0,,44.0,40.0,43.0
USC00200230,"ANN ARBOR U OF MICH, MI US",2023-12-29,,,0.16,0.0,0.0,,43.0,36.0,40.0
USC00200230,"ANN ARBOR U OF MICH, MI US",2023-12-30,,,0.04,0.0,0.0,,40.0,29.0,36.0
USC00200230,"ANN ARBOR U OF MICH, MI US",2023-12-31,,,0.04,0.3,0.0,,38.0,31.0,36.0
USC00200230,"ANN ARBOR U OF MICH, MI US",2024-01-01,,,0.01,0.0,0.0,,36.0,30.0,30.0
USC00200230,"ANN ARBOR U OF MICH, MI US",2024-01-02,,,0.0,0.0,0.0,,33.0,28.0,30.0
USC00200230,"ANN ARBOR U OF MICH, MI US",2024-01-03,,,0.04,0.2,0.0,,34.0,29.0,32.0
USC00200230,"ANN ARBOR U OF MICH, MI US",2024-01-04,,,0.01,0.0,0.0,,32.0,23.0,24.0
USC00200230,"ANN ARBOR U OF MICH, MI US",2024-01-05,,,0.0,0.0,0.0,,31.0,13.0,29.0
USC00200230,"ANN ARBOR U OF MICH, MI US",2024-01-06,,,0.02,0.2,0.0,,34.0,25.0,32.0
USC00200230,"ANN ARBOR U OF MICH, MI US",2024-01-07,,,0.09,1.2,0.0,,35.0,29.0,34.0
USC00200230,"ANN ARBOR U OF MICH, MI US",2024-01-08,,,0.0,0.0,0.0,,35.0,31.0,32.0
USC00200230,"ANN ARBOR U OF MICH, MI US",2024-01-09,,,0.75,0.7,0.0,,41.0,30.0,40.0
USC00200230,"ANN ARBOR U OF MICH, MI US",2024-01-10,,,0.38,0.3,0.0,,40.0,31.0,34.0
USC00200230,"ANN ARBOR U OF MICH, MI US",2024-01-11,,,0.12,2.0,1.0,,35.0,30.0,34.0
USC00200230,"ANN ARBOR U OF MICH, MI US",2024-01-12,,,0.69,4.0,4.0,,36.0,27.0,32.0
USC00200230,"ANN ARBOR U OF MICH, MI US",2024-01-13,,,0.47,3.2,6.0,,35.0,23.0,26.0
USC00200230,"ANN ARBOR U OF MICH, MI US",2024-01-14,,,0.05,0.8,6.0,,26.0,0.0,0.0
USC00200230,"ANN ARBOR U OF MICH, MI US",2024-01-15,,,0.0,0.0,6.0,,9.0,-7.0,4.0
USC00200230,"ANN ARBOR U OF MICH, MI US",2024-01-16,,,0.05,0.7,6.0,,13.0,3.0,4.0
USC00200230,"ANN ARBOR U OF MICH, MI US",2024-01-17,,,0.0,0.0,6.0,,16.0,0.0,13.0
USC00200230,"ANN ARBOR U OF MICH, MI US",2024-01-18,,,0.15,2.0,8.0,,26.0,9.0,24.0
USC00200230,"ANN ARBOR U OF MICH, MI US",2024-01-19,,,0.1,1.2,8.0,,24.0,15.0,15.0
USC00200230,"ANN ARBOR U OF MICH, MI US",2024-01-20,,,0.0,0.0,8.0,,19.0,1.0,18.0
USC00200230,"ANN ARBOR U OF MICH, MI US",2024-01-21,,,0.0,0.1,8.0,,28.0,5.0,18.0
USC00200230,"ANN ARBOR U OF MICH, MI US",2024-01-22,,,0.0,0.0,7.0,,30.0,8.0,29.0
USC00200230,"ANN ARBOR U OF MICH, MI US",2024-01-23,,,0.55,0.1,6.0,,34.0,29.0,33.0
USC00200230,"ANN ARBOR U OF MICH, MI US",2024-01-24,,,0.32,0.0,5.0,,39.0,32.0,37.0
USC00200230,"ANN ARBOR U OF MICH, MI US",2024-01-25,,,0.12,0.0,4.0,,40.0,34.0,38.0
USC00200230,"ANN ARBOR U OF MICH, MI US",2024-01-26,,,1.53,0.0,1.0,,40.0,36.0,38.0
USC00200230,"ANN ARBOR U OF MICH, MI US",2024-01-27,,,0.02,0.0,0.0,,41.0,33.0,38.0
USC00200230,"ANN ARBOR U OF MICH, MI US",2024-01-28,,,0.24,0.8,0.0,,38.0,33.0,36.0
USC00200230,"ANN ARBOR U OF MICH, MI US",2024-01-29,,,0.0,0.0,0.0,,36.0,30.0,34.0
USC00200230,"ANN ARBOR U OF MICH, MI US",2024-01-30,,,0.46,4.5,4.0,,34.0,30.0,32.0
USC00200230,"ANN ARBOR U OF MICH, MI US",2024-01-31,,,0.0,0.0,2.0,,39.0,31.0,36.0
USC00200230,"ANN ARBOR U OF MICH, MI US",2024-02-01,,,0.0,0.0,0.0,,43.0,35.0,40.0
USC00200230,"ANN ARBOR U OF MICH, MI US",2024-02-02,,,0.0,0.0,0.0,,41.0,31.0,35.0
USC00200230,"ANN ARBOR U OF MICH, MI US",2024-02-03,,,0.0,0.0,0.0,,39.0,23.0,34.0
USC00200230,"ANN ARBOR U OF MICH, MI US",2024-02-04,,,0.0,0.0,0.0,,49.0,18.0,39.0
USC00200230,"ANN ARBOR U OF MICH, MI US",2024-02-05,,,0.0,0.0,0.0,,39.0,19.0,34.0
USC00200230,"ANN ARBOR U OF MICH, MI US",2024-02-06,,,0.0,0.0,0.0,,45.0,26.0,37.0
USC00200230,"ANN ARBOR U OF MICH, MI US",2024-02-07,,,0.0,0.0,0.0,,49.0,22.0,43.0
USC00200230,"ANN ARBOR U OF MICH, MI US",2024-02-08,,,0.0,0.0,0.0,,61.0,29.0,55.0
USC00200230,"ANN ARBOR U OF MICH, MI US",2024-02-09,,,0.01,0.0,0.0,,63.0,45.0,55.0
USC00200230,"ANN ARBOR U OF MICH, MI US",2024-02-10,,,0.0,0.0,0.0,,55.0,35.0,37.0
USC00200230,"ANN ARBOR U OF MICH, MI US",2024-02-11,,,0.0,0.0,0.0,,39.0,29.0,35.0
USC00200230,"ANN ARBOR U OF MICH, MI US",2024-02-12,,,0.0,0.0,0.0,,44.0,22.0,38.0
USC00200230,"ANN ARBOR U OF MICH, MI US",2024-02-13,,,0.01,0.2,0.0,,38.0,20.0,33.0
USC00200230,"ANN ARBOR U OF MICH, MI US",2024-02-14,,,0.0,0.0,0.0,,39.0,26.0,34.0
USC00200230,"ANN ARBOR U OF MICH, MI US",2024-02-15,,,0.15,1.6,1.0,,38.0,22.0,34.0
USC00200230,"ANN ARBOR U OF MICH, MI US",2024-02-16,,,0.0,0.0,0.0,,34.0,21.0,27.0
USC00200230,"ANN ARBOR U OF MICH, MI US",2024-02-17,,,0.01,0.2,0.0,,27.0,20.0,21.0
USC00200230,"ANN ARBOR U OF MICH, MI US",2024-02-18,,,0.0,0.0,0.0,,38.0,15.0,35.0
USC00200230,"ANN ARBOR U OF MICH, MI US",2024-02-19,,,0.0,0.0,0.0,,42.0,12.0,35.0
USC00200230,"ANN ARBOR U OF MICH, MI US",2024-02-20,,,0.0,0.0,0.0,,51.0,16.0,41.0
USC00200230,"ANN ARBOR U OF MICH, MI US",2024-02-21,,,0.0,0.0,0.0,,61.0,22.0,55.0
USC00200230,"ANN ARBOR U OF MICH, MI US",2024-02-22,,,0.0,0.0,0.0,,55.0,37.0,48.0
USC00200230,"ANN ARBOR U OF MICH, MI US",2024-02-23,,,0.0,0.0,0.0,,51.0,23.0,41.0
USC00200230,"ANN ARBOR U OF MICH, MI US",2024-02-24,,,0.0,0.1,0.0,,41.0,18.0,29.0
USC00200230,"ANN ARBOR U OF MICH, MI US",2024-02-25,,,0.0,0.0,0.0,,50.0,22.0,48.0
USC00200230,"ANN ARBOR U OF MICH, MI US",2024-02-26,,,0.0,0.0,0.0,,56.0,26.0,48.0
USC00200230,"ANN ARBOR U OF MICH, MI US",2024-02-27,,,0.0,0.0,0.0,,73.0,34.0,65.0
USC00200230,"ANN ARBOR U OF MICH, MI US",2024-02-28,,,0.21,0.0,0.0,,65.0,24.0,24.0
USC00200230,"ANN ARBOR U OF MICH, MI US",2024-02-29,,,0.0,0.0,0.0,,39.0,20.0,35.0
USC00200230,"ANN ARBOR U OF MICH, MI US",2024-03-01,,,0.0,0.0,0.0,,47.0,18.0,41.0
USC00200230,"ANN ARBOR U OF MICH, MI US",2024-03-02,,,0.0,0.0,0.0,,54.0,37.0,50.0
USC00200230,"ANN ARBOR U OF MICH, MI US",2024-03-03,,,0.0,0.0,0.0,,62.0,27.0,53.0
USC00200230,"ANN ARBOR U OF MICH, MI US",2024-03-04,,,0.0,0.0,0.0,,74.0,33.0,68.0
USC00200230,"ANN ARBOR U OF MICH, MI US",2024-03-05,,,0.19,0.0,0.0,,68.0,44.0,46.0
USC00200230,"ANN ARBOR U OF MICH, MI US",2024-03-06,,,0.01,0.0,0.0,,46.0,39.0,44.0
USC00200230,"ANN ARBOR U OF MICH, MI US",2024-03-07,,,0.0,0.0,0.0,,53.0,34.0,49.0
USC00200230,"ANN ARBOR U OF MICH, MI US",2024-03-08,,,0.19,0.0,0.0,,49.0,33.0,47.0
USC00200230,"ANN ARBOR U OF MICH, MI US",2024-03-09,,,0.56,0.0,0.0,,53.0,39.0,39.0
USC00200230,"ANN ARBOR U OF MICH, MI US",2024-03-10,,,0.03,0.6,0.0,,39.0,28.0,37.0
USC00200230,"ANN ARBOR U OF MICH, MI US",2024-03-11,,,0.0,0.0,0.0,,57.0,24.0,54.0
USC00200230,"ANN ARBOR U OF MICH, MI US",2024-03-12,,,0.0,0.0,0.0,,70.0,39.0,64.0
USC00200230,"ANN ARBOR U OF MICH, MI US",2024-03-13,,,0.0,0.0,0.0,,72.0,40.0,69.0
USC00200230,"ANN ARBOR U OF MICH, MI US",2024-03-14,,,0.4,0.0,0.0,,69.0,44.0,55.0
USC00200230,"ANN ARBOR U OF MICH, MI US",2024-03-15,,,0.0,0.0,0.0,,55.0,38.0,51.0
USC00200230,"ANN ARBOR U OF MICH, MI US",2024-03-16,,,0.1,0.0,0.0,,60.0,27.0,49.0
USC00200230,"ANN ARBOR U OF MICH, MI US",2024-03-17,,,0.06,0.0,0.0,,49.0,33.0,36.0
USC00200230,"ANN ARBOR U OF MICH, MI US",2024-03-18,,,0.01,0.3,0.0,,36.0,25.0,32.0
USC00200230,"ANN ARBOR U OF MICH, MI US",2024-03-19,,,0.0,0.0,0.0,,47.0,28.0,46.0
USC00200230,"ANN ARBOR U OF MICH, MI US",2024-03-20,,,0.02,0.4,0.0,,46.0,29.0,32.0
USC00200230,"ANN ARBOR U OF MICH, MI US",2024-03-21,,,0.0,0.0,0.0,,38.0,12.0,34.0
USC00200230,"ANN ARBOR U OF MICH, MI US",2024-03-22,,,0.37,5.1,4.0,,35.0,21.0,32.0
USC00200230,"ANN ARBOR U OF MICH, MI US",2024-03-23,,,0.02,0.4,0.0,,35.0,25.0,34.0
USC00200230,"ANN ARBOR U OF MICH, MI US",2024-03-24,,,0.0,0.0,0.0,,41.0,15.0,36.0
USC00200230,"ANN ARBOR U OF MICH, MI US",2024-03-25,,,0.0,0.0,0.0,,64.0,30.0,62.0
USC00200230,"ANN ARBOR U OF MICH, MI US",2024-03-26,,,0.16,0.0,0.0,,62.0,44.0,57.0
USC00200230,"ANN ARBOR U OF MICH, MI US",2024-03-27,,,0.1,0.0,0.0,,57.0,34.0,35.0
USC00200230,"ANN ARBOR U OF MICH, MI US",2024-03-28,,,0.0,0.0,0.0,,49.0,20.0,46.0
USC00200230,"ANN ARBOR U OF MICH, MI US",2024-03-29,,,0.0,0.0,0.0,,53.0,19.0,51.0
USC00200230,"ANN ARBOR U OF MICH, MI US",2024-03-30,,,0.07,0.0,0.0,,51.0,29.0,44.0
USC00200230,"ANN ARBOR U OF MICH, MI US",2024-03-31,,,0.02,0.0,0.0,,45.0,36.0,44.0
USC00200230,"ANN ARBOR U OF MICH, MI US",2024-04-01,,,0.02,0.0,0.0,,56.0,36.0,51.0
USC00200230,"ANN ARBOR U OF MICH, MI US",2024-04-02,,,0.51,0.0,0.0,,51.0,38.0,44.0
USC00200230,"ANN ARBOR U OF MICH, MI US",2024-04-03,,,0.25,0.0,0.0,,47.0,36.0,43.0
USC00200230,"ANN ARBOR U OF MICH, MI US",2024-04-04,,,0.05,0.0,0.0,,49.0,29.0,43.0
USC00200230,"ANN ARBOR U OF MICH, MI US",2024-04-05,,,0.03,0.3,0.0,,47.0,32.0,44.0
USC00200230,"ANN ARBOR U OF MICH, MI US",2024-04-06,,,0.0,0.0,0.0,,57.0,32.0,54.0
USC00200230,"ANN ARBOR U OF MICH, MI US",2024-04-07,,,0.0,0.0,0.0,,58.0,24.0,56.0
USC00200230,"ANN ARBOR U OF MICH, MI US",2024-04-08,,,0.01,0.0,0.0,,74.0,45.0,72.0
USC00200230,"ANN ARBOR U OF MICH, MI US",2024-04-09,,,0.0,0.0,0.0,,76.0,37.0,73.0
USC00200230,"ANN ARBOR U OF MICH, MI US",2024-04-10,,,0.0,0.0,0.0,,73.0,36.0,62.0
USC00200230,"ANN ARBOR U OF MICH, MI US",2024-04-11,,,1.15,0.0,0.0,,62.0,46.0,52.0
USC00200230,"ANN ARBOR U OF MICH, MI US",2024-04-12,,,0.82,0.0,0.0,,52.0,44.0,48.0
USC00200230,"ANN ARBOR U OF MICH, MI US",2024-04-13,,,0.01,0.0,0.0,,63.0,40.0,60.0
USC00200230,"ANN ARBOR U OF MICH, MI US",2024-04-14,,,0.0,0.0,0.0,,79.0,37.0,75.0
USC00200230,"ANN ARBOR U OF MICH, MI US",2024-04-15,,,0.0,0.0,0.0,,75.0,40.0,70.0
USC00200230,"ANN ARBOR U OF MICH, MI US",2024-04-16,,,0.0,0.0,0.0,,70.0,40.0,67.0
USC00200230,"ANN ARBOR U OF MICH, MI US",2024-04-17,,,0.34,0.0,0.0,,75.0,52.0,61.0
USC00200230,"ANN ARBOR U OF MICH, MI US",2024-04-18,,,0.0,0.0,0.0,,67.0,50.0,63.0
USC00200230,"ANN ARBOR U OF MICH, MI US",2024-04-19,,,0.44,0.0,0.0,,63.0,46.0,53.0
USC00200230,"ANN ARBOR U OF MICH, MI US",2024-04-20,,,0.0,0.0,0.0,,53.0,36.0,42.0
USC00200230,"ANN ARBOR U OF MICH, MI US",2024-04-21,,,0.0,0.0,0.0,,54.0,36.0,52.0
USC00200230,"ANN ARBOR U OF MICH, MI US",2024-04-22,,,0.0,0.0,0.0,,65.0,29.0,60.0
USC00200230,"ANN ARBOR U OF MICH, MI US",2024-04-23,,,0.02,0.0,0.0,,60.0,46.0,50.0
USC00200230,"ANN ARBOR U OF MICH, MI US",2024-04-24,,,0.06,0.0,0.0,,50.0,37.0,44.0
USC00200230,"ANN ARBOR U OF MICH, MI US",2024-04-25,,,0.0,0.0,0.0,,56.0,23.0,53.0
USC00200230,"ANN ARBOR U OF MICH, MI US",2024-04-26,,,0.0,0.0,0.0,,64.0,27.0,59.0
USC00200230,"ANN ARBOR U OF MICH, MI US",2024-04-27,,,0.1,0.0,0.0,,80.0,50.0,78.0
USC00200230,"ANN ARBOR U OF MICH, MI US",2024-04-28,,,0.53,0.0,0.0,,79.0,61.0,78.0
USC00200230,"ANN ARBOR U OF MICH, MI US",2024-04-29,,,0.01,0.0,0.0,,79.0,60.0,69.0
USC00200230,"ANN ARBOR U OF MICH, MI US",2024-04-30,,,0.16,0.0,0.0,,71.0,51.0,68.0
USC00200230,"ANN ARBOR U OF MICH, MI US",2024-05-01,,,0.0,0.0,0.0,,81.0,43.0,77.0
USC00200230,"ANN ARBOR U OF MICH, MI US",2024-05-02,,,0.0,0.0,0.0,,77.0,43.0,69.0
USC00200230,"ANN ARBOR U OF MICH, MI US",2024-05-03,,,0.21,0.0,0.0,,71.0,55.0,70.0
USC00200230,"ANN ARBOR U OF MICH, MI US",2024-05-04,,,0.01,0.0,0.0,,72.0,49.0,69.0
USC00200230,"ANN ARBOR U OF MICH, MI US",2024-05-05,,,0.0,0.0,0.0,,69.0,61.0,62.0
USC00200230,"ANN ARBOR U OF MICH, MI US",2024-05-06,,,0.0,0.0,0.0,,68.0,44.0,66.0
USC00200230,"ANN ARBOR U OF MICH, MI US",2024-05-07,,,0.09,0.0,0.0,,71.0,40.0,64.0
USC00200230,"ANN ARBOR U OF MICH, MI US",2024-05-08,,,0.37,0.0,0.0,,77.0,47.0,75.0
USC00200230,"ANN ARBOR U OF MICH, MI US",2024-05-09,,,0.4,0.0,0.0,,75.0,50.0,51.0
USC00200230,"ANN ARBOR U OF MICH, MI US",2024-05-10,,,0.01,0.0,0.0,,65.0,40.0,62.0
USC00200230,"ANN ARBOR U OF MICH, MI US",2024-05-11,,,0.39,0.0,0.0,,62.0,42.0,55.0
USC00200230,"ANN ARBOR U OF MICH, MI US",2024-05-12,,,0.0,0.0,0.0,,72.0,38.0,69.0
USC00200230,"ANN ARBOR U OF MICH, MI US",2024-05-13,,,0.0,0.0,0.0,,82.0,49.0,78.0
USC00200230,"ANN ARBOR U OF MICH, MI US",2024-05-14,,,0.0,0.0,0.0,,78.0,57.0,69.0
USC00200230,"ANN ARBOR U OF MICH, MI US",2024-05-15,,,0.0,0.0,0.0,,76.0,52.0,71.0
USC00200230,"ANN ARBOR U OF MICH, MI US",2024-05-16,,,0.0,0.0,0.0,,78.0,43.0,74.0
USC00200230,"ANN ARBOR U OF MICH, MI US",2024-05-17,,,0.25,0.0,0.0,,77.0,58.0,71.0
USC00200230,"ANN ARBOR U OF MICH, MI US",2024-05-18,,,0.0,0.0,0.0,,81.0,56.0,75.0
USC00200230,"ANN ARBOR U OF MICH, MI US",2024-05-19,,,0.3,0.0,0.0,,89.0,53.0,69.0
USC00200230,"ANN ARBOR U OF MICH, MI US",2024-05-20,,,0.0,0.0,0.0,,87.0,57.0,85.0
USC00200230,"ANN ARBOR U OF MICH, MI US",2024-05-21,,,0.0,0.0,0.0,,87.0,61.0,85.0
USC00200230,"ANN ARBOR U OF MICH, MI US",2024-05-22,,,0.0,0.0,0.0,,85.0,69.0,80.0
USC00200230,"ANN ARBOR U OF MICH, MI US",2024-05-23,,,0.0,0.0,0.0,,80.0,49.0,77.0
USC00200230,"ANN ARBOR U OF MICH, MI US",2024-05-24,,,0.0,0.0,0.0,,83.0,45.0,76.0
USC00200230,"ANN ARBOR U OF MICH, MI US",2024-05-25,,,0.0,0.0,0.0,,79.0,59.0,77.0
USC00200230,"ANN ARBOR U OF MICH, MI US",2024-05-26,,,0.0,0.0,0.0,,79.0,46.0,71.0
USC00200230,"ANN ARBOR U OF MICH, MI US",2024-05-27,,,0.76,0.0,0.0,,71.0,56.0,60.0
USC00200230,"ANN ARBOR U OF MICH, MI US",2024-05-28,,,0.01,0.0,0.0,,71.0,54.0,60.0
USC00200230,"ANN ARBOR U OF MICH, MI US",2024-05-29,,,0.09,0.0,0.0,,70.0,53.0,68.0
USC00200230,"ANN ARBOR U OF MICH, MI US",2024-05-30,,,0.0,0.0,0.0,,71.0,38.0,68.0
USC00200230,"ANN ARBOR U OF MICH, MI US",2024-05-31,,,0.0,0.0,0.0,,77.0,38.0,75.0
USC00200230,"ANN ARBOR U OF MICH, MI US",2024-06-01,,,0.0,0.0,0.0,,79.0,44.0,72.0
USC00200230,"ANN ARBOR U OF MICH, MI US",2024-06-02,,,0.24,0.0,0.0,,73.0,60.0,70.0
USC00200230,"ANN ARBOR U OF MICH, MI US",2024-06-03,,,0.0,0.0,0.0,,78.0,50.0,75.0
USC00200230,"ANN ARBOR U OF MICH, MI US",2024-06-04,,,0.0,0.0,0.0,,86.0,55.0,81.0
USC00200230,"ANN ARBOR U OF MICH, MI US",2024-06-05,,,0.49,0.0,0.0,,82.0,64.0,71.0
USC00200230,"ANN ARBOR U OF MICH, MI US",2024-06-06,,,0.0,0.0,0.0,,78.0,56.0,73.0
USC00200230,"ANN ARBOR U OF MICH, MI US",2024-06-07,,,0.0,0.0,0.0,,73.0,58.0,66.0
USC00200230,"ANN ARBOR U OF MICH, MI US",2024-06-08,,,0.0,0.0,0.0,,78.0,46.0,70.0
USC00200230,"ANN ARBOR U OF MICH, MI US",2024-06-09,,,0.4,0.0,0.0,,73.0,52.0,70.0
USC00200230,"ANN ARBOR U OF MICH, MI US",2024-06-10,,,0.0,0.0,0.0,,70.0,51.0,67.0
USC00200230,"ANN ARBOR U OF MICH, MI US",2024-06-11,,,0.0,0.0,0.0,,74.0,39.0,70.0
USC00200230,"ANN ARBOR U OF MICH, MI US",2024-06-12,,,0.0,0.0,0.0,,85.0,53.0,82.0
USC00200230,"ANN ARBOR U OF MICH, MI US",2024-06-13,,,0.11,0.0,0.0,,90.0,59.0,82.0
USC00200230,"ANN ARBOR U OF MICH, MI US",2024-06-14,,,0.0,0.0,0.0,,82.0,61.0,77.0
USC00200230,"ANN ARBOR U OF MICH, MI US",2024-06-15,,,0.0,0.0,0.0,,80.0,46.0,78.0
USC00200230,"ANN ARBOR U OF MICH, MI US",2024-06-16,,,0.0,0.0,0.0,,86.0,49.0,85.0
USC00200230,"ANN ARBOR U OF MICH, MI US",2024-06-17,,,0.71,0.0,0.0,,93.0,65.0,91.0
USC00200230,"ANN ARBOR U OF MICH, MI US",2024-06-18,,,0.82,0.0,0.0,,91.0,66.0,88.0
USC00200230,"ANN ARBOR U OF MICH, MI US",2024-06-19,,,0.01,0.0,0.0,,91.0,71.0,89.0
USC00200230,"ANN ARBOR U OF MICH, MI US",2024-06-20,,,1.27,0.0,0.0,,91.0,66.0,82.0
USC00200230,"ANN ARBOR U OF MICH, MI US",2024-06-21,,,0.08,0.0,0.0,,90.0,65.0,88.0
USC00200230,"ANN ARBOR U OF MICH, MI US",2024-06-22,,,0.03,0.0,0.0,,90.0,66.0,86.0
USC00200230,"ANN ARBOR U OF MICH, MI US",2024-06-23,,,0.11,0.0,0.0,,86.0,67.0,73.0
USC00200230,"ANN ARBOR U OF MICH, MI US",2024-06-24,,,0.0,0.0,0.0,,82.0,60.0,79.0
USC00200230,"ANN ARBOR U OF MICH, MI US",2024-06-25,,,0.57,0.0,0.0,,82.0,59.0,80.0
USC00200230,"ANN ARBOR U OF MICH, MI US",2024-06-26,,,0.0,0.0,0.0,,80.0,66.0,79.0
USC00200230,"ANN ARBOR U OF MICH, MI US",2024-06-27,,,0.0,0.0,0.0,,79.0,54.0,71.0
USC00200230,"ANN ARBOR U OF MICH, MI US",2024-06-28,,,0.0,0.0,0.0,,72.0,51.0,70.0
USC00200230,"ANN ARBOR U OF MICH, MI US",2024-06-29,,,1.76,0.0,0.0,,88.0,65.0,84.0
USC00200230,"ANN ARBOR U OF MICH, MI US",2024-06-30,,,0.0,0.0,0.0,,84.0,58.0,66.0
USC00200230,"ANN ARBOR U OF MICH, MI US",2024-07-01,,,0.0,0.0,0.0,,76.0,44.0,73.0
USC00200230,"ANN ARBOR U OF MICH, MI US",2024-07-02,,,0.0,0.0,0.0,,79.0,48.0,74.0
USC00200230,"ANN ARBOR U OF MICH, MI US",2024-07-03,,,0.0,0.0,0.0,,85.0,61.0,82.0
USC00200230,"ANN ARBOR U OF MICH, MI US",2024-07-04,,,0.0,0.0,0.0,,83.0,59.0,79.0
USC00200230,"ANN ARBOR U OF MICH, MI US",2024-07-05,,,0.0,0.0,0.0,,79.0,61.0,78.0
USC00200230,"ANN ARBOR U OF MICH, MI US",2024-07-06,,,0.05,0.0,0.0,,80.0,61.0,77.0
USC00200230,"ANN ARBOR U OF MICH, MI US",2024-07-07,,,0.0,0.0,0.0,,84.0,54.0,68.0
USC00200230,"ANN ARBOR U OF MICH, MI US",2024-07-08,,,0.0,0.0,0.0,,88.0,62.0,85.0
USC00200230,"ANN ARBOR U OF MICH, MI US",2024-07-09,,,0.25,0.0,0.0,,85.0,66.0,76.0
USC00200230,"ANN ARBOR U OF MICH, MI US",2024-07-10,,,3.1,0.0,0.0,,76.0,62.0,66.0
USC00200230,"ANN ARBOR U OF MICH, MI US",2024-07-11,,,0.0,0.0,0.0,,82.0,62.0,81.0
USC00200230,"ANN ARBOR U OF MICH, MI US",2024-07-12,,,0.02,0.0,0.0,,84.0,63.0,81.0
USC00200230,"ANN ARBOR U OF MICH, MI US",2024-07-13,,,0.0,0.0,0.0,,87.0,60.0,81.0
USC00200230,"ANN ARBOR U OF MICH, MI US",2024-07-14,,,0.03,0.0,0.0,,86.0,64.0,82.0
USC00200230,"ANN ARBOR U OF MICH, MI US",2024-07-15,,,0.02,0.0,0.0,,87.0,68.0,85.0
USC00200230,"ANN ARBOR U OF MICH, MI US",2024-07-16,,,0.75,0.0,0.0,,86.0,67.0,84.0
USC00200230,"ANN ARBOR U OF MICH, MI US",2024-07-17,,,0.04,0.0,0.0,,84.0,65.0,78.0
USC00200230,"ANN ARBOR U OF MICH, MI US",2024-07-18,,,0.0,0.0,0.0,,78.0,55.0,72.0
USC00200230,"ANN ARBOR U OF MICH, MI US",2024-07-19,,,0.0,0.0,0.0,,80.0,49.0,76.0
USC00200230,"ANN ARBOR U OF MICH, MI US",2024-07-20,,,0.0,0.0,0.0,,80.0,52.0,77.0
USC00200230,"ANN ARBOR U OF MICH, MI US",2024-07-21,,,0.0,0.0,0.0,,84.0,56.0,80.0
USC00200230,"ANN ARBOR U OF MICH, MI US",2024-07-22,,,0.18,0.0,0.0,,80.0,61.0,68.0
USC00200230,"ANN ARBOR U OF MICH, MI US",2024-07-23,,,0.05,0.0,0.0,,84.0,58.0,82.0
USC00200230,"ANN ARBOR U OF MICH, MI US",2024-07-24,,,0.0,0.0,0.0,,82.0,64.0,74.0
USC00200230,"ANN ARBOR U OF MICH, MI US",2024-07-25,,,0.0,0.0,0.0,,79.0,57.0,78.0
USC00200230,"ANN ARBOR U OF MICH, MI US",2024-07-26,,,0.0,0.0,0.0,,80.0,52.0,78.0
USC00200230,"ANN ARBOR U OF MICH, MI US",2024-07-27,,,0.0,0.0,0.0,,83.0,49.0,80.0
USC00200230,"ANN ARBOR U OF MICH, MI US",2024-07-28,,,0.0,0.0,0.0,,88.0,54.0,86.0
USC00200230,"ANN ARBOR U OF MICH, MI US",2024-07-29,,,0.05,0.0,0.0,,86.0,68.0,82.0
USC00200230,"ANN ARBOR U OF MICH, MI US",2024-07-30,,,0.14,0.0,0.0,,85.0,66.0,83.0
USC00200230,"ANN ARBOR U OF MICH, MI US",2024-07-31,,,0.0,0.0,0.0,,90.0,64.0,86.0
USC00200230,"ANN ARBOR U OF MICH, MI US",2024-08-01,,,0.0,0.0,0.0,,90.0,66.0,83.0
USC00200230,"ANN ARBOR U OF MICH, MI US",2024-08-02,,,0.91,0.0,0.0,,84.0,70.0,75.0
USC00200230,"ANN ARBOR U OF MICH, MI US",2024-08-03,,,0.01,0.0,0.0,,86.0,65.0,82.0
USC00200230,"ANN ARBOR U OF MICH, MI US",2024-08-04,,,0.0,0.0,0.0,,89.0,59.0,85.0
USC00200230,"ANN ARBOR U OF MICH, MI US",2024-08-05,,,0.12,0.0,0.0,,85.0,65.0,81.0
USC00200230,"ANN ARBOR U OF MICH, MI US",2024-08-06,,,0.82,0.0,0.0,,81.0,59.0,67.0
USC00200230,"ANN ARBOR U OF MICH, MI US",2024-08-07,,,0.0,0.0,0.0,,79.0,56.0,77.0
USC00200230,"ANN ARBOR U OF MICH, MI US",2024-08-08,,,0.0,0.0,0.0,,81.0,56.0,79.0
USC00200230,"ANN ARBOR U OF MICH, MI US",2024-08-09,,,0.0,0.0,0.0,,79.0,61.0,73.0
USC00200230,"ANN ARBOR U OF MICH, MI US",2024-08-10,,,0.0,0.0,0.0,,73.0,53.0,70.0
USC00200230,"ANN ARBOR U OF MICH, MI US",2024-08-11,,,0.0,0.0,0.0,,76.0,55.0,74.0
USC00200230,"ANN ARBOR U OF MICH, MI US",2024-08-12,,,0.0,0.0,0.0,,79.0,49.0,78.0
USC00200230,"ANN ARBOR U OF MICH, MI US",2024-08-13,,,0.0,0.0,0.0,,83.0,52.0,74.0
USC00200230,"ANN ARBOR U OF MICH, MI US",2024-08-14,,,0.0,0.0,0.0,,83.0,53.0,79.0
USC00200230,"ANN ARBOR U OF MICH, MI US",2024-08-15,,,0.0,0.0,0.0,,80.0,54.0,74.0
USC00200230,"ANN ARBOR U OF MICH, MI US",2024-08-16,,,0.18,0.0,0.0,,80.0,64.0,78.0
USC00200230,"ANN ARBOR U OF MICH, MI US",2024-08-17,,,0.03,0.0,0.0,,80.0,65.0,77.0
USC00200230,"ANN ARBOR U OF MICH, MI US",2024-08-18,,,0.12,0.0,0.0,,78.0,63.0,72.0
USC00200230,"ANN ARBOR U OF MICH, MI US",2024-08-19,,,0.0,0.0,0.0,,72.0,58.0,67.0
USC00200230,"ANN ARBOR U OF MICH, MI US",2024-08-20,,,0.0,0.0,0.0,,71.0,48.0,68.0
USC00200230,"ANN ARBOR U OF MICH, MI US",2024-08-21,,,0.0,0.0,0.0,,74.0,42.0,70.0
USC00200230,"ANN ARBOR U OF MICH, MI US",2024-08-22,,,0.0,0.0,0.0,,78.0,43.0,74.0
USC00200230,"ANN ARBOR U OF MICH, MI US",2024-08-23,,,0.0,0.0,0.0,,80.0,46.0,76.0
USC00200230,"ANN ARBOR U OF MICH, MI US",2024-08-24,,,0.0,0.0,0.0,,86.0,52.0,81.0
USC00200230,"ANN ARBOR U OF MICH, MI US",2024-08-25,,,0.07,0.0,0.0,,90.0,61.0,86.0
USC00200230,"ANN ARBOR U OF MICH, MI US",2024-08-26,,,0.0,0.0,0.0,,92.0,62.0,89.0
USC00200230,"ANN ARBOR U OF MICH, MI US",2024-08-27,,,0.47,0.0,0.0,,95.0,68.0,70.0
USC00200230,"ANN ARBOR U OF MICH, MI US",2024-08-28,,,2.49,0.0,0.0,,84.0,68.0,75.0
USC00200230,"ANN ARBOR U OF MICH, MI US",2024-08-29,,,0.97,0.0,0.0,,81.0,64.0,79.0
USC00200230,"ANN ARBOR U OF MICH, MI US",2024-08-30,,,0.0,0.0,0.0,,90.0,66.0,85.0
USC00200230,"ANN ARBOR U OF MICH, MI US",2024-08-31,,,0.02,0.0,0.0,,85.0,68.0,79.0
USC00200230,"ANN ARBOR U OF MICH, MI US",2024-09-01,,,0.0,0.0,0.0,,79.0,56.0,72.0
USC00200230,"ANN ARBOR U OF MICH, MI US",2024-09-02,,,0.0,0.0,0.0,,72.0,56.0,67.0
USC00200230,"ANN ARBOR U OF MICH, MI US",2024-09-03,,,0.0,0.0,0.0,,74.0,42.0,72.0
USC00200230,"ANN ARBOR U OF MICH, MI US",2024-09-04,,,0.0,0.0,0.0,,78.0,44.0,74.0
USC00200230,"ANN ARBOR U OF MICH, MI US",2024-09-05,,,0.0,0.0,0.0,,85.0,47.0,79.0
USC00200230,"ANN ARBOR U OF MICH, MI US",2024-09-06,,,0.19,0.0,0.0,,79.0,62.0,62.0
USC00200230,"ANN ARBOR U OF MICH, MI US",2024-09-07,,,0.01,0.0,0.0,,62.0,46.0,57.0
USC00200230,"ANN ARBOR U OF MICH, MI US",2024-09-08,,,0.0,0.0,0.0,,70.0,37.0,67.0
USC00200230,"ANN ARBOR U OF MICH, MI US",2024-09-09,,,0.0,0.0,0.0,,78.0,49.0,76.0
USC00200230,"ANN ARBOR U OF MICH, MI US",2024-09-10,,,0.0,0.0,0.0,,80.0,52.0,77.0
USC00200230,"ANN ARBOR U OF MICH, MI US",2024-09-11,,,0.0,0.0,0.0,,84.0,52.0,79.0
USC00200230,"ANN ARBOR U OF MICH, MI US",2024-09-12,,,0.0,0.0,0.0,,84.0,51.0,80.0
USC00200230,"ANN ARBOR U OF MICH, MI US",2024-09-13,,,0.0,0.0,0.0,,82.0,53.0,77.0
USC00200230,"ANN ARBOR U OF MICH, MI US",2024-09-14,,,0.0,0.0,0.0,,82.0,52.0,79.0
USC00200230,"ANN ARBOR U OF MICH, MI US",2024-09-15,,,0.0,0.0,0.0,,84.0,52.0,80.0
USC00200230,"ANN ARBOR U OF MICH, MI US",2024-09-16,,,0.0,0.0,0.0,,82.0,49.0,77.0
USC00200230,"ANN ARBOR U OF MICH, MI US",2024-09-17,,,0.0,0.0,0.0,,80.0,47.0,77.0
USC00200230,"ANN ARBOR U OF MICH, MI US",2024-09-18,,,0.0,0.0,0.0,,83.0,52.0,77.0
USC00200230,"ANN ARBOR U OF MICH, MI US",2024-09-19,,,0.0,0.0,0.0,,82.0,50.0,79.0
USC00200230,"ANN ARBOR U OF MICH, MI US",2024-09-20,,,0.05,0.0,0.0,,83.0,54.0,73.0
USC00200230,"ANN ARBOR U OF MICH, MI US",2024-09-21,,,0.0,0.0,0.0,,86.0,57.0,80.0
USC00200230,"ANN ARBOR U OF MICH, MI US",2024-09-22,,,0.23,0.0,0.0,,81.0,52.0,66.0
USC00200230,"ANN ARBOR U OF MICH, MI US",2024-09-23,,,0.11,0.0,0.0,,68.0,57.0,65.0
USC00200230,"ANN ARBOR U OF MICH, MI US",2024-09-24,,,0.07,0.0,0.0,,68.0,56.0,68.0
USC00200230,"ANN ARBOR U OF MICH, MI US",2024-09-25,,,0.01,0.0,0.0,,77.0,61.0,71.0
USC00200230,"ANN ARBOR U OF MICH, MI US",2024-09-26,,,0.0,0.0,0.0,,71.0,53.0,68.0
USC00200230,"ANN ARBOR U OF MICH, MI US",2024-09-27,,,0.0,0.0,0.0,,72.0,54.0,71.0
USC00200230,"ANN ARBOR U OF MICH, MI US",2024-09-28,,,0.25,0.0,0.0,,71.0,62.0,67.0
USC00200230,"ANN ARBOR U OF MICH, MI US",2024-09-29,,,0.11,0.0,0.0,,70.0,64.0,70.0
USC00200230,"ANN ARBOR U OF MICH, MI US",2024-09-30,,,0.03,0.0,0.0,,75.0,56.0,71.0
USC00200230,"ANN ARBOR U OF MICH, MI US",2024-10-01,,,0.22,0.0,0.0,,77.0,56.0,59.0
USC00200230,"ANN ARBOR U OF MICH, MI US",2024-10-02,,,0.0,0.0,0.0,,67.0,42.0,65.0
USC00200230,"ANN ARBOR U OF MICH, MI US",2024-10-03,,,0.0,0.0,0.0,,77.0,40.0,71.0
USC00200230,"ANN ARBOR U OF MICH, MI US",2024-10-04,,,0.0,0.0,0.0,,71.0,45.0,68.0
USC00200230,"ANN ARBOR U OF MICH, MI US",2024-10-05,,,0.0,0.0,0.0,,70.0,41.0,63.0
USC00200230,"ANN ARBOR U OF MICH, MI US",2024-10-06,,,0.0,0.0,0.0,,77.0,49.0,71.0
USC00200230,"ANN ARBOR U OF MICH, MI US",2024-10-07,,,0.0,0.0,0.0,,71.0,51.0,61.0
USC00200230,"ANN ARBOR U OF MICH, MI US",2024-10-08,,,0.0,0.0,0.0,,70.0,41.0,65.0
USC00200230,"ANN ARBOR U OF MICH, MI US",2024-10-09,,,0.0,0.0,0.0,,65.0,32.0,60.0
USC00200230,"ANN ARBOR U OF MICH, MI US",2024-10-10,,,0.0,0.0,0.0,,64.0,32.0,61.0
USC00200230,"ANN ARBOR U OF MICH, MI US",2024-10-11,,,0.0,0.0,0.0,,79.0,37.0,74.0
USC00200230,"ANN ARBOR U OF MICH, MI US",2024-10-12,,,0.0,0.0,0.0,,74.0,50.0,60.0
USC00200230,"ANN ARBOR U OF MICH, MI US",2024-10-13,,,0.98,0.0,0.0,,60.0,48.0,50.0
USC00200230,"ANN ARBOR U OF MICH, MI US",2024-10-14,,,0.31,0.0,0.0,,54.0,42.0,49.0
USC00200230,"ANN ARBOR U OF MICH, MI US",2024-10-15,,,0.0,0.0,0.0,,51.0,35.0,47.0
USC00200230,"ANN ARBOR U OF MICH, MI US",2024-10-16,,,0.0,0.0,0.0,,55.0,36.0,53.0
USC00200230,"ANN ARBOR U OF MICH, MI US",2024-10-17,,,0.0,0.0,0.0,,61.0,29.0,57.0
USC00200230,"ANN ARBOR U OF MICH, MI US",2024-10-18,,,0.0,0.0,0.0,,66.0,29.0,62.0
USC00200230,"ANN ARBOR U OF MICH, MI US",2024-10-19,,,0.0,0.0,0.0,,71.0,32.0,65.0
USC00200230,"ANN ARBOR U OF MICH, MI US",2024-10-20,,,0.0,0.0,0.0,,77.0,32.0,70.0
USC00200230,"ANN ARBOR U OF MICH, MI US",2024-10-21,,,0.0,0.0,0.0,,80.0,44.0,72.0
USC00200230,"ANN ARBOR U OF MICH, MI US",2024-10-22,,,0.0,0.0,0.0,,76.0,39.0,72.0
USC00200230,"ANN ARBOR U OF MICH, MI US",2024-10-23,,,0.03,0.0,0.0,,72.0,52.0,60.0
USC00200230,"ANN ARBOR U OF MICH, MI US",2024-10-24,,,0.0,0.0,0.0,,60.0,29.0,54.0
USC00200230,"ANN ARBOR U OF MICH, MI US",2024-10-25,,,0.05,0.0,0.0,,59.0,32.0,56.0
USC00200230,"ANN ARBOR U OF MICH, MI US",2024-10-26,,,0.0,0.0,0.0,,56.0,32.0,51.0
USC00200230,"ANN ARBOR U OF MICH, MI US",2024-10-27,,,0.0,0.0,0.0,,59.0,26.0,52.0
USC00200230,"ANN ARBOR U OF MICH, MI US",2024-10-28,,,0.0,0.0,0.0,,62.0,28.0,55.0
USC00200230,"ANN ARBOR U OF MICH, MI US",2024-10-29,,,0.0,0.0,0.0,,78.0,39.0,74.0
USC00200230,"ANN ARBOR U OF MICH, MI US",2024-10-30,,,0.0,0.0,0.0,,77.0,63.0,74.0
USC00200230,"ANN ARBOR U OF MICH, MI US",2024-10-31,,,0.01,0.0,0.0,,76.0,60.0,65.0
USC00200230,"ANN ARBOR U OF MICH, MI US",2024-11-01,,,0.0,0.0,0.0,,65.0,44.0,47.0
USC00200230,"ANN ARBOR U OF MICH, MI US",2024-11-02,,,0.0,0.0,0.0,,55.0,27.0,53.0
USC00200230,"ANN ARBOR U OF MICH, MI US",2024-11-03,,,0.0,0.0,0.0,,62.0,28.0,54.0
USC00200230,"ANN ARBOR U OF MICH, MI US",2024-11-04,,,0.04,0.0,0.0,,69.0,51.0,66.0
USC00200230,"ANN ARBOR U OF MICH, MI US",2024-11-05,,,0.0,0.0,0.0,,72.0,60.0,70.0
USC00200230,"ANN ARBOR U OF MICH, MI US",2024-11-06,,,0.08,0.0,0.0,,70.0,53.0,59.0
USC00200230,"ANN ARBOR U OF MICH, MI US",2024-11-07,,,0.0,0.0,0.0,,59.0,40.0,49.0
USC00200230,"ANN ARBOR U OF MICH, MI US",2024-11-08,,,0.0,0.0,0.0,,60.0,38.0,52.0
USC00200230,"ANN ARBOR U OF MICH, MI US",2024-11-09,,,0.0,0.0,0.0,,55.0,28.0,47.0
USC00200230,"ANN ARBOR U OF MICH, MI US",2024-11-10,,,0.7,0.0,0.0,,57.0,44.0,56.0
USC00200230,"ANN ARBOR U OF MICH, MI US",2024-11-11,,,0.03,0.0,0.0,,57.0,47.0,47.0
USC00200230,"ANN ARBOR U OF MICH, MI US",2024-11-12,,,0.0,0.0,0.0,,50.0,33.0,40.0
USC00200230,"ANN ARBOR U OF MICH, MI US",2024-11-13,,,0.0,0.0,0.0,,53.0,27.0,46.0
USC00200230,"ANN ARBOR U OF MICH, MI US",2024-11-14,,,0.49,0.0,0.0,,47.0,43.0,46.0
USC00200230,"ANN ARBOR U OF MICH, MI US",2024-11-15,,,0.07,0.0,0.0,,50.0,46.0,47.0
USC00200230,"ANN ARBOR U OF MICH, MI US",2024-11-16,,,0.0,0.0,0.0,,49.0,44.0,47.0
USC00200230,"ANN ARBOR U OF MICH, MI US",2024-11-17,,,0.01,0.0,0.0,,53.0,42.0,50.0
USC00200230,"ANN ARBOR U OF MICH, MI US",2024-11-18,,,0.02,0.0,0.0,,58.0,36.0,53.0
USC00200230,"ANN ARBOR U OF MICH, MI US",2024-11-19,,,0.19,0.0,0.0,,62.0,48.0,58.0
USC00200230,"ANN ARBOR U OF MICH, MI US",2024-11-20,,,0.24,0.0,0.0,,58.0,37.0,37.0
USC00200230,"ANN ARBOR U OF MICH, MI US",2024-11-21,,,0.09,1.4,0.0,,37.0,31.0,34.0
USC00200230,"ANN ARBOR U OF MICH, MI US",2024-11-22,,,0.02,0.0,0.0,,45.0,33.0,44.0
USC00200230,"ANN ARBOR U OF MICH, MI US",2024-11-23,,,0.04,0.0,0.0,,44.0,40.0,43.0
USC00200230,"ANN ARBOR U OF MICH, MI US",2024-11-24,,,0.01,0.0,0.0,,43.0,39.0,40.0
USC00200230,"ANN ARBOR U OF MICH, MI US",2024-11-25,,,0.03,0.0,0.0,,48.0,37.0,48.0
USC00200230,"ANN ARBOR U OF MICH, MI US",2024-11-26,,,0.03,0.0,0.0,,49.0,37.0,37.0
USC00200230,"ANN ARBOR U OF MICH, MI US",2024-11-27,,,0.0,0.0,0.0,,44.0,28.0,39.0
USC00200230,"ANN ARBOR U OF MICH, MI US",2024-11-28,,,0.0,0.0,0.0,,39.0,33.0,33.0
USC00200230,"ANN ARBOR U OF MICH, MI US",2024-11-29,,,0.2,3.0,3.0,,33.0,25.0,25.0
USC00200230,"ANN ARBOR U OF MICH, MI US",2024-11-30,,,0.04,1.1,2.0,,25.0,22.0,23.0
USC00200230,"ANN ARBOR U OF MICH, MI US",2024-12-01,,,0.04,1.6,1.0,,28.0,22.0,27.0
USC00200230,"ANN ARBOR U OF MICH, MI US",2024-12-02,,,0.0,0.0,1.0,,33.0,20.0,30.0
USC00200230,"ANN ARBOR U OF MICH, MI US",2024-12-03,,,0.0,0.0,0.0,,35.0,22.0,31.0
USC00200230,"ANN ARBOR U OF MICH, MI US",2024-12-04,,,0.0,0.0,0.0,,36.0,23.0,34.0
USC00200230,"ANN ARBOR U OF MICH, MI US",2024-12-05,,,0.12,1.5,1.0,,34.0,17.0,27.0
USC00200230,"ANN ARBOR U OF MICH, MI US",2024-12-06,,,0.0,0.0,1.0,,32.0,12.0,26.0
USC00200230,"ANN ARBOR U OF MICH, MI US",2024-12-07,,,0.0,0.0,0.0,,36.0,26.0,35.0
USC00200230,"ANN ARBOR U OF MICH, MI US",2024-12-08,,,0.0,0.0,0.0,,51.0,34.0,39.0
USC00200230,"ANN ARBOR U OF MICH, MI US",2024-12-09,,,0.36,0.0,0.0,,50.0,27.0,46.0
USC00200230,"ANN ARBOR U OF MICH, MI US",2024-12-10,,,0.0,0.0,0.0,,48.0,34.0,41.0
USC00200230,"ANN ARBOR U OF MICH, MI US",2024-12-11,,,0.0,0.0,0.0,,41.0,30.0,31.0
USC00200230,"ANN ARBOR U OF MICH, MI US",2024-12-12,,,0.06,1.4,1.0,,31.0,11.0,15.0
USC00200230,"ANN ARBOR U OF MICH, MI US",2024-12-13,,,0.0,0.0,1.0,,21.0,2.0,13.0
USC00200230,"ANN ARBOR U OF MICH, MI US",2024-12-14,,,0.0,0.0,0.0,,37.0,7.0,31.0
USC00200230,"ANN ARBOR U OF MICH, MI US",2024-12-15,,,0.5,0.0,0.0,,38.0,30.0,37.0
USC00200230,"ANN ARBOR U OF MICH, MI US",2024-12-16,,,0.22,0.0,0.0,,50.0,37.0,50.0
USC00200230,"ANN ARBOR U OF MICH, MI US",2024-12-17,,,0.0,0.0,0.0,,52.0,38.0,38.0
USC00200230,"ANN ARBOR U OF MICH, MI US",2024-12-18,,,0.02,0.1,0.0,,38.0,32.0,33.0
USC00200230,"ANN ARBOR U OF MICH, MI US",2024-12-19,,,0.0,0.0,0.0,,33.0,28.0,28.0
USC00200230,"ANN ARBOR U OF MICH, MI US",2024-12-20,,,0.12,2.0,1.0,,33.0,28.0,30.0
USC00200230,"ANN ARBOR U OF MICH, MI US",2024-12-21,,,0.01,0.2,0.0,,30.0,18.0,20.0
USC00200230,"ANN ARBOR U OF MICH, MI US",2024-12-22,,,0.0,0.0,0.0,,27.0,4.0,25.0
USC00200230,"ANN ARBOR U OF MICH, MI US",2024-12-23,,,0.07,0.0,0.0,,32.0,22.0,32.0
USC00200230,"ANN ARBOR U OF MICH, MI US",2024-12-24,,,0.09,0.5,0.0,,34.0,31.0,31.0
USC00200230,"ANN ARBOR U OF MICH, MI US",2024-12-25,,,0.0,0.0,0.0,,37.0,29.0,33.0
USC00200230,"ANN ARBOR U OF MICH, MI US",2024-12-26,,,0.03,0.0,0.0,,42.0,33.0,40.0
USC00200230,"ANN ARBOR U OF MICH, MI US",2024-12-27,,,0.04,0.0,0.0,,45.0,33.0,42.0
USC00200230,"ANN ARBOR U OF MICH, MI US",2024-12-28,,,0.19,0.0,0.0,,56.0,41.0,50.0
USC00200230,"ANN ARBOR U OF MICH, MI US",2024-12-29,,,1.04,0.0,0.0,,50.0,34.0,43.0
USC00200230,"ANN ARBOR U OF MICH, MI US",2024-12-30,,,0.43,0.1,0.0,,48.0,34.0,41.0
USC00200230,"ANN ARBOR U OF MICH, MI US",2024-12-31,,,0.08,0.2,0.0,,41.0,27.0,33.0
USC00200230,"ANN ARBOR U OF MICH, MI US",2025-01-01,,,0.15,1.2,0.0,,34.0,30.0,30.0
USC00200230,"ANN ARBOR U OF MICH, MI US",2025-01-02,,,0.03,0.6,1.0,,30.0,25.0,26.0
USC00200230,"ANN ARBOR U OF MICH, MI US",2025-01-03,,,0.02,0.4,1.0,,27.0,23.0,24.0
USC00200230,"ANN ARBOR U OF MICH, MI US",2025-01-04,,,0.0,0.1,0.0,,24.0,17.0,21.0
USC00200230,"ANN ARBOR U OF MICH, MI US",2025-01-05,,,0.0,0.0,0.0,,24.0,13.0,20.0
USC00200230,"ANN ARBOR U OF MICH, MI US",2025-01-06,,,0.01,0.3,0.0,,25.0,18.0,21.0
USC00200230,"ANN ARBOR U OF MICH, MI US",2025-01-07,,,0.0,0.0,0.0,,27.0,19.0,26.0
USC00200230,"ANN ARBOR U OF MICH, MI US",2025-01-08,,,0.0,0.0,0.0,,26.0,21.0,22.0
USC00200230,"ANN ARBOR U OF MICH, MI US",2025-01-09,,,0.0,0.0,0.0,,26.0,2.0,24.0
USC00200230,"ANN ARBOR U OF MICH, MI US",2025-01-10,,,0.03,0.6,1.0,,24.0,11.0,23.0
USC00200230,"ANN ARBOR U OF MICH, MI US",2025-01-11,,,0.17,1.6,2.0,,34.0,20.0,30.0
USC00200230,"ANN ARBOR U OF MICH, MI US",2025-01-12,,,0.03,0.5,2.0,,33.0,22.0,31.0
USC00200230,"ANN ARBOR U OF MICH, MI US",2025-01-13,,,0.0,0.1,2.0,,33.0,18.0,18.0
USC00200230,"ANN ARBOR U OF MICH, MI US",2025-01-14,,,0.03,1.1,2.0,,19.0,12.0,12.0
USC00200230,"ANN ARBOR U OF MICH, MI US",2025-01-15,,,0.01,0.4,2.0,,25.0,9.0,19.0
USC00200230,"ANN ARBOR U OF MICH, MI US",2025-01-16,,,0.1,1.7,4.0,,31.0,13.0,31.0
USC00200230,"ANN ARBOR U OF MICH, MI US",2025-01-17,,,0.0,0.0,3.0,,38.0,16.0,34.0
USC00200230,"ANN ARBOR U OF MICH, MI US",2025-01-18,,,0.18,0.0,2.0,,36.0,24.0,24.0
USC00200230,"ANN ARBOR U OF MICH, MI US",2025-01-19,,,0.0,0.1,1.0,,24.0,11.0,15.0
USC00200230,"ANN ARBOR U OF MICH, MI US",2025-01-20,,,0.01,0.2,1.0,,15.0,2.0,7.0
USC00200230,"ANN ARBOR U OF MICH, MI US",2025-01-21,,,0.0,0.1,1.0,,9.0,2.0,2.0
USC00200230,"ANN ARBOR U OF MICH, MI US",2025-01-22,,,0.01,0.1,1.0,,12.0,-6.0,12.0
USC00200230,"ANN ARBOR U OF MICH, MI US",2025-01-23,,,0.13,2.3,4.0,,26.0,12.0,21.0
USC00200230,"ANN ARBOR U OF MICH, MI US",2025-01-24,,,0.0,0.3,3.0,,22.0,14.0,16.0
USC00200230,"ANN ARBOR U OF MICH, MI US",2025-01-25,,,0.0,0.0,2.0,,36.0,6.0,31.0
USC00200230,"ANN ARBOR U OF MICH, MI US",2025-01-26,,,0.0,0.1,2.0,,31.0,24.0,26.0
USC00200230,"ANN ARBOR U OF MICH, MI US",2025-01-27,,,0.0,0.0,2.0,,37.0,18.0,35.0
USC00200230,"ANN ARBOR U OF MICH, MI US",2025-01-28,,,0.0,0.0,1.0,,39.0,27.0,38.0
USC00200230,"ANN ARBOR U OF MICH, MI US",2025-01-29,,,0.0,0.0,0.0,,41.0,34.0,34.0
USC00200230,"ANN ARBOR U OF MICH, MI US",2025-01-30,,,0.0,0.0,0.0,,48.0,18.0,41.0
USC00200230,"ANN ARBOR U OF MICH, MI US",2025-01-31,,,0.76,0.4,0.0,,41.0,32.0,32.0
USC00200230,"ANN ARBOR U OF MICH, MI US",2025-02-01,,,0.04,0.4,0.0,,32.0,17.0,24.0
USC00200230,"ANN ARBOR U OF MICH, MI US",2025-02-02,,,0.07,1.1,1.0,,29.0,21.0,29.0
USC00200230,"ANN ARBOR U OF MICH, MI US",2025-02-03,,,0.03,0.0,0.0,,42.0,29.0,35.0
USC00200230,"ANN ARBOR U OF MICH, MI US",2025-02-04,,,0.0,0.0,0.0,,35.0,24.0,24.0
USC00200230,"ANN ARBOR U OF MICH, MI US",2025-02-05,,,0.0,0.0,0.0,,26.0,14.0,24.0
USC00200230,"ANN ARBOR U OF MICH, MI US",2025-02-06,,,0.07,0.0,0.0,,33.0,22.0,32.0
USC00200230,"ANN ARBOR U OF MICH, MI US",2025-02-07,,,0.0,0.0,0.0,,32.0,14.0,26.0
USC00200230,"ANN ARBOR U OF MICH, MI US",2025-02-08,,,0.06,0.5,1.0,,28.0,16.0,24.0
USC00200230,"ANN ARBOR U OF MICH, MI US",2025-02-09,,,0.08,0.6,1.0,,29.0,23.0,24.0
USC00200230,"ANN ARBOR U OF MICH, MI US",2025-02-10,,,0.0,0.0,1.0,,32.0,3.0,29.0
USC00200230,"ANN ARBOR U OF MICH, MI US",2025-02-11,,,0.0,0.0,0.0,,33.0,11.0,28.0
USC00200230,"ANN ARBOR U OF MICH, MI US",2025-02-12,,,0.02,0.2,0.0,,28.0,19.0,24.0
USC00200230,"ANN ARBOR U OF MICH, MI US",2025-02-13,,,0.32,3.7,4.0,,30.0,20.0,22.0
USC00200230,"ANN ARBOR U OF MICH, MI US",2025-02-14,,,0.01,0.2,3.0,,24.0,5.0,19.0
USC00200230,"ANN ARBOR U OF MICH, MI US",2025-02-15,,,0.16,1.1,4.0,,32.0,18.0,31.0
USC00200230,"ANN ARBOR U OF MICH, MI US",2025-02-16,,,0.21,2.5,5.0,,31.0,24.0,24.0
USC00200230,"ANN ARBOR U OF MICH, MI US",2025-02-17,,,0.06,1.3,6.0,,24.0,12.0,12.0
USC00200230,"ANN ARBOR U OF MICH, MI US",2025-02-18,,,0.0,0.0,5.0,,18.0,-1.0,13.0
USC00200230,"ANN ARBOR U OF MICH, MI US",2025-02-19,,,0.0,0.0,5.0,,17.0,-5.0,15.0
USC00200230,"ANN ARBOR U OF MICH, MI US",2025-02-20,,,0.06,0.7,6.0,,22.0,12.0,21.0
USC00200230,"ANN ARBOR U OF MICH, MI US",2025-02-21,,,0.0,0.0,5.0,,33.0,15.0,29.0
USC00200230,"ANN ARBOR U OF MICH, MI US",2025-02-22,,,0.0,0.0,5.0,,34.0,12.0,29.0
USC00200230,"ANN ARBOR U OF MICH, MI US",2025-02-23,,,0.0,0.0,5.0,,38.0,17.0,33.0
USC00200230,"ANN ARBOR U OF MICH, MI US",2025-02-24,,,0.0,0.0,2.0,,52.0,26.0,47.0
USC00200230,"ANN ARBOR U OF MICH, MI US",2025-02-25,,,0.12,0.0,0.0,,55.0,34.0,48.0
USC00200230,"ANN ARBOR U OF MICH, MI US",2025-02-26,,,0.13,0.3,0.0,,48.0,24.0,33.0
USC00200230,"ANN ARBOR U OF MICH, MI US",2025-02-27,,,0.16,0.0,0.0,,44.0,33.0,38.0
USC00200230,"ANN ARBOR U OF MICH, MI US",2025-02-28,,,0.0,0.0,0.0,,55.0,24.0,52.0
USC00200230,"ANN ARBOR U OF MICH, MI US",2025-03-01,,,0.01,0.0,0.0,,52.0,20.0,22.0
USC00200230,"ANN ARBOR U OF MICH, MI US",2025-03-02,,,0.0,0.0,0.0,,30.0,12.0,30.0
USC00200230,"ANN ARBOR U OF MICH, MI US",2025-03-03,,,0.0,0.0,0.0,,37.0,12.0,35.0
USC00200230,"ANN ARBOR U OF MICH, MI US",2025-03-04,,,0.23,0.0,0.0,,43.0,31.0,42.0
USC00200230,"ANN ARBOR U OF MICH, MI US",2025-03-05,,,0.58,0.0,0.0,,56.0,38.0,42.0
USC00200230,"ANN ARBOR U OF MICH, MI US",2025-03-06,,,0.08,0.2,0.0,,42.0,25.0,32.0
USC00200230,"ANN ARBOR U OF MICH, MI US",2025-03-07,,,0.03,0.3,0.0,,40.0,25.0,34.0
USC00200230,"ANN ARBOR U OF MICH, MI US",2025-03-08,,,0.03,0.3,0.0,,38.0,21.0,37.0
USC00200230,"ANN ARBOR U OF MICH, MI US",2025-03-09,,,0.0,0.0,0.0,,56.0,28.0,52.0
USC00200230,"ANN ARBOR U OF MICH, MI US",2025-03-10,,,0.0,0.0,0.0,,66.0,28.0,62.0
USC00200230,"ANN ARBOR U OF MICH, MI US",2025-03-11,,,0.0,0.0,0.0,,62.0,38.0,51.0
USC00200230,"ANN ARBOR U OF MICH, MI US",2025-03-12,,,0.0,0.0,0.0,,51.0,26.0,45.0
USC00200230,"ANN ARBOR U OF MICH, MI US",2025-03-13,,,0.0,0.0,0.0,,58.0,21.0,56.0
USC00200230,"ANN ARBOR U OF MICH, MI US",2025-03-14,,,0.0,0.0,0.0,,73.0,28.0,68.0
USC00200230,"ANN ARBOR U OF MICH, MI US",2025-03-15,,,0.12,0.0,0.0,,72.0,48.0,61.0
USC00200230,"ANN ARBOR U OF MICH, MI US",2025-03-16,,,0.87,0.0,0.0,,61.0,40.0,40.0
USC00200230,"ANN ARBOR U OF MICH, MI US",2025-03-17,,,0.03,0.0,0.0,,45.0,26.0,44.0
USC00200230,"ANN ARBOR U OF MICH, MI US",2025-03-18,,,0.0,0.0,0.0,,68.0,33.0,66.0
USC00200230,"ANN ARBOR U OF MICH, MI US",2025-03-19,,,0.0,0.0,0.0,,73.0,55.0,65.0
USC00200230,"ANN ARBOR U OF MICH, MI US",2025-03-20,,,0.34,0.1,0.0,,65.0,34.0,38.0
USC00200230,"ANN ARBOR U OF MICH, MI US",2025-03-21,,,0.0,0.0,0.0,,54.0,21.0,50.0
USC00200230,"ANN ARBOR U OF MICH, MI US",2025-03-22,,,0.01,0.0,0.0,,50.0,33.0,40.0
USC00200230,"ANN ARBOR U OF MICH, MI US",2025-03-23,,,0.0,0.0,0.0,,40.0,19.0,36.0
USC00200230,"ANN ARBOR U OF MICH, MI US",2025-03-24,,,0.17,0.0,0.0,,41.0,32.0,34.0
USC00200230,"ANN ARBOR U OF MICH, MI US",2025-03-25,,,0.0,0.0,0.0,,47.0,28.0,44.0
USC00200230,"ANN ARBOR U OF MICH, MI US",2025-03-26,,,0.0,0.0,0.0,,44.0,27.0,43.0
USC00200230,"ANN ARBOR U OF MICH, MI US",2025-03-27,,,0.0,0.0,0.0,,58.0,19.0,51.0
USC00200230,"ANN ARBOR U OF MICH, MI US",2025-03-28,,,0.14,0.0,0.0,,63.0,39.0,62.0
USC00200230,"ANN ARBOR U OF MICH, MI US",2025-03-29,,,0.08,0.0,0.0,,66.0,57.0,62.0
USC00200230,"ANN ARBOR U OF MICH, MI US",2025-03-30,,,0.32,0.0,0.0,,68.0,53.0,67.0
USC00200230,"ANN ARBOR U OF MICH, MI US",2025-03-31,,,0.4,0.0,0.0,,67.0,38.0,38.0
USC00200230,"ANN ARBOR U OF MICH, MI US",2025-04-01,,,0.0,0.0,0.0,,45.0,22.0,40.0
USC00200230,"ANN ARBOR U OF MICH, MI US",2025-04-02,,,0.85,0.0,0.0,,40.0,33.0,40.0
USC00200230,"ANN ARBOR U OF MICH, MI US",2025-04-03,,,1.76,0.0,0.0,,64.0,40.0,58.0
USC00200230,"ANN ARBOR U OF MICH, MI US",2025-04-04,,,0.0,0.0,0.0,,58.0,30.0,49.0
USC00200230,"ANN ARBOR U OF MICH, MI US",2025-04-05,,,0.14,0.0,0.0,,49.0,42.0,48.0
USC00200230,"ANN ARBOR U OF MICH, MI US",2025-04-06,,,0.0,0.0,0.0,,48.0,35.0,46.0
USC00200230,"ANN ARBOR U OF MICH, MI US",2025-04-07,,,0.02,0.1,0.0,,46.0,28.0,37.0
USC00200230,"ANN ARBOR U OF MICH, MI US",2025-04-08,,,0.0,0.0,0.0,,40.0,22.0,36.0
USC00200230,"ANN ARBOR U OF MICH, MI US",2025-04-09,,,0.0,0.0,0.0,,46.0,19.0,43.0
USC00200230,"ANN ARBOR U OF MICH, MI US",2025-04-10,,,0.48,2.0,1.0,,43.0,32.0,36.0
USC00200230,"ANN ARBOR U OF MICH, MI US",2025-04-11,,,0.01,0.0,0.0,,52.0,28.0,51.0
USC00200230,"ANN ARBOR U OF MICH, MI US",2025-04-12,,,0.0,0.0,0.0,,58.0,23.0,55.0
USC00200230,"ANN ARBOR U OF MICH, MI US",2025-04-13,,,0.0,0.0,0.0,,58.0,32.0,56.0
USC00200230,"ANN ARBOR U OF MICH, MI US",2025-04-14,,,0.01,0.0,0.0,,72.0,40.0,65.0
USC00200230,"ANN ARBOR U OF MICH, MI US",2025-04-15,,,0.04,0.0,0.0,,65.0,35.0,40.0
USC00200230,"ANN ARBOR U OF MICH, MI US",2025-04-16,,,0.01,0.0,0.0,,52.0,32.0,51.0
USC00200230,"ANN ARBOR U OF MICH, MI US",2025-04-17,,,0.0,0.0,0.0,,64.0,24.0,58.0
USC00200230,"ANN ARBOR U OF MICH, MI US",2025-04-18,,,0.02,0.0,0.0,,81.0,48.0,81.0
USC00200230,"ANN ARBOR U OF MICH, MI US",2025-04-19,,,0.06,0.0,0.0,,82.0,58.0,58.0
USC00200230,"ANN ARBOR U OF MICH, MI US",2025-04-20,,,0.0,0.0,0.0,,59.0,34.0,57.0
USC00200230,"ANN ARBOR U OF MICH, MI US",2025-04-21,,,0.06,0.0,0.0,,72.0,44.0,59.0
USC00200230,"ANN ARBOR U OF MICH, MI US",2025-04-22,,,0.0,0.0,0.0,,67.0,42.0,66.0
USC00200230,"ANN ARBOR U OF MICH, MI US",2025-04-23,,,0.0,0.0,0.0,,78.0,41.0,72.0
USC00200230,"ANN ARBOR U OF MICH, MI US",2025-04-24,,,0.0,0.0,0.0,,84.0,42.0,81.0
USC00200230,"ANN ARBOR U OF MICH, MI US",2025-04-25,,,0.08,0.0,0.0,,81.0,50.0,64.0
USC00200230,"ANN ARBOR U OF MICH, MI US",2025-04-26,,,0.38,0.0,0.0,,64.0,45.0,53.0
USC00200230,"ANN ARBOR U OF MICH, MI US",2025-04-27,,,0.0,0.0,0.0,,67.0,31.0,66.0
USC00200230,"ANN ARBOR U OF MICH, MI US",2025-04-28,,,0.0,0.0,0.0,,75.0,34.0,73.0
USC00200230,"ANN ARBOR U OF MICH, MI US",2025-04-29,,,0.0,0.0,0.0,,85.0,54.0,72.0
USC00200230,"ANN ARBOR U OF MICH, MI US",2025-04-30,,,0.0,0.0,0.0,,72.0,33.0,58.0
USC00200230,"ANN ARBOR U OF MICH, MI US",2025-05-01,,,0.23,0.0,0.0,,70.0,42.0,70.0
USC00200230,"ANN ARBOR U OF MICH, MI US",2025-05-02,,,0.23,0.0,0.0,,73.0,54.0,67.0
USC00200230,"ANN ARBOR U OF MICH, MI US",2025-05-03,,,0.0,0.0,0.0,,67.0,44.0,53.0
USC00200230,"ANN ARBOR U OF MICH, MI US",2025-05-04,,,0.77,0.0,0.0,,53.0,41.0,49.0
USC00200230,"ANN ARBOR U OF MICH, MI US",2025-05-05,,,0.81,0.0,0.0,,67.0,47.0,65.0
USC00200230,"ANN ARBOR U OF MICH, MI US",2025-05-06,,,0.79,0.0,0.0,,65.0,53.0,58.0
USC00200230,"ANN ARBOR U OF MICH, MI US",2025-05-07,,,0.0,0.0,0.0,,75.0,48.0,74.0
USC00200230,"ANN ARBOR U OF MICH, MI US",2025-05-08,,,0.02,0.0,0.0,,74.0,44.0,58.0
USC00200230,"ANN ARBOR U OF MICH, MI US",2025-05-09,,,0.0,0.0,0.0,,65.0,32.0,63.0
USC00200230,"ANN ARBOR U OF MICH, MI US",2025-05-10,,,0.0,0.0,0.0,,79.0,37.0,76.0
USC00200230,"ANN ARBOR U OF MICH, MI US",2025-05-11,,,0.0,0.0,0.0,,76.0,38.0,66.0
USC00200230,"ANN ARBOR U OF MICH, MI US",2025-05-12,,,0.0,0.0,0.0,,82.0,38.0,78.0
USC00200230,"ANN ARBOR U OF MICH, MI US",2025-05-13,,,0.28,0.0,0.0,,78.0,59.0,67.0
USC00200230,"ANN ARBOR U OF MICH, MI US",2025-05-14,,,0.0,0.0,0.0,,76.0,58.0,73.0
USC00200230,"ANN ARBOR U OF MICH, MI US",2025-05-15,,,0.0,0.0,0.0,,82.0,52.0,79.0
USC00200230,"ANN ARBOR U OF MICH, MI US",2025-05-16,,,0.56,0.0,0.0,,84.0,55.0,79.0
USC00200230,"ANN ARBOR U OF MICH, MI US",2025-05-17,,,0.04,0.0,0.0,,79.0,54.0,58.0
USC00200230,"ANN ARBOR U OF MICH, MI US",2025-05-18,,,0.0,0.0,0.0,,66.0,50.0,63.0
USC00200230,"ANN ARBOR U OF MICH, MI US",2025-05-19,,,0.0,0.0,0.0,,63.0,47.0,57.0
USC00200230,"ANN ARBOR U OF MICH, MI US",2025-05-20,,,0.02,0.0,0.0,,57.0,38.0,50.0
USC00200230,"ANN ARBOR U OF MICH, MI US",2025-05-21,,,0.59,0.0,0.0,,53.0,46.0,50.0
USC00200230,"ANN ARBOR U OF MICH, MI US",2025-05-22,,,0.21,0.0,0.0,,55.0,47.0,52.0
USC00200230,"ANN ARBOR U OF MICH, MI US",2025-05-23,,,0.0,0.0,0.0,,56.0,39.0,53.0
USC00200230,"ANN ARBOR U OF MICH, MI US",2025-05-24,,,0.0,0.0,0.0,,63.0,41.0,60.0
USC00200230,"ANN ARBOR U OF MICH, MI US",2025-05-25,,,0.0,0.0,0.0,,66.0,36.0,62.0
USC00200230,"ANN ARBOR U OF MICH, MI US",2025-05-26,,,0.0,0.0,0.0,,72.0,38.0,69.0
USC00200230,"ANN ARBOR U OF MICH, MI US",2025-05-27,,,0.0,0.0,0.0,,74.0,46.0,69.0
USC00200230,"ANN ARBOR U OF MICH, MI US",2025-05-28,,,0.0,0.0,0.0,,69.0,48.0,57.0
USC00200230,"ANN ARBOR U OF MICH, MI US",2025-05-29,,,0.05,0.0,0.0,,66.0,54.0,64.0
USC00200230,"ANN ARBOR U OF MICH, MI US",2025-05-30,,,0.0,0.0,0.0,,76.0,47.0,70.0
USC00200230,"ANN ARBOR U OF MICH, MI US",2025-05-31,,,0.03,0.0,0.0,,70.0,49.0,62.0
USC00200230,"ANN ARBOR U OF MICH, MI US",2025-06-01,,,0.0,0.0,0.0,,68.0,37.0,66.0
USC00200230,"ANN ARBOR U OF MICH, MI US",2025-06-02,,,0.0,0.0,0.0,,80.0,38.0,77.0
USC00200230,"ANN ARBOR U OF MICH, MI US",2025-06-03,,,0.0,0.0,0.0,,87.0,45.0,85.0
USC00200230,"ANN ARBOR U OF MICH, MI US",2025-06-04,,,0.0,0.0,0.0,,85.0,63.0,75.0
USC00200230,"ANN ARBOR U OF MICH, MI US",2025-06-05,,,1.23,0.0,0.0,,75.0,55.0,65.0
USC00200230,"ANN ARBOR U OF MICH, MI US",2025-06-06,,,0.01,0.0,0.0,,76.0,58.0,73.0
USC00200230,"ANN ARBOR U OF MICH, MI US",2025-06-07,,,0.0,0.0,0.0,,78.0,49.0,75.0
USC00200230,"ANN ARBOR U OF MICH, MI US",2025-06-08,,,0.0,0.0,0.0,,79.0,52.0,77.0
USC00200230,"ANN ARBOR U OF MICH, MI US",2025-06-09,,,0.0,0.0,0.0,,78.0,58.0,69.0
USC00200230,"ANN ARBOR U OF MICH, MI US",2025-06-10,,,0.04,0.0,0.0,,74.0,48.0,72.0
USC00200230,"ANN ARBOR U OF MICH, MI US",2025-06-11,,,0.0,0.0,0.0,,85.0,48.0,83.0
USC00200230,"ANN ARBOR U OF MICH, MI US",2025-06-12,,,0.0,0.0,0.0,,83.0,59.0,74.0
USC00200230,"ANN ARBOR U OF MICH, MI US",2025-06-13,,,0.01,0.0,0.0,,74.0,54.0,65.0
USC00200230,"ANN ARBOR U OF MICH, MI US",2025-06-14,,,0.12,0.0,0.0,,76.0,56.0,74.0
USC00200230,"ANN ARBOR U OF MICH, MI US",2025-06-15,,,0.0,0.0,0.0,,82.0,50.0,79.0
USC00200230,"ANN ARBOR U OF MICH, MI US",2025-06-16,,,0.0,0.0,0.0,,84.0,54.0,81.0
USC00200230,"ANN ARBOR U OF MICH, MI US",2025-06-17,,,0.0,0.0,0.0,,87.0,58.0,84.0
USC00200230,"ANN ARBOR U OF MICH, MI US",2025-06-18,,,0.09,0.0,0.0,,84.0,65.0,80.0
USC00200230,"ANN ARBOR U OF MICH, MI US",2025-06-19,,,1.75,0.0,0.0,,80.0,61.0,75.0
USC00200230,"ANN ARBOR U OF MICH, MI US",2025-06-20,,,0.04,0.0,0.0,,80.0,58.0,77.0
USC00200230,"ANN ARBOR U OF MICH, MI US",2025-06-21,,,0.01,0.0,0.0,,91.0,63.0,89.0
USC00200230,"ANN ARBOR U OF MICH, MI US",2025-06-22,,,0.0,0.0,0.0,,95.0,75.0,92.0
USC00200230,"ANN ARBOR U OF MICH, MI US",2025-06-23,,,0.0,0.0,0.0,,95.0,69.0,92.0
USC00200230,"ANN ARBOR U OF MICH, MI US",2025-06-24,,,0.1,0.0,0.0,,94.0,70.0,78.0
USC00200230,"ANN ARBOR U OF MICH, MI US",2025-06-25,,,0.72,0.0,0.0,,86.0,69.0,79.0
USC00200230,"ANN ARBOR U OF MICH, MI US",2025-06-26,,,0.18,0.0,0.0,,85.0,62.0,80.0
USC00200230,"ANN ARBOR U OF MICH, MI US",2025-06-27,,,0.04,0.0,0.0,,92.0,68.0,75.0
USC00200230,"ANN ARBOR U OF MICH, MI US",2025-06-28,,,0.0,0.0,0.0,,82.0,69.0,78.0
USC00200230,"ANN ARBOR U OF MICH, MI US",2025-06-29,,,0.0,0.0,0.0,,89.0,58.0,85.0
USC00200230,"ANN ARBOR U OF MICH, MI US",2025-06-30,,,0.05,0.0,0.0,,85.0,65.0,83.0
USC00200230,"ANN ARBOR U OF MICH, MI US",2025-07-01,,,0.0,0.0,0.0,,84.0,70.0,81.0
USC00200230,"ANN ARBOR U OF MICH, MI US",2025-07-02,,,0.0,0.0,0.0,,87.0,57.0,82.0
USC00200230,"ANN ARBOR U OF MICH, MI US",2025-07-03,,,0.0,0.0,0.0,,84.0,64.0,81.0
USC00200230,"ANN ARBOR U OF MICH, MI US",2025-07-04,,,0.06,0.0,0.0,,89.0,57.0,80.0
USC00200230,"ANN ARBOR U OF MICH, MI US",2025-07-05,,,0.0,0.0,0.0,,92.0,64.0,88.0
USC00200230,"ANN ARBOR U OF MICH, MI US",2025-07-06,,,0.08,0.0,0.0,,92.0,65.0,81.0
USC00200230,"ANN ARBOR U OF MICH, MI US",2025-07-07,,,0.03,0.0,0.0,,81.0,66.0,71.0
USC00200230,"ANN ARBOR U OF MICH, MI US",2025-07-08,,,0.0,0.0,0.0,,85.0,52.0,81.0
USC00200230,"ANN ARBOR U OF MICH, MI US",2025-07-09,,,0.63,0.0,0.0,,81.0,67.0,79.0
USC00200230,"ANN ARBOR U OF MICH, MI US",2025-07-10,,,0.0,0.0,0.0,,84.0,59.0,82.0
USC00200230,"ANN ARBOR U OF MICH, MI US",2025-07-11,,,0.2,0.0,0.0,,85.0,61.0,83.0
USC00200230,"ANN ARBOR U OF MICH, MI US",2025-07-12,,,0.58,0.0,0.0,,88.0,66.0,84.0
USC00200230,"ANN ARBOR U OF MICH, MI US",2025-07-13,,,0.0,0.0,0.0,,87.0,68.0,84.0
USC00200230,"ANN ARBOR U OF MICH, MI US",2025-07-14,,,0.0,0.0,0.0,,84.0,61.0,82.0
USC00200230,"ANN ARBOR U OF MICH, MI US",2025-07-15,,,0.0,0.0,0.0,,87.0,58.0,84.0
USC00200230,"ANN ARBOR U OF MICH, MI US",2025-07-16,,,0.23,0.0,0.0,,87.0,66.0,77.0
USC00200230,"ANN ARBOR U OF MICH, MI US",2025-07-17,,,0.0,0.0,0.0,,77.0,67.0,72.0
USC00200230,"ANN ARBOR U OF MICH, MI US",2025-07-18,,,0.0,0.0,0.0,,77.0,52.0,76.0
USC00200230,"ANN ARBOR U OF MICH, MI US",2025-07-19,,,0.0,0.0,0.0,,81.0,55.0,79.0
USC00200230,"ANN ARBOR U OF MICH, MI US",2025-07-20,,,0.0,0.0,0.0,,79.0,68.0,75.0
USC00200230,"ANN ARBOR U OF MICH, MI US",2025-07-21,,,0.0,0.0,0.0,,80.0,53.0,77.0
USC00200230,"ANN ARBOR U OF MICH, MI US",2025-07-22,,,0.0,0.0,0.0,,82.0,49.0,79.0
USC00200230,"ANN ARBOR U OF MICH, MI US",2025-07-23,,,0.0,0.0,0.0,,87.0,51.0,85.0
USC00200230,"ANN ARBOR U OF MICH, MI US",2025-07-24,,,0.0,0.0,0.0,,95.0,65.0,92.0
USC00200230,"ANN ARBOR U OF MICH, MI US",2025-07-25,,,0.2,0.0,0.0,,92.0,69.0,81.0
USC00200230,"ANN ARBOR U OF MICH, MI US",2025-07-26,,,0.28,0.0,0.0,,81.0,69.0,79.0
USC00200230,"ANN ARBOR U OF MICH, MI US",2025-07-27,,,0.01,0.0,0.0,,89.0,72.0,88.0
USC00200230,"ANN ARBOR U OF MICH, MI US",2025-07-28,,,0.15,0.0,0.0,,91.0,65.0,72.0
USC00200230,"ANN ARBOR U OF MICH, MI US",2025-07-29,,,0.0,0.0,0.0,,88.0,65.0,84.0
USC00200230,"ANN ARBOR U OF MICH, MI US",2025-07-30,,,0.0,0.0,0.0,,87.0,66.0,74.0
USC00200230,"ANN ARBOR U OF MICH, MI US",2025-07-31,,,2.59,0.0,0.0,,74.0,58.0,74.0
USC00200230,"ANN ARBOR U OF MICH, MI US",2025-08-01,,,0.0,0.0,0.0,,77.0,51.0,76.0
USC00200230,"ANN ARBOR U OF MICH, MI US",2025-08-02,,,0.0,0.0,0.0,,77.0,47.0,75.0
USC00200230,"ANN ARBOR U OF MICH, MI US",2025-08-03,,,0.0,0.0,0.0,,80.0,50.0,77.0
USC00200230,"ANN ARBOR U OF MICH, MI US",2025-08-04,,,0.0,0.0,0.0,,82.0,52.0,79.0
USC00200230,"ANN ARBOR U OF MICH, MI US",2025-08-05,,,0.0,0.0,0.0,,83.0,56.0,80.0
USC00200230,"ANN ARBOR U OF MICH, MI US",2025-08-06,,,0.0,0.0,0.0,,86.0,59.0,82.0
USC00200230,"ANN ARBOR U OF MICH, MI US",2025-08-07,,,0.0,0.0,0.0,,87.0,61.0,83.0
USC00200230,"ANN ARBOR U OF MICH, MI US",2025-08-08,,,0.0,0.0,0.0,,88.0,61.0,86.0
USC00200230,"ANN ARBOR U OF MICH, MI US",2025-08-09,,,0.0,0.0,0.0,,89.0,64.0,86.0
USC00200230,"ANN ARBOR U OF MICH, MI US",2025-08-10,,,0.0,0.0,0.0,,91.0,64.0,86.0
USC00200230,"ANN ARBOR U OF MICH, MI US",2025-08-11,,,0.05,0.0,0.0,,89.0,65.0,84.0
USC00200230,"ANN ARBOR U OF MICH, MI US",2025-08-12,,,0.0,0.0,0.0,,91.0,67.0,86.0
USC00200230,"ANN ARBOR U OF MICH, MI US",2025-08-13,,,0.77,0.0,0.0,,86.0,66.0,80.0
USC00200230,"ANN ARBOR U OF MICH, MI US",2025-08-14,,,0.0,0.0,0.0,,84.0,59.0,83.0
USC00200230,"ANN ARBOR U OF MICH, MI US",2025-08-15,,,0.0,0.0,0.0,,86.0,59.0,82.0
USC00200230,"ANN ARBOR U OF MICH, MI US",2025-08-16,,,0.5,0.0,0.0,,91.0,63.0,73.0
USC00200230,"ANN ARBOR U OF MICH, MI US",2025-08-17,,,0.0,0.0,0.0,,83.0,69.0,78.0
USC00200230,"ANN ARBOR U OF MICH, MI US",2025-08-18,,,0.0,0.0,0.0,,81.0,52.0,76.0
USC00200230,"ANN ARBOR U OF MICH, MI US",2025-08-19,,,0.33,0.0,0.0,,77.0,59.0,76.0
USC00200230,"ANN ARBOR U OF MICH, MI US",2025-08-20,,,0.0,0.0,0.0,,76.0,63.0,68.0
USC00200230,"ANN ARBOR U OF MICH, MI US",2025-08-21,,,0.0,0.0,0.0,,75.0,63.0,74.0
USC00200230,"ANN ARBOR U OF MICH, MI US",2025-08-22,,,0.0,0.0,0.0,,81.0,53.0,78.0
USC00200230,"ANN ARBOR U OF MICH, MI US",2025-08-23,,,0.0,0.0,0.0,,79.0,60.0,76.0
USC00200230,"ANN ARBOR U OF MICH, MI US",2025-08-24,,,0.03,0.0,0.0,,77.0,53.0,70.0
USC00200230,"ANN ARBOR U OF MICH, MI US",2025-08-25,,,0.0,0.0,0.0,,70.0,52.0,65.0
USC00200230,"ANN ARBOR U OF MICH, MI US",2025-08-26,,,0.0,0.0,0.0,,70.0,45.0,66.0
USC00200230,"ANN ARBOR U OF MICH, MI US",2025-08-27,,,0.03,0.0,0.0,,74.0,42.0,72.0
USC00200230,"ANN ARBOR U OF MICH, MI US",2025-08-28,,,0.14,0.0,0.0,,73.0,45.0,67.0
USC00200230,"ANN ARBOR U OF MICH, MI US",2025-08-29,,,0.04,0.0,0.0,,67.0,42.0,64.0
USC00200230,"ANN ARBOR U OF MICH, MI US",2025-08-30,,,0.0,0.0,0.0,,72.0,40.0,70.0
USC00200230,"ANN ARBOR U OF MICH, MI US",2025-08-31,,,0.0,0.0,0.0,,75.0,42.0,75.0
USC00200230,"ANN ARBOR U OF MICH, MI US",2025-09-01,,,0.0,0.0,0.0,,79.0,44.0,75.0
USC00200230,"ANN ARBOR U OF MICH, MI US",2025-09-02,,,0.0,0.0,0.0,,81.0,46.0,75.0
USC00200230,"ANN ARBOR U OF MICH, MI US",2025-09-03,,,0.0,0.0,0.0,,81.0,47.0,67.0
USC00200230,"ANN ARBOR U OF MICH, MI US",2025-09-04,,,0.42,0.0,0.0,,67.0,50.0,65.0
USC00200230,"ANN ARBOR U OF MICH, MI US",2025-09-05,,,0.0,0.0,0.0,,72.0,41.0,65.0
USC00200230,"ANN ARBOR U OF MICH, MI US",2025-09-06,,,0.0,0.0,0.0,,65.0,45.0,61.0
USC00200230,"ANN ARBOR U OF MICH, MI US",2025-09-07,,,0.0,0.0,0.0,,69.0,38.0,67.0
USC00200230,"ANN ARBOR U OF MICH, MI US",2025-09-08,,,0.0,0.0,0.0,,70.0,38.0,67.0
USC00200230,"ANN ARBOR U OF MICH, MI US",2025-09-09,,,0.0,0.0,0.0,,76.0,39.0,72.0
USC00200230,"ANN ARBOR U OF MICH, MI US",2025-09-10,,,0.0,0.0,0.0,,78.0,44.0,76.0
USC00200230,"ANN ARBOR U OF MICH, MI US",2025-09-11,,,0.0,0.0,0.0,,79.0,45.0,77.0
USC00200230,"ANN ARBOR U OF MICH, MI US",2025-09-12,,,0.0,0.0,0.0,,80.0,46.0,73.0
USC00200230,"ANN ARBOR U OF MICH, MI US",2025-09-13,,,0.0,0.0,0.0,,78.0,48.0,75.0
USC00200230,"ANN ARBOR U OF MICH, MI US",2025-09-14,,,0.0,0.0,0.0,,82.0,47.0,79.0
USC00200230,"ANN ARBOR U OF MICH, MI US",2025-09-15,,,0.0,0.0,0.0,,84.0,50.0,79.0
USC00200230,"ANN ARBOR U OF MICH, MI US",2025-09-16,,,0.0,0.0,0.0,,83.0,46.0,78.0
USC00200230,"ANN ARBOR U OF MICH, MI US",2025-09-17,,,0.0,0.0,0.0,,83.0,48.0,77.0
USC00200230,"ANN ARBOR U OF MICH, MI US",2025-09-18,,,0.0,0.0,0.0,,86.0,49.0,79.0
USC00200230,"ANN ARBOR U OF MICH, MI US",2025-09-19,,,0.0,0.0,0.0,,82.0,56.0,78.0
USC00200230,"ANN ARBOR U OF MICH, MI US",2025-09-20,,,0.0,0.0,0.0,,81.0,53.0,76.0
USC00200230,"ANN ARBOR U OF MICH, MI US",2025-09-21,,,0.16,0.0,0.0,,76.0,56.0,73.0
USC00200230,"ANN ARBOR U OF MICH, MI US",2025-09-22,,,0.6,0.0,0.0,,74.0,60.0,73.0
USC00200230,"ANN ARBOR U OF MICH, MI US",2025-09-23,,,0.04,0.0,0.0,,73.0,57.0,70.0
USC00200230,"ANN ARBOR U OF MICH, MI US",2025-09-24,,,0.4,0.0,0.0,,75.0,62.0,71.0
USC00200230,"ANN ARBOR U OF MICH, MI US",2025-09-25,,,0.0,0.0,0.0,,74.0,57.0,72.0
USC00200230,"ANN ARBOR U OF MICH, MI US",2025-09-26,,,0.05,0.0,0.0,,78.0,52.0,75.0
USC00200230,"ANN ARBOR U OF MICH, MI US",2025-09-27,,,0.0,0.0,0.0,,84.0,50.0,80.0
USC00200230,"ANN ARBOR U OF MICH, MI US",2025-09-28,,,0.0,0.0,0.0,,80.0,53.0,78.0
USC00200230,"ANN ARBOR U OF MICH, MI US",2025-09-29,,,0.0,0.0,0.0,,82.0,47.0,78.0
USC00200230,"ANN ARBOR U OF MICH, MI US",2025-09-30,,,0.0,0.0,0.0,,80.0,46.0,77.0
USC00200230,"ANN ARBOR U OF MICH, MI US",2025-10-01,,,0.0,0.0,0.0,,77.0,48.0,67.0
USC00200230,"ANN ARBOR U OF MICH, MI US",2025-10-02,,,0.0,0.0,0.0,,77.0,41.0,72.0
USC00200230,"ANN ARBOR U OF MICH, MI US",2025-10-03,,,0.0,0.0,0.0,,85.0,42.0,77.0
USC00200230,"ANN ARBOR U OF MICH, MI US",2025-10-04,,,0.0,0.0,0.0,,88.0,50.0,83.0
USC00200230,"ANN ARBOR U OF MICH, MI US",2025-10-05,,,0.0,0.0,0.0,,85.0,52.0,80.0
USC00200230,"ANN ARBOR U OF MICH, MI US",2025-10-06,,,0.0,0.0,0.0,,84.0,50.0,80.0
USC00200230,"ANN ARBOR U OF MICH, MI US",2025-10-07,,,0.29,0.0,0.0,,80.0,52.0,52.0
USC00200230,"ANN ARBOR U OF MICH, MI US",2025-10-08,,,0.0,0.0,0.0,,60.0,40.0,56.0
USC00200230,"ANN ARBOR U OF MICH, MI US",2025-10-09,,,0.0,0.0,0.0,,61.0,31.0,57.0
USC00200230,"ANN ARBOR U OF MICH, MI US",2025-10-10,,,0.0,0.0,0.0,,67.0,31.0,64.0
USC00200230,"ANN ARBOR U OF MICH, MI US",2025-10-11,,,0.0,0.0,0.0,,64.0,40.0,60.0
USC00200230,"ANN ARBOR U OF MICH, MI US",2025-10-12,,,0.0,0.0,0.0,,70.0,37.0,67.0
USC00200230,"ANN ARBOR U OF MICH, MI US",2025-10-13,,,0.0,0.0,0.0,,74.0,43.0,69.0
USC00200230,"ANN ARBOR U OF MICH, MI US",2025-10-14,,,0.0,0.0,0.0,,73.0,41.0,67.0
USC00200230,"ANN ARBOR U OF MICH, MI US",2025-10-15,,,0.02,0.0,0.0,,67.0,49.0,59.0
USC00200230,"ANN ARBOR U OF MICH, MI US",2025-10-16,,,0.0,0.0,0.0,,65.0,33.0,59.0
USC00200230,"ANN ARBOR U OF MICH, MI US",2025-10-17,,,0.0,0.0,0.0,,67.0,35.0,64.0
USC00200230,"ANN ARBOR U OF MICH, MI US",2025-10-18,,,0.0,0.0,0.0,,82.0,52.0,76.0
USC00200230,"ANN ARBOR U OF MICH, MI US",2025-10-19,,,1.15,0.0,0.0,,76.0,50.0,50.0
USC00200230,"ANN ARBOR U OF MICH, MI US",2025-10-20,,,0.13,0.0,0.0,,62.0,38.0,58.0
USC00200230,"ANN ARBOR U OF MICH, MI US",2025-10-21,,,0.27,0.0,0.0,,62.0,38.0,48.0
USC00200230,"ANN ARBOR U OF MICH, MI US",2025-10-22,,,0.19,0.0,0.0,,50.0,42.0,48.0
USC00200230,"ANN ARBOR U OF MICH, MI US",2025-10-23,,,0.08,0.0,0.0,,52.0,40.0,44.0
USC00200230,"ANN ARBOR U OF MICH, MI US",2025-10-24,,,0.01,0.0,0.0,,50.0,38.0,47.0
USC00200230,"ANN ARBOR U OF MICH, MI US",2025-10-25,,,0.0,0.0,0.0,,56.0,29.0,53.0
USC00200230,"ANN ARBOR U OF MICH, MI US",2025-10-26,,,0.0,0.0,0.0,,55.0,28.0,52.0
USC00200230,"ANN ARBOR U OF MICH, MI US",2025-10-27,,,0.0,0.0,0.0,,58.0,27.0,53.0
USC00200230,"ANN ARBOR U OF MICH, MI US",2025-10-28,,,0.0,0.0,0.0,,58.0,34.0,53.0
USC00200230,"ANN ARBOR U OF MICH, MI US",2025-10-29,,,0.0,0.0,0.0,,57.0,34.0,53.0
USC00200230,"ANN ARBOR U OF MICH, MI US",2025-10-30,,,0.01,0.0,0.0,,53.0,41.0,50.0
USC00200230,"ANN ARBOR U OF MICH, MI US",2025-10-31,,,0.0,0.0,0.0,,53.0,32.0,50.0
USC00200230,"ANN ARBOR U OF MICH, MI US",2025-11-01,,,0.0,0.0,0.0,,53.0,33.0,48.0
USC00200230,"ANN ARBOR U OF MICH, MI US",2025-11-02,,,0.0,0.0,0.0,,56.0,25.0,48.0
USC00200230,"ANN ARBOR U OF MICH, MI US",2025-11-03,,,0.01,0.0,0.0,,58.0,35.0,52.0
USC00200230,"ANN ARBOR U OF MICH, MI US",2025-11-04,,,0.0,0.0,0.0,,60.0,31.0,52.0
USC00200230,"ANN ARBOR U OF MICH, MI US",2025-11-05,,,0.0,0.0,0.0,,57.0,40.0,49.0
USC00200230,"ANN ARBOR U OF MICH, MI US",2025-11-06,,,0.0,0.0,0.0,,54.0,24.0,42.0
USC00200230,"ANN ARBOR U OF MICH, MI US",2025-11-07,,,0.28,0.0,0.0,,57.0,39.0,52.0
USC00200230,"ANN ARBOR U OF MICH, MI US",2025-11-08,,,0.03,0.0,0.0,,52.0,36.0,39.0
USC00200230,"ANN ARBOR U OF MICH, MI US",2025-11-09,,,0.49,3.2,2.0,,39.0,31.0,31.0
USC00200230,"ANN ARBOR U OF MICH, MI US",2025-11-10,,,0.01,0.1,1.0,,31.0,21.0,25.0
USC00200230,"ANN ARBOR U OF MICH, MI US",2025-11-11,,,0.0,0.0,0.0,,35.0,20.0,31.0
USC00200230,"ANN ARBOR U OF MICH, MI US",2025-11-12,,,0.0,0.0,0.0,,50.0,30.0,44.0
USC00200230,"ANN ARBOR U OF MICH, MI US",2025-11-13,,,0.0,0.0,0.0,,51.0,24.0,40.0
USC00200230,"ANN ARBOR U OF MICH, MI US",2025-11-14,,,0.0,0.0,0.0,,60.0,26.0,46.0
USC00200230,"ANN ARBOR U OF MICH, MI US",2025-11-15,,,0.0,0.0,0.0,,65.0,33.0,60.0
USC00200230,"ANN ARBOR U OF MICH, MI US",2025-11-16,,,0.0,0.0,0.0,,60.0,37.0,41.0
USC00200230,"ANN ARBOR U OF MICH, MI US",2025-11-17,,,0.0,0.0,0.0,,44.0,27.0,34.0
USC00200230,"ANN ARBOR U OF MICH, MI US",2025-11-18,,,0.09,0.1,0.0,,39.0,20.0,36.0
USC00200230,"ANN ARBOR U OF MICH, MI US",2025-11-19,,,0.0,0.0,0.0,,47.0,28.0,38.0
USC00200230,"ANN ARBOR U OF MICH, MI US",2025-11-20,,,0.0,0.0,0.0,,44.0,26.0,43.0
USC00200230,"ANN ARBOR U OF MICH, MI US",2025-11-21,,,0.0,0.0,0.0,,51.0,42.0,42.0
USC00200230,"ANN ARBOR U OF MICH, MI US",2025-11-22,,,0.0,0.0,0.0,,44.0,28.0,35.0
USC00200230,"ANN ARBOR U OF MICH, MI US",2025-11-23,,,0.0,0.0,0.0,,53.0,29.0,47.0
USC00200230,"ANN ARBOR U OF MICH, MI US",2025-11-24,,,0.0,0.0,0.0,,49.0,21.0,40.0
USC00200230,"ANN ARBOR U OF MICH, MI US",2025-11-25,,,0.32,0.0,0.0,,49.0,37.0,47.0
USC00200230,"ANN ARBOR U OF MICH, MI US",2025-11-26,,,0.04,0.0,0.0,,50.0,32.0,32.0
USC00200230,"ANN ARBOR U OF MICH, MI US",2025-11-27,,,0.04,1.1,0.0,,34.0,29.0,29.0
USC00200230,"ANN ARBOR U OF MICH, MI US",2025-11-28,,,0.0,0.0,0.0,,32.0,24.0,30.0
USC00200230,"ANN ARBOR U OF MICH, MI US",2025-11-29,,,0.05,0.5,1.0,,30.0,23.0,27.0
USC00200230,"ANN ARBOR U OF MICH, MI US",2025-11-30,,,0.53,5.5,5.0,,34.0,27.0,30.0
USC00200230,"ANN ARBOR U OF MICH, MI US",2025-12-01,,,0.0,0.1,5.0,,31.0,7.0,27.0
USC00200230,"ANN ARBOR U OF MICH, MI US",2025-12-02,,,0.06,0.8,5.0,,31.0,15.0,23.0
USC00200230,"ANN ARBOR U OF MICH, MI US",2025-12-03,,,0.02,0.3,4.0,,24.0,15.0,23.0
USC00200230,"ANN ARBOR U OF MICH, MI US",2025-12-04,,,0.02,0.4,5.0,,28.0,12.0,12.0
USC00200230,"ANN ARBOR U OF MICH, MI US",2025-12-05,,,0.0,0.0,4.0,,28.0,-6.0,22.0
USC00200230,"ANN ARBOR U OF MICH, MI US",2025-12-06,,,0.0,0.0,4.0,,33.0,22.0,30.0
USC00200230,"ANN ARBOR U OF MICH, MI US",2025-12-07,,,0.13,1.9,6.0,,30.0,24.0,24.0
USC00200230,"ANN ARBOR U OF MICH, MI US",2025-12-08,,,0.0,0.0,6.0,,27.0,3.0,16.0
USC00200230,"ANN ARBOR U OF MICH, MI US",2025-12-09,,,0.1,1.1,6.0,,32.0,0.0,32.0
USC00200230,"ANN ARBOR U OF MICH, MI US",2025-12-10,,,0.79,2.9,6.0,,36.0,29.0,29.0
USC00200230,"ANN ARBOR U OF MICH, MI US",2025-12-11,,,0.01,0.2,6.0,,29.0,21.0,22.0
USC00200230,"ANN ARBOR U OF MICH, MI US",2025-12-12,,,0.0,0.0,6.0,,31.0,18.0,21.0
USC00200230,"ANN ARBOR U OF MICH, MI US",2025-12-13,,,0.0,0.1,6.0,,28.0,16.0,16.0
USC00200230,"ANN ARBOR U OF MICH, MI US",2025-12-14,,,0.01,0.1,6.0,,18.0,3.0,17.0
USC00200230,"ANN ARBOR U OF MICH, MI US",2025-12-15,,,0.02,0.3,6.0,,17.0,14.0,16.0
USC00200230,"ANN ARBOR U OF MICH, MI US",2025-12-16,,,0.0,0.0,6.0,,32.0,13.0,29.0
USC00200230,"ANN ARBOR U OF MICH, MI US",2025-12-17,,,0.0,0.0,4.0,,43.0,27.0,35.0
USC00200230,"ANN ARBOR U OF MICH, MI US",2025-12-18,,,0.18,0.0,2.0,,51.0,23.0,51.0
USC00200230,"ANN ARBOR U OF MICH, MI US",2025-12-19,,,0.16,0.6,0.0,,52.0,19.0,20.0
USC00200230,"ANN ARBOR U OF MICH, MI US",2025-12-20,,,0.0,0.0,0.0,,39.0,19.0,39.0
USC00200230,"ANN ARBOR U OF MICH, MI US",2025-12-21,,,0.0,0.0,0.0,,39.0,17.0,28.0
USC00200230,"ANN ARBOR U OF MICH, MI US",2025-12-22,,,0.0,0.0,0.0,,34.0,13.0,34.0
USC00200230,"ANN ARBOR U OF MICH, MI US",2025-12-23,,,0.02,0.0,0.0,,52.0,32.0,47.0
USC00200230,"ANN ARBOR U OF MICH, MI US",2025-12-24,,,0.0,0.0,0.0,,47.0,24.0,33.0
USC00200230,"ANN ARBOR U OF MICH, MI US",2025-12-25,,,0.0,0.0,0.0,,41.0,29.0,34.0
USC00200230,"ANN ARBOR U OF MICH, MI US",2025-12-26,,,0.46,0.0,0.0,,34.0,27.0,32.0
USC00200230,"ANN ARBOR U OF MICH, MI US",2025-12-27,,,0.0,0.0,0.0,,33.0,30.0,30.0
USC00200230,"ANN ARBOR U OF MICH, MI US",2025-12-28,,,1.0,0.0,0.0,,42.0,29.0,42.0
USC00200230,"ANN ARBOR U OF MICH, MI US",2025-12-29,,,0.26,2.8,2.0,,60.0,21.0,24.0
USC00200230,"ANN ARBOR U OF MICH, MI US",2025-12-30,,,0.05,1.1,2.0,,25.0,19.0,23.0
USC00200230,"ANN ARBOR U OF MICH, MI US",2025-12-31,,,0.13,1.6,3.0,,28.0,12.0,25.0
USC00200230,"ANN ARBOR U OF MICH, MI US",2026-01-01,,,0.08,2.0,4.0,,25.0,7.0,19.0
USC00200230,"ANN ARBOR U OF MICH, MI US",2026-01-02,,,0.06,2.1,5.0,,23.0,18.0,18.0
USC00200230,"ANN ARBOR U OF MICH, MI US",2026-01-03,,,0.0,0.1,4.0,,24.0,7.0,24.0
USC00200230,"ANN ARBOR U OF MICH, MI US",2026-01-04,,,0.02,0.3,4.0,,28.0,23.0,25.0
USC00200230,"ANN ARBOR U OF MICH, MI US",2026-01-05,,,0.0,0.0,3.0,,38.0,25.0,31.0
USC00200230,"ANN ARBOR U OF MICH, MI US",2026-01-06,,,0.15,0.0,2.0,,36.0,26.0,35.0
USC00200230,"ANN ARBOR U OF MICH, MI US",2026-01-07,,,0.0,0.0,0.0,,40.0,34.0,39.0
USC00200230,"ANN ARBOR U OF MICH, MI US",2026-01-08,,,0.0,0.0,0.0,,52.0,30.0,47.0
USC00200230,"ANN ARBOR U OF MICH, MI US",2026-01-09,,,0.21,0.0,0.0,,60.0,40.0,40.0
USC00200230,"ANN ARBOR U OF MICH, MI US",2026-01-10,,,0.15,0.9,1.0,,40.0,27.0,33.0
USC00200230,"ANN ARBOR U OF MICH, MI US",2026-01-11,,,0.01,0.2,1.0,,33.0,24.0,29.0
USC00200230,"ANN ARBOR U OF MICH, MI US",2026-01-12,,,0.0,0.0,0.0,,37.0,24.0,33.0
USC00200230,"ANN ARBOR U OF MICH, MI US",2026-01-13,,,0.02,0.0,0.0,,44.0,25.0,41.0
USC00200230,"ANN ARBOR U OF MICH, MI US",2026-01-14,,,0.19,3.5,3.0,,41.0,18.0,18.0
USC00200230,"ANN ARBOR U OF MICH, MI US",2026-01-15,,,0.23,3.1,6.0,,20.0,9.0,15.0
USC00200230,"ANN ARBOR U OF MICH, MI US",2026-01-16,,,0.05,0.6,5.0,,27.0,5.0,27.0
USC00200230,"ANN ARBOR U OF MICH, MI US",2026-01-17,,,0.03,0.4,4.0,,32.0,17.0,17.0
USC00200230,"ANN ARBOR U OF MICH, MI US",2026-01-18,,,0.02,0.5,4.0,,21.0,10.0,15.0
USC00200230,"ANN ARBOR U OF MICH, MI US",2026-01-19,,,0.08,1.3,4.0,,17.0,11.0,11.0
USC00200230,"ANN ARBOR U OF MICH, MI US",2026-01-20,,,0.0,0.1,4.0,,17.0,-2.0,12.0
USC00200230,"ANN ARBOR U OF MICH, MI US",2026-01-21,,,0.24,2.9,6.0,,31.0,-1.0,30.0
USC00200230,"ANN ARBOR U OF MICH, MI US",2026-01-22,,,0.03,0.7,6.0,,30.0,18.0,18.0
USC00200230,"ANN ARBOR U OF MICH, MI US",2026-01-23,,,0.02,0.3,6.0,,18.0,-1.0,-1.0
USC00200230,"ANN ARBOR U OF MICH, MI US",2026-01-24,,,0.0,0.0,5.0,,7.0,-18.0,5.0
USC00200230,"ANN ARBOR U OF MICH, MI US",2026-01-25,,,0.33,3.1,8.0,,14.0,4.0,13.0
USC00200230,"ANN ARBOR U OF MICH, MI US",2026-01-26,,,0.04,0.6,8.0,,19.0,10.0,14.0
USC00200230,"ANN ARBOR U OF MICH, MI US",2026-01-27,,,0.05,1.0,8.0,,18.0,-1.0,11.0
USC00200230,"ANN ARBOR U OF MICH, MI US",2026-01-28,,,0.01,0.2,8.0,,17.0,-7.0,13.0
USC00200230,"ANN ARBOR U OF MICH, MI US",2026-01-29,,,0.01,0.2,8.0,,15.0,-2.0,13.0
USC00200230,"ANN ARBOR U OF MICH, MI US",2026-01-30,,,0.0,0.0,7.0,,17.0,-5.0,11.0
USC00200230,"ANN ARBOR U OF MICH, MI US",2026-01-31,,,0.0,0.0,7.0,,17.0,1.0,15.0
USC00200230,"ANN ARBOR U OF MICH, MI US",2026-02-01,,,0.0,0.0,7.0,,29.0,-6.0,22.0
USC00200230,"ANN ARBOR U OF MICH, MI US",2026-02-02,,,0.03,0.8,7.0,,23.0,-4.0,22.0
USC00200230,"ANN ARBOR U OF MICH, MI US",2026-02-03,,,0.03,1.0,8.0,,27.0,22.0,22.0
USC00200230,"ANN ARBOR U OF MICH, MI US",2026-02-04,,,0.0,0.0,7.0,,22.0,5.0,18.0
USC00200230,"ANN ARBOR U OF MICH, MI US",2026-02-05,,,0.02,0.3,7.0,,23.0,-4.0,20.0
USC00200230,"ANN ARBOR U OF MICH, MI US",2026-02-06,,,0.13,1.7,9.0,,32.0,18.0,26.0
USC00200230,"ANN ARBOR U OF MICH, MI US",2026-02-07,,,0.0,0.0,8.0,,26.0,9.0,17.0
USC00200230,"ANN ARBOR U OF MICH, MI US",2026-02-08,,,0.0,0.0,7.0,,23.0,-3.0,17.0
USC00200230,"ANN ARBOR U OF MICH, MI US",2026-02-09,,,0.0,0.0,7.0,,28.0,-3.0,24.0
USC00200230,"ANN ARBOR U OF MICH, MI US",2026-02-10,,,0.0,0.0,6.0,,47.0,17.0,39.0
USC00200230,"ANN ARBOR U OF MICH, MI US",2026-02-11,,,0.0,0.0,5.0,,39.0,29.0,29.0
USC00200230,"ANN ARBOR U OF MICH, MI US",2026-02-12,,,0.0,0.0,5.0,,32.0,20.0,28.0
USC00200230,"ANN ARBOR U OF MICH, MI US",2026-02-13,,,0.0,0.0,5.0,,40.0,5.0,35.0
USC00200230,"ANN ARBOR U OF MICH, MI US",2026-02-14,,,0.0,0.0,3.0,,53.0,20.0,41.0
USC00200230,"ANN ARBOR U OF MICH, MI US",2026-02-15,,,0.0,0.0,2.0,,51.0,21.0,43.0
USC00200230,"ANN ARBOR U OF MICH, MI US",2026-02-16,,,0.0,0.0,1.0,,51.0,22.0,44.0
USC00200230,"ANN ARBOR U OF MICH, MI US",2026-02-17,,,0.0,0.0,0.0,,56.0,32.0,48.0
USC00200230,"ANN ARBOR U OF MICH, MI US",2026-02-18,,,0.12,0.0,0.0,,64.0,36.0,59.0
USC00200230,"ANN ARBOR U OF MICH, MI US",2026-02-19,,,0.64,0.0,0.0,,59.0,32.0,36.0
USC00200230,"ANN ARBOR U OF MICH, MI US",2026-02-20,,,0.05,0.0,0.0,,41.0,32.0,32.0
USC00200230,"ANN ARBOR U OF MICH, MI US",2026-02-21,,,0.0,0.0,0.0,,33.0,31.0,31.0
USC00200230,"ANN ARBOR U OF MICH, MI US",2026-02-22,,,0.15,2.3,2.0,,31.0,26.0,29.0
USC00200230,"ANN ARBOR U OF MICH, MI US",2026-02-23,,,0.02,0.4,1.0,,29.0,21.0,24.0
USC00200230,"ANN ARBOR U OF MICH, MI US",2026-02-24,,,0.0,0.0,0.0,,33.0,13.0,31.0
USC00200230,"ANN ARBOR U OF MICH, MI US",2026-02-25,,,0.07,1.0,0.0,,35.0,25.0,25.0
USC00200230,"ANN ARBOR U OF MICH, MI US",2026-02-26,,,0.0,0.0,0.0,,34.0,8.0,32.0
USC00200230,"ANN ARBOR U OF MICH, MI US",2026-02-27,,,0.0,0.0,0.0,,56.0,19.0,52.0
USC00200230,"ANN ARBOR U OF MICH, MI US",2026-02-28,,,0.01,0.0,0.0,,52.0,34.0,34.0
USC00200230,"ANN ARBOR U OF MICH, MI US",2026-03-01,,,0.09,1.1,0.0,,34.0,15.0,27.0
USC00200230,"ANN ARBOR U OF MICH, MI US",2026-03-02,,,0.0,0.0,0.0,,36.0,10.0,31.0
USC00200230,"ANN ARBOR U OF MICH, MI US",2026-03-03,,,0.0,0.0,0.0,,38.0,17.0,36.0
USC00200230,"ANN ARBOR U OF MICH, MI US",2026-03-04,,,0.0,0.0,0.0,,49.0,22.0,43.0
USC00200230,"ANN ARBOR U OF MICH, MI US",2026-03-05,,,0.71,0.0,0.0,,44.0,35.0,42.0
USC00200230,"ANN ARBOR U OF MICH, MI US",2026-03-06,,,0.05,0.0,0.0,,47.0,35.0,46.0
USC00200230,"ANN ARBOR U OF MICH, MI US",2026-03-07,,,1.62,0.0,0.0,,65.0,46.0,62.0
USC00200230,"ANN ARBOR U OF MICH, MI US",2026-03-08,,,0.01,0.0,0.0,,62.0,38.0,58.0
USC00200230,"ANN ARBOR U OF MICH, MI US",2026-03-09,,,0.0,0.0,0.0,,71.0,40.0,70.0
USC00200230,"ANN ARBOR U OF MICH, MI US",2026-03-10,,,0.0,0.0,0.0,,76.0,53.0,70.0
USC00200230,"ANN ARBOR U OF MICH, MI US",2026-03-11,,,0.8,0.0,0.0,,70.0,41.0,41.0
USC00200230,"ANN ARBOR U OF MICH, MI US",2026-03-12,,,0.01,0.0,0.0,,42.0,24.0,41.0
USC00200230,"ANN ARBOR U OF MICH, MI US",2026-03-13,,,0.09,0.3,0.0,,50.0,24.0,38.0
USC00200230,"ANN ARBOR U OF MICH, MI US",2026-03-14,,,0.0,0.0,0.0,,40.0,25.0,39.0
USC00200230,"ANN ARBOR U OF MICH, MI US",2026-03-15,,,0.0,0.0,0.0,,69.0,32.0,68.0
USC00200230,"ANN ARBOR U OF MICH, MI US",2026-03-16,,,0.57,0.2,0.0,,70.0,28.0,29.0
USC00200230,"ANN ARBOR U OF MICH, MI US",2026-03-17,,,0.02,0.3,0.0,,29.0,16.0,23.0
USC00200230,"ANN ARBOR U OF MICH, MI US",2026-03-18,,,0.0,0.0,0.0,,31.0,11.0,31.0
USC00200230,"ANN ARBOR U OF MICH, MI US",2026-03-19,,,0.0,0.0,0.0,,55.0,27.0,53.0
USC00200230,"ANN ARBOR U OF MICH, MI US",2026-03-20,,,0.0,0.0,0.0,,73.0,31.0,65.0
USC00200230,"ANN ARBOR U OF MICH, MI US",2026-03-21,,,0.0,0.0,0.0,,65.0,34.0,44.0
USC00200230,"ANN ARBOR U OF MICH, MI US",2026-03-22,,,0.06,0.0,0.0,,58.0,33.0,39.0
USC00200230,"ANN ARBOR U OF MICH, MI US",2026-03-23,,,0.08,0.1,0.0,,39.0,30.0,35.0
USC00200230,"ANN ARBOR U OF MICH, MI US",2026-03-24,,,0.0,0.0,0.0,,44.0,15.0,43.0
USC00200230,"ANN ARBOR U OF MICH, MI US",2026-03-25,,,0.0,0.0,0.0,,63.0,27.0,62.0
USC00200230,"ANN ARBOR U OF MICH, MI US",2026-03-26,,,0.27,0.0,0.0,,69.0,42.0,48.0
USC00200230,"ANN ARBOR U OF MICH, MI US",2026-03-27,,,0.16,0.0,0.0,,48.0,27.0,37.0
USC00200230,"ANN ARBOR U OF MICH, MI US",2026-03-28,,,0.0,0.0,0.0,,43.0,21.0,42.0
USC00200230,"ANN ARBOR U OF MICH, MI US",2026-03-29,,,0.0,0.0,0.0,,55.0,26.0,55.0
USC00200230,"ANN ARBOR U OF MICH, MI US",2026-03-30,,,0.0,0.0,0.0,,73.0,37.0,72.0
USC00200230,"ANN ARBOR U OF MICH, MI US",2026-03-31,,,0.12,0.0,0.0,,75.0,62.0,66.0
USC00200230,"ANN ARBOR U OF MICH, MI US",2026-04-01,,,0.03,0.0,0.0,,66.0,35.0,39.0
USC00200230,"ANN ARBOR U OF MICH, MI US",2026-04-02,,,0.24,0.0,0.0,,51.0,33.0,51.0
USC00200230,"ANN ARBOR U OF MICH, MI US",2026-04-03,,,0.31,0.0,0.0,,69.0,51.0,63.0
USC00200230,"ANN ARBOR U OF MICH, MI US",2026-04-04,,,1.07,0.0,0.0,,64.0,38.0,58.0
USC00200230,"ANN ARBOR U OF MICH, MI US",2026-04-05,,,0.01,0.0,0.0,,58.0,38.0,41.0
USC00200230,"ANN ARBOR U OF MICH, MI US",2026-04-06,,,0.02,0.0,0.0,,51.0,28.0,45.0
USC00200230,"ANN ARBOR U OF MICH, MI US",2026-04-07,,,0.02,0.0,0.0,,45.0,20.0,37.0
USC00200230,"ANN ARBOR U OF MICH, MI US",2026-04-08,,,0.0,0.0,0.0,,56.0,21.0,56.0
USC00200230,"ANN ARBOR U OF MICH, MI US",2026-04-09,,,0.03,0.0,0.0,,69.0,37.0,68.0
USC00200230,"ANN ARBOR U OF MICH, MI US",2026-04-10,,,0.23,0.0,0.0,,68.0,40.0,49.0
USC00200230,"ANN ARBOR U OF MICH, MI US",2026-04-11,,,0.0,0.0,0.0,,56.0,31.0,56.0
USC00200230,"ANN ARBOR U OF MICH, MI US",2026-04-12,,,0.03,0.0,0.0,,81.0,39.0,79.0
USC00200230,"ANN ARBOR U OF MICH, MI US",2026-04-13,,,0.04,0.0,0.0,,81.0,60.0,79.0
USC00200230,"ANN ARBOR U OF MICH, MI US",2026-04-14,,,0.06,0.0,0.0,,82.0,59.0,80.0
USC00200230,"ANN ARBOR U OF MICH, MI US",2026-04-15,,,1.13,0.0,0.0,,80.0,59.0,67.0
USC00200230,"ANN ARBOR U OF MICH, MI US",2026-04-16,,,0.4,0.0,0.0,,67.0,59.0,65.0
USC00200230,"ANN ARBOR U OF MICH, MI US",2026-04-17,,,0.13,0.0,0.0,,70.0,46.0,69.0
USC00200230,"ANN ARBOR U OF MICH, MI US",2026-04-18,,,0.4,0.0,0.0,,69.0,48.0,48.0
USC00200230,"ANN ARBOR U OF MICH, MI US",2026-04-19,,,0.0,0.0,0.0,,51.0,32.0,47.0
USC00200230,"ANN ARBOR U OF MICH, MI US",2026-04-20,,,0.0,0.0,0.0,,48.0,25.0,47.0
USC00200230,"ANN ARBOR U OF MICH, MI US",2026-04-21,,,0.0,0.0,0.0,,72.0,30.0,69.0
USC00200230,"ANN ARBOR U OF MICH, MI US",2026-04-22,,,0.0,0.0,0.0,,78.0,41.0,76.0
USC00200230,"ANN ARBOR U OF MICH, MI US",2026-04-23,,,0.0,0.0,0.0,,81.0,44.0,79.0
USC00200230,"ANN ARBOR U OF MICH, MI US",2026-04-24,,,0.09,0.0,0.0,,80.0,46.0,64.0
USC00200230,"ANN ARBOR U OF MICH, MI US",2026-04-25,,,0.1,0.0,0.0,,64.0,49.0,51.0
USC00200230,"ANN ARBOR U OF MICH, MI US",2026-04-26,,,0.0,0.0,0.0,,63.0,38.0,61.0
USC00200230,"ANN ARBOR U OF MICH, MI US",2026-04-27,,,0.0,0.0,0.0,,67.0,37.0,64.0
USC00200230,"ANN ARBOR U OF MICH, MI US",2026-04-28,,,0.18,0.0,0.0,,64.0,57.0,62.0
USC00200230,"ANN ARBOR U OF MICH, MI US",2026-04-29,,,0.08,0.0,0.0,,62.0,44.0,49.0
USC00200230,"ANN ARBOR U OF MICH, MI US",2026-04-30,,,0.32,0.0,0.0,,54.0,39.0,51.0
USC00200230,"ANN ARBOR U OF MICH, MI US",2026-05-01,,,0.01,0.0,0.0,,51.0,40.0,46.0
USC00200230,"ANN ARBOR U OF MICH, MI US",2026-05-02,,,0.0,0.0,0.0,,48.0,31.0,47.0
USC00200230,"ANN ARBOR U OF MICH, MI US",2026-05-03,,,0.0,0.0,0.0,,64.0,26.0,62.0
USC00200230,"ANN ARBOR U OF MICH, MI US",2026-05-04,,,0.0,0.0,0.0,,76.0,45.0,75.0
USC00200230,"ANN ARBOR U OF MICH, MI US",2026-05-05,,,0.22,0.0,0.0,,75.0,50.0,54.0
USC00200230,"ANN ARBOR U OF MICH, MI US",2026-05-06,,,0.0,0.0,0.0,,55.0,43.0,53.0
USC00200230,"ANN ARBOR U OF MICH, MI US",2026-05-07,,,0.0,0.0,0.0,,56.0,33.0,55.0
USC00200230,"ANN ARBOR U OF MICH, MI US",2026-05-08,,,0.0,0.0,0.0,,66.0,36.0,63.0
USC00200230,"ANN ARBOR U OF MICH, MI US",2026-05-09,,,0.0,0.0,0.0,,71.0,40.0,69.0
USC00200230,"ANN ARBOR U OF MICH, MI US",2026-05-10,,,0.0,0.0,0.0,,69.0,35.0,59.0
USC00200230,"ANN ARBOR U OF MICH, MI US",2026-05-11,,,0.0,0.0,0.0,,59.0,31.0,58.0
USC00200230,"ANN ARBOR U OF MICH, MI US",2026-05-12,,,0.0,0.0,0.0,,60.0,29.0,59.0
USC00200230,"ANN ARBOR U OF MICH, MI US",2026-05-13,,,0.22,0.0,0.0,,59.0,45.0,46.0
USC00200230,"ANN ARBOR U OF MICH, MI US",2026-05-14,,,0.0,0.0,0.0,,66.0,43.0,64.0
USC00200230,"ANN ARBOR U OF MICH, MI US",2026-05-15,,,0.0,0.0,0.0,,71.0,35.0,70.0
USC00200230,"ANN ARBOR U OF MICH, MI US",2026-05-16,,,0.02,0.0,0.0,,81.0,48.0,80.0
USC00200230,"ANN ARBOR U OF MICH, MI US",2026-05-17,,,0.0,0.0,0.0,,86.0,55.0,83.0
USC00200230,"ANN ARBOR U OF MICH, MI US",2026-05-18,,,0.63,0.0,0.0,,88.0,60.0,68.0
USC00200230,"ANN ARBOR U OF MICH, MI US",2026-05-19,,,0.58,0.0,0.0,,86.0,63.0,79.0
USC00200230,"ANN ARBOR U OF MICH, MI US",2026-05-20,,,0.0,0.0,0.0,,81.0,52.0,62.0
USC00200230,"ANN ARBOR U OF MICH, MI US",2026-05-21,,,0.0,0.0,0.0,,66.0,35.0,62.0
USC00200230,"ANN ARBOR U OF MICH, MI US",2026-05-22,,,0.0,0.0,0.0,,67.0,40.0,61.0
USC00200230,"ANN ARBOR U OF MICH, MI US",2026-05-23,,,0.4,0.0,0.0,,61.0,52.0,55.0
USC00200230,"ANN ARBOR U OF MICH, MI US",2026-05-24,,,0.15,0.0,0.0,,69.0,53.0,62.0
USC00200230,"ANN ARBOR U OF MICH, MI US",2026-05-25,,,0.0,0.0,0.0,,79.0,54.0,76.0
USC00200230,"ANN ARBOR U OF MICH, MI US",2026-05-26,,,0.0,0.0,0.0,,82.0,46.0,80.0
USC00200230,"ANN ARBOR U OF MICH, MI US",2026-05-27,,,0.0,0.0,0.0,,82.0,53.0,79.0
USC00200230,"ANN ARBOR U OF MICH, MI US",2026-05-28,,,0.0,0.0,0.0,,79.0,49.0,70.0
USC00200230,"ANN ARBOR U OF MICH, MI US",2026-05-29,,,0.0,0.0,0.0,,81.0,39.0,79.0
USC00200230,"ANN ARBOR U OF MICH, MI US",2026-05-30,,,0.0,0.0,0.0,,79.0,50.0,69.0
USC00200230,"ANN ARBOR U OF MICH, MI US",2026-05-31,,,0.0,0.0,0.0,,77.0,39.0,73.0
USC00200230,"ANN ARBOR U OF MICH, MI US",2026-06-01,,,0.0,0.0,0.0,,79.0,43.0,71.0
USC00200230,"ANN ARBOR U OF MICH, MI US",2026-06-02,,,0.0,0.0,0.0,,77.0,40.0,76.0
USC00200230,"ANN ARBOR U OF MICH, MI US",2026-06-03,,,0.0,0.0,0.0,,83.0,52.0,80.0
USC00200230,"ANN ARBOR U OF MICH, MI US",2026-06-04,,,0.0,0.0,0.0,,86.0,46.0,
USC00200230,"ANN ARBOR U OF MICH, MI US",2026-06-05,,,0.0,0.0,0.0,,83.0,51.0,77.0
USC00200230,"ANN ARBOR U OF MICH, MI US",2026-06-06,,,0.19,0.0,0.0,,84.0,66.0,81.0
USC00200230,"ANN ARBOR U OF MICH, MI US",2026-06-07,,,0.0,0.0,0.0,,83.0,53.0,80.0
USC00200230,"ANN ARBOR U OF MICH, MI US",2026-06-08,,,0.0,0.0,0.0,,86.0,49.0,83.0
USC00200230,"ANN ARBOR U OF MICH, MI US",2026-06-09,,,0.72,0.0,0.0,,85.0,63.0,76.0
USC00200230,"ANN ARBOR U OF MICH, MI US",2026-06-10,,,0.0,0.0,0.0,,91.0,69.0,
USC00200230,"ANN ARBOR U OF MICH, MI US",2026-06-11,,,0.0,0.0,0.0,,87.0,67.0,85.0
USC00200230,"ANN ARBOR U OF MICH, MI US",2026-06-12,,,0.66,0.0,0.0,,85.0,63.0,76.0
USC00200230,"ANN ARBOR U OF MICH, MI US",2026-06-13,,,0.0,0.0,0.0,,84.0,53.0,82.0
USC00200230,"ANN ARBOR U OF MICH, MI US",2026-06-14,,,1.12,0.0,0.0,,82.0,67.0,67.0
USC00200230,"ANN ARBOR U OF MICH, MI US",2026-06-15,,,0.02,0.0,0.0,,73.0,48.0,71.0
USC00200230,"ANN ARBOR U OF MICH, MI US",2026-06-16,,,0.06,0.0,0.0,,75.0,48.0,71.0
USC00200230,"ANN ARBOR U OF MICH, MI US",2026-06-17,,,0.07,0.0,0.0,,71.0,53.0,62.0
USC00200230,"ANN ARBOR U OF MICH, MI US",2026-06-18,,,0.3,0.0,0.0,,69.0,57.0,67.0
USC00200230,"ANN ARBOR U OF MICH, MI US",2026-06-19,,,0.0,0.0,0.0,,74.0,52.0,72.0
USC00200230,"ANN ARBOR U OF MICH, MI US",2026-06-20,,,0.0,0.0,0.0,,75.0,51.0,72.0
USC00200230,"ANN ARBOR U OF MICH, MI US",2026-06-21,,,0.0,0.0,0.0,,75.0,50.0,70.0
USC00200230,"ANN ARBOR U OF MICH, MI US",2026-06-22,,,0.63,0.0,0.0,,76.0,56.0,74.0
USC00200230,"ANN ARBOR U OF MICH, MI US",2026-06-23,,,0.0,0.0,0.0,,76.0,48.0,72.0
USC00200230,"ANN ARBOR U OF MICH, MI US",2026-06-24,,,0.01,0.0,0.0,,76.0,46.0,67.0
USC00200230,"ANN ARBOR U OF MICH, MI US",2026-06-25,,,0.37,0.0,0.0,,81.0,59.0,77.0
USC00200230,"ANN ARBOR U OF MICH, MI US",2026-06-26,,,0.0,0.0,0.0,,77.0,51.0,69.0
USC00200230,"ANN ARBOR U OF MICH, MI US",2026-06-27,,,0.0,0.0,0.0,,80.0,53.0,77.0
USC00200230,"ANN ARBOR U OF MICH, MI US",2026-06-28,,,0.0,0.0,0.0,,84.0,55.0,81.0
USC00200230,"ANN ARBOR U OF MICH, MI US",2026-06-29,,,0.0,0.0,0.0,,89.0,61.0,86.0
USC00200230,"ANN ARBOR U OF MICH, MI US",2026-06-30,,,0.0,0.0,0.0,,93.0,67.0,90.0
USC00200230,"ANN ARBOR U OF MICH, MI US",2026-07-01,,,0.0,0.0,0.0,,95.0,76.0,93.0
USC00200230,"ANN ARBOR U OF MICH, MI US",2026-07-02,,,0.0,0.0,0.0,,94.0,71.0,91.0
USC00200230,"ANN ARBOR U OF MICH, MI US",2026-07-03,,,0.25,0.0,0.0,,93.0,70.0,70.0
USC00200230,"ANN ARBOR U OF MICH, MI US",2026-07-04,,,,0.0,0.0,,86.0,67.0,82.0
USC00200230,"ANN ARBOR U OF MICH, MI US",2026-07-05,,,0.77,0.0,0.0,,82.0,69.0,80.0
USC00200230,"ANN ARBOR U OF MICH, MI US",2026-07-06,,,0.06,0.0,0.0,,81.0,66.0,78.0
USC00200230,"ANN ARBOR U OF MICH, MI US",2026-07-07,,,0.0,0.0,0.0,,85.0,59.0,83.0
USC00200230,"ANN ARBOR U OF MICH, MI US",2026-07-08,,,0.0,0.0,0.0,,87.0,62.0,85.0
USC00200230,"ANN ARBOR U OF MICH, MI US",2026-07-09,,,0.15,0.0,0.0,,85.0,63.0,80.0
USC00200230,"ANN ARBOR U OF MICH, MI US",2026-07-10,,,0.0,0.0,0.0,,84.0,66.0,77.0
USC00200230,"ANN ARBOR U OF MICH, MI US",2026-07-11,,,0.04,0.0,0.0,,84.0,60.0,81.0
USC00200230,"ANN ARBOR U OF MICH, MI US",2026-07-12,,,0.0,0.0,0.0,,86.0,56.0,83.0
USC00200230,"ANN ARBOR U OF MICH, MI US",2026-07-13,,,0.0,0.0,0.0,,89.0,57.0,86.0
