STATION,NAME,DATE,DAPR,MDPR,PRCP,SNOW,SNWD,TAVG,TMAX,TMIN,TOBS
US1MIWS0007,"ANN ARBOR 3.1 SE, MI US",2016-01-01,,,0.0,0.0,0.0,,,,
US1MIWS0007,"ANN ARBOR 3.1 SE, MI US",2016-01-02,,,0.0,0.0,0.0,,,,
US1MIWS0007,"ANN ARBOR 3.1 SE, MI US",2016-01-03,,,0.0,0.0,0.0,,,,
US1MIWS0007,"ANN ARBOR 3.1 SE, MI US",2016-01-04,,,0.0,0.0,0.0,,,,
US1MIWS0007,"ANN ARBOR 3.1 SE, MI US",2016-01-05,,,0.03,0.1,0.0,,,,
US1MIWS0007,"ANN ARBOR 3.1 SE, MI US",2016-01-06,,,0.0,0.0,0.0,,,,
US1MIWS0007,"ANN ARBOR 3.1 SE, MI US",2016-01-07,,,0.0,0.0,0.0,,,,
US1MIWS0007,"ANN ARBOR 3.1 SE, MI US",2016-01-09,,,0.39,0.0,0.0,,,,
US1MIWS0007,"ANN ARBOR 3.1 SE, MI US",2016-01-10,,,0.21,0.0,0.0,,,,
US1MIWS0007,"ANN ARBOR 3.1 SE, MI US",2016-01-11,,,0.15,1.2,1.0,,,,
US1MIWS0007,"ANN ARBOR 3.1 SE, MI US",2016-01-12,,,0.19,1.7,3.0,,,,
US1MIWS0007,"ANN ARBOR 3.1 SE, MI US",2016-01-13,,,0.01,0.4,2.5,,,,
US1MIWS0007,"ANN ARBOR 3.1 SE, MI US",2016-01-14,,,0.04,0.6,3.0,,,,
US1MIWS0007,"ANN ARBOR 3.1 SE, MI US",2016-01-15,,,0.0,0.0,2.5,,,,
US1MIWS0007,"ANN ARBOR 3.1 SE, MI US",2016-01-16,,,0.21,0.0,1.0,,,,
US1MIWS0007,"ANN ARBOR 3.1 SE, MI US",2016-01-17,,,0.0,0.0,0.5,,,,
US1MIWS0007,"ANN ARBOR 3.1 SE, MI US",2016-01-18,,,0.0,0.0,0.5,,,,
US1MIWS0007,"ANN ARBOR 3.1 SE, MI US",2016-01-19,,,0.0,0.0,0.5,,,,
US1MIWS0007,"ANN ARBOR 3.1 SE, MI US",2016-01-20,,,0.0,0.0,0.5,,,,
US1MIWS0007,"ANN ARBOR 3.1 SE, MI US",2016-01-21,,,0.0,0.0,0.5,,,,
US1MIWS0007,"ANN ARBOR 3.1 SE, MI US",2016-01-22,,,0.0,0.0,0.5,,,,
US1MIWS0007,"ANN ARBOR 3.1 SE, MI US",2016-01-23,,,0.0,0.0,0.5,,,,
US1MIWS0007,"ANN ARBOR 3.1 SE, MI US",2016-01-24,,,0.0,0.0,0.5,,,,
US1MIWS0007,"ANN ARBOR 3.1 SE, MI US",2016-01-25,,,0.0,0.0,0.0,,,,
US1MIWS0007,"ANN ARBOR 3.1 SE, MI US",2016-01-26,,,0.05,0.0,0.0,,,,
US1MIWS0007,"ANN ARBOR 3.1 SE, MI US",2016-01-27,,,0.0,0.3,0.5,,,,
US1MIWS0007,"ANN ARBOR 3.1 SE, MI US",2016-01-28,,,0.0,0.0,0.0,,,,
US1MIWS0007,"ANN ARBOR 3.1 SE, MI US",2016-01-29,,,0.0,0.0,0.0,,,,
US1MIWS0007,"ANN ARBOR 3.1 SE, MI US",2016-01-30,,,0.0,0.0,0.0,,,,
US1MIWS0007,"ANN ARBOR 3.1 SE, MI US",2016-01-31,,,0.0,0.0,0.0,,,,
US1MIWS0007,"ANN ARBOR 3.1 SE, MI US",2016-02-01,,,0.2,0.0,0.0,,,,
US1MIWS0007,"ANN ARBOR 3.1 SE, MI US",2016-02-02,,,0.0,0.0,0.0,,,,
US1MIWS0007,"ANN ARBOR 3.1 SE, MI US",2016-02-03,,,0.38,0.0,0.0,,,,
US1MIWS0007,"ANN ARBOR 3.1 SE, MI US",2016-02-04,,,0.0,0.0,0.0,,,,
US1MIWS0007,"ANN ARBOR 3.1 SE, MI US",2016-02-05,,,0.0,0.0,0.0,,,,
US1MIWS0007,"ANN ARBOR 3.1 SE, MI US",2016-02-06,,,0.0,0.0,0.0,,,,
US1MIWS0007,"ANN ARBOR 3.1 SE, MI US",2016-02-07,,,0.0,0.0,0.0,,,,
US1MIWS0007,"ANN ARBOR 3.1 SE, MI US",2016-02-09,,,0.05,0.6,0.5,,,,
US1MIWS0007,"ANN ARBOR 3.1 SE, MI US",2016-02-10,,,0.02,0.0,0.5,,,,
US1MIWS0007,"ANN ARBOR 3.1 SE, MI US",2016-02-11,,,0.0,0.0,0.5,,,,
US1MIWS0007,"ANN ARBOR 3.1 SE, MI US",2016-02-12,,,0.0,0.0,0.5,,,,
US1MIWS0007,"ANN ARBOR 3.1 SE, MI US",2016-02-13,,,0.0,0.2,0.5,,,,
US1MIWS0007,"ANN ARBOR 3.1 SE, MI US",2016-02-14,,,0.0,0.0,0.5,,,,
US1MIWS0007,"ANN ARBOR 3.1 SE, MI US",2016-02-15,,,0.01,0.3,0.5,,,,
US1MIWS0007,"ANN ARBOR 3.1 SE, MI US",2016-02-16,,,0.0,0.2,0.5,,,,
US1MIWS0007,"ANN ARBOR 3.1 SE, MI US",2016-02-17,,,0.03,0.7,0.5,,,,
US1MIWS0007,"ANN ARBOR 3.1 SE, MI US",2016-02-18,,,0.0,0.0,0.5,,,,
US1MIWS0007,"ANN ARBOR 3.1 SE, MI US",2016-02-19,,,0.0,0.0,0.5,,,,
US1MIWS0007,"ANN ARBOR 3.1 SE, MI US",2016-02-20,,,0.0,0.0,0.0,,,,
US1MIWS0007,"ANN ARBOR 3.1 SE, MI US",2016-02-21,,,0.0,0.0,0.0,,,,
US1MIWS0007,"ANN ARBOR 3.1 SE, MI US",2016-02-22,,,0.0,0.0,0.0,,,,
US1MIWS0007,"ANN ARBOR 3.1 SE, MI US",2016-02-23,,,0.0,0.0,0.0,,,,
US1MIWS0007,"ANN ARBOR 3.1 SE, MI US",2016-02-24,,,0.0,0.0,0.0,,,,
US1MIWS0007,"ANN ARBOR 3.1 SE, MI US",2016-02-25,,,1.37,6.7,6.6,,,,
US1MIWS0007,"ANN ARBOR 3.1 SE, MI US",2016-02-26,,,0.05,0.0,6.5,,,,
US1MIWS0007,"ANN ARBOR 3.1 SE, MI US",2016-02-27,,,0.0,0.0,6.5,,,,
US1MIWS0007,"ANN ARBOR 3.1 SE, MI US",2016-02-28,,,0.0,0.0,5.5,,,,
US1MIWS0007,"ANN ARBOR 3.1 SE, MI US",2016-02-29,,,0.17,0.0,0.0,,,,
US1MIWS0007,"ANN ARBOR 3.1 SE, MI US",2016-03-01,,,0.01,0.3,0.5,,,,
US1MIWS0007,"ANN ARBOR 3.1 SE, MI US",2016-03-02,,,0.23,2.7,2.5,,,,
US1MIWS0007,"ANN ARBOR 3.1 SE, MI US",2016-03-03,,,0.0,0.0,2.0,,,,
US1MIWS0007,"ANN ARBOR 3.1 SE, MI US",2016-03-04,,,0.17,1.7,3.0,,,,
US1MIWS0007,"ANN ARBOR 3.1 SE, MI US",2016-03-05,,,0.09,1.3,2.5,,,,
US1MIWS0007,"ANN ARBOR 3.1 SE, MI US",2016-03-06,,,0.05,0.0,2.0,,,,
US1MIWS0007,"ANN ARBOR 3.1 SE, MI US",2016-03-07,,,0.0,0.0,1.5,,,,
US1MIWS0007,"ANN ARBOR 3.1 SE, MI US",2016-03-08,,,0.0,0.0,0.0,,,,
US1MIWS0007,"ANN ARBOR 3.1 SE, MI US",2016-03-09,,,0.0,0.0,0.0,,,,
US1MIWS0007,"ANN ARBOR 3.1 SE, MI US",2016-03-10,,,0.02,0.0,0.0,,,,
US1MIWS0007,"ANN ARBOR 3.1 SE, MI US",2016-03-11,,,0.02,0.0,0.0,,,,
US1MIWS0007,"ANN ARBOR 3.1 SE, MI US",2016-03-12,,,0.0,0.0,0.0,,,,
US1MIWS0007,"ANN ARBOR 3.1 SE, MI US",2016-03-13,,,0.0,0.0,0.0,,,,
US1MIWS0007,"ANN ARBOR 3.1 SE, MI US",2016-03-14,,,0.82,0.0,0.0,,,,
US1MIWS0007,"ANN ARBOR 3.1 SE, MI US",2016-03-15,,,0.01,0.0,0.0,,,,
US1MIWS0007,"ANN ARBOR 3.1 SE, MI US",2016-03-16,,,0.06,0.0,0.0,,,,
US1MIWS0007,"ANN ARBOR 3.1 SE, MI US",2016-03-17,,,0.0,0.0,0.0,,,,
US1MIWS0007,"ANN ARBOR 3.1 SE, MI US",2016-03-18,,,0.0,0.0,0.0,,,,
US1MIWS0007,"ANN ARBOR 3.1 SE, MI US",2016-03-19,,,0.0,0.0,0.0,,,,
US1MIWS0007,"ANN ARBOR 3.1 SE, MI US",2016-03-20,,,0.0,0.0,0.0,,,,
US1MIWS0007,"ANN ARBOR 3.1 SE, MI US",2016-03-21,,,0.0,0.0,0.0,,,,
US1MIWS0007,"ANN ARBOR 3.1 SE, MI US",2016-03-22,,,0.0,0.0,0.0,,,,
US1MIWS0007,"ANN ARBOR 3.1 SE, MI US",2016-03-23,,,0.0,0.0,0.0,,,,
US1MIWS0007,"ANN ARBOR 3.1 SE, MI US",2016-03-24,,,0.29,0.0,0.0,,,,
US1MIWS0007,"ANN ARBOR 3.1 SE, MI US",2016-03-25,,,0.96,0.0,0.0,,,,
US1MIWS0007,"ANN ARBOR 3.1 SE, MI US",2016-03-26,,,0.0,0.0,0.0,,,,
US1MIWS0007,"ANN ARBOR 3.1 SE, MI US",2016-03-27,,,0.0,0.0,0.0,,,,
US1MIWS0007,"ANN ARBOR 3.1 SE, MI US",2016-03-28,,,0.63,0.0,0.0,,,,
US1MIWS0007,"ANN ARBOR 3.1 SE, MI US",2016-03-29,,,0.0,0.0,0.0,,,,
US1MIWS0007,"ANN ARBOR 3.1 SE, MI US",2016-03-30,,,0.0,0.0,0.0,,,,
US1MIWS0007,"ANN ARBOR 3.1 SE, MI US",2016-03-31,,,0.28,0.0,0.0,,,,
US1MIWS0007,"ANN ARBOR 3.1 SE, MI US",2016-04-01,,,,0.0,0.0,,,,
US1MIWS0007,"ANN ARBOR 3.1 SE, MI US",2016-04-02,,,0.04,0.0,0.0,,,,
US1MIWS0007,"ANN ARBOR 3.1 SE, MI US",2016-04-03,,,0.03,0.3,0.5,,,,
US1MIWS0007,"ANN ARBOR 3.1 SE, MI US",2016-04-04,,,0.03,0.0,0.0,,,,
US1MIWS0007,"ANN ARBOR 3.1 SE, MI US",2016-04-05,,,0.0,0.0,0.0,,,,
US1MIWS0007,"ANN ARBOR 3.1 SE, MI US",2016-04-07,2.0,0.16,,,0.0,,,,
US1MIWS0007,"ANN ARBOR 3.1 SE, MI US",2016-04-08,,,0.05,0.0,0.0,,,,
US1MIWS0007,"ANN ARBOR 3.1 SE, MI US",2016-04-09,,,0.03,0.3,0.5,,,,
US1MIWS0007,"ANN ARBOR 3.1 SE, MI US",2016-04-10,,,0.0,0.0,0.0,,,,
US1MIWS0007,"ANN ARBOR 3.1 SE, MI US",2016-04-11,,,0.66,0.0,0.0,,,,
US1MIWS0007,"ANN ARBOR 3.1 SE, MI US",2016-04-12,,,0.0,0.0,0.0,,,,
US1MIWS0007,"ANN ARBOR 3.1 SE, MI US",2016-04-13,,,0.0,0.0,0.0,,,,
US1MIWS0007,"ANN ARBOR 3.1 SE, MI US",2016-04-14,,,0.0,0.0,0.0,,,,
US1MIWS0007,"ANN ARBOR 3.1 SE, MI US",2016-04-15,,,0.0,0.0,0.0,,,,
US1MIWS0007,"ANN ARBOR 3.1 SE, MI US",2016-04-16,,,0.0,0.0,0.0,,,,
US1MIWS0007,"ANN ARBOR 3.1 SE, MI US",2016-04-17,,,0.0,0.0,0.0,,,,
US1MIWS0007,"ANN ARBOR 3.1 SE, MI US",2016-04-18,,,0.0,0.0,0.0,,,,
US1MIWS0007,"ANN ARBOR 3.1 SE, MI US",2016-04-19,,,0.0,0.0,0.0,,,,
US1MIWS0007,"ANN ARBOR 3.1 SE, MI US",2016-04-20,,,0.0,0.0,0.0,,,,
US1MIWS0007,"ANN ARBOR 3.1 SE, MI US",2016-04-21,,,0.02,0.0,0.0,,,,
US1MIWS0007,"ANN ARBOR 3.1 SE, MI US",2016-04-22,,,0.36,0.0,0.0,,,,
US1MIWS0007,"ANN ARBOR 3.1 SE, MI US",2016-04-23,,,0.03,0.0,0.0,,,,
US1MIWS0007,"ANN ARBOR 3.1 SE, MI US",2016-04-24,,,0.0,0.0,0.0,,,,
US1MIWS0007,"ANN ARBOR 3.1 SE, MI US",2016-04-25,,,0.0,0.0,0.0,,,,
US1MIWS0007,"ANN ARBOR 3.1 SE, MI US",2016-04-26,,,0.38,0.0,0.0,,,,
US1MIWS0007,"ANN ARBOR 3.1 SE, MI US",2016-04-27,,,0.03,0.0,0.0,,,,
US1MIWS0007,"ANN ARBOR 3.1 SE, MI US",2016-04-28,,,0.0,0.0,0.0,,,,
US1MIWS0007,"ANN ARBOR 3.1 SE, MI US",2016-04-29,,,0.12,0.0,0.0,,,,
US1MIWS0007,"ANN ARBOR 3.1 SE, MI US",2016-04-30,,,0.0,0.0,0.0,,,,
US1MIWS0007,"ANN ARBOR 3.1 SE, MI US",2016-05-01,,,0.81,0.0,0.0,,,,
US1MIWS0007,"ANN ARBOR 3.1 SE, MI US",2016-05-02,,,0.23,0.0,0.0,,,,
US1MIWS0007,"ANN ARBOR 3.1 SE, MI US",2016-05-03,,,0.05,0.0,0.0,,,,
US1MIWS0007,"ANN ARBOR 3.1 SE, MI US",2016-05-04,,,0.0,0.0,0.0,,,,
US1MIWS0007,"ANN ARBOR 3.1 SE, MI US",2016-05-05,,,0.4,0.0,0.0,,,,
US1MIWS0007,"ANN ARBOR 3.1 SE, MI US",2016-05-06,,,0.0,0.0,0.0,,,,
US1MIWS0007,"ANN ARBOR 3.1 SE, MI US",2016-05-07,,,0.0,0.0,0.0,,,,
US1MIWS0007,"ANN ARBOR 3.1 SE, MI US",2016-05-08,,,0.0,0.0,0.0,,,,
US1MIWS0007,"ANN ARBOR 3.1 SE, MI US",2016-05-09,,,0.0,0.0,0.0,,,,
US1MIWS0007,"ANN ARBOR 3.1 SE, MI US",2016-05-10,,,0.02,0.0,0.0,,,,
US1MIWS0007,"ANN ARBOR 3.1 SE, MI US",2016-05-11,,,0.22,0.0,0.0,,,,
US1MIWS0007,"ANN ARBOR 3.1 SE, MI US",2016-05-12,,,0.02,0.0,0.0,,,,
US1MIWS0007,"ANN ARBOR 3.1 SE, MI US",2016-05-13,,,0.37,0.0,0.0,,,,
US1MIWS0007,"ANN ARBOR 3.1 SE, MI US",2016-05-14,,,0.31,0.0,0.0,,,,
US1MIWS0007,"ANN ARBOR 3.1 SE, MI US",2016-05-15,,,0.04,0.0,0.0,,,,
US1MIWS0007,"ANN ARBOR 3.1 SE, MI US",2016-05-16,,,0.0,0.0,0.0,,,,
US1MIWS0007,"ANN ARBOR 3.1 SE, MI US",2016-05-17,,,0.03,0.0,0.0,,,,
US1MIWS0007,"ANN ARBOR 3.1 SE, MI US",2016-05-18,,,0.01,0.0,0.0,,,,
US1MIWS0007,"ANN ARBOR 3.1 SE, MI US",2016-05-19,,,0.0,0.0,0.0,,,,
US1MIWS0007,"ANN ARBOR 3.1 SE, MI US",2016-05-20,,,0.0,0.0,0.0,,,,
US1MIWS0007,"ANN ARBOR 3.1 SE, MI US",2016-05-21,,,0.0,0.0,0.0,,,,
US1MIWS0007,"ANN ARBOR 3.1 SE, MI US",2016-05-22,,,0.0,0.0,0.0,,,,
US1MIWS0007,"ANN ARBOR 3.1 SE, MI US",2016-05-23,,,0.0,0.0,0.0,,,,
US1MIWS0007,"ANN ARBOR 3.1 SE, MI US",2016-05-24,,,0.0,0.0,0.0,,,,
US1MIWS0007,"ANN ARBOR 3.1 SE, MI US",2016-05-25,,,0.0,0.0,0.0,,,,
US1MIWS0007,"ANN ARBOR 3.1 SE, MI US",2016-05-26,,,0.0,0.0,0.0,,,,
US1MIWS0007,"ANN ARBOR 3.1 SE, MI US",2016-05-27,,,0.0,0.0,0.0,,,,
US1MIWS0007,"ANN ARBOR 3.1 SE, MI US",2016-05-28,,,0.0,0.0,0.0,,,,
US1MIWS0007,"ANN ARBOR 3.1 SE, MI US",2016-05-29,,,0.0,0.0,0.0,,,,
US1MIWS0007,"ANN ARBOR 3.1 SE, MI US",2016-05-30,,,0.04,0.0,0.0,,,,
US1MIWS0007,"ANN ARBOR 3.1 SE, MI US",2016-05-31,,,0.0,0.0,0.0,,,,
US1MIWS0007,"ANN ARBOR 3.1 SE, MI US",2016-06-01,,,0.0,0.0,0.0,,,,
US1MIWS0007,"ANN ARBOR 3.1 SE, MI US",2016-06-02,,,0.32,0.0,0.0,,,,
US1MIWS0007,"ANN ARBOR 3.1 SE, MI US",2016-06-03,,,0.0,0.0,0.0,,,,
US1MIWS0007,"ANN ARBOR 3.1 SE, MI US",2016-06-04,,,0.0,0.0,0.0,,,,
US1MIWS0007,"ANN ARBOR 3.1 SE, MI US",2016-06-05,,,0.92,0.0,0.0,,,,
US1MIWS0007,"ANN ARBOR 3.1 SE, MI US",2016-06-06,,,0.09,0.0,0.0,,,,
US1MIWS0007,"ANN ARBOR 3.1 SE, MI US",2016-06-07,,,0.0,0.0,0.0,,,,
US1MIWS0007,"ANN ARBOR 3.1 SE, MI US",2016-06-08,,,0.0,0.0,0.0,,,,
US1MIWS0007,"ANN ARBOR 3.1 SE, MI US",2016-06-09,,,0.0,0.0,0.0,,,,
US1MIWS0007,"ANN ARBOR 3.1 SE, MI US",2016-06-10,,,0.0,0.0,0.0,,,,
US1MIWS0007,"ANN ARBOR 3.1 SE, MI US",2016-06-11,,,0.0,0.0,0.0,,,,
US1MIWS0007,"ANN ARBOR 3.1 SE, MI US",2016-06-12,,,0.0,0.0,0.0,,,,
US1MIWS0007,"ANN ARBOR 3.1 SE, MI US",2016-06-13,,,0.0,0.0,0.0,,,,
US1MIWS0007,"ANN ARBOR 3.1 SE, MI US",2016-06-14,,,0.0,0.0,0.0,,,,
US1MIWS0007,"ANN ARBOR 3.1 SE, MI US",2016-06-15,,,0.0,0.0,0.0,,,,
US1MIWS0007,"ANN ARBOR 3.1 SE, MI US",2016-06-16,,,0.46,0.0,0.0,,,,
US1MIWS0007,"ANN ARBOR 3.1 SE, MI US",2016-06-17,,,0.1,0.0,0.0,,,,
US1MIWS0007,"ANN ARBOR 3.1 SE, MI US",2016-06-18,,,0.0,0.0,0.0,,,,
US1MIWS0007,"ANN ARBOR 3.1 SE, MI US",2016-06-22,,,0.0,0.0,0.0,,,,
US1MIWS0007,"ANN ARBOR 3.1 SE, MI US",2016-06-23,,,0.0,0.0,0.0,,,,
US1MIWS0007,"ANN ARBOR 3.1 SE, MI US",2016-06-24,,,0.02,0.0,0.0,,,,
US1MIWS0007,"ANN ARBOR 3.1 SE, MI US",2016-06-25,,,0.0,0.0,0.0,,,,
US1MIWS0007,"ANN ARBOR 3.1 SE, MI US",2016-06-26,,,0.0,0.0,0.0,,,,
US1MIWS0007,"ANN ARBOR 3.1 SE, MI US",2016-06-27,,,0.05,0.0,0.0,,,,
US1MIWS0007,"ANN ARBOR 3.1 SE, MI US",2016-06-28,,,0.0,0.0,0.0,,,,
US1MIWS0007,"ANN ARBOR 3.1 SE, MI US",2016-06-29,,,0.0,0.0,0.0,,,,
US1MIWS0007,"ANN ARBOR 3.1 SE, MI US",2016-06-30,,,0.0,0.0,0.0,,,,
US1MIWS0007,"ANN ARBOR 3.1 SE, MI US",2016-07-01,,,0.13,0.0,0.0,,,,
US1MIWS0007,"ANN ARBOR 3.1 SE, MI US",2016-07-02,,,0.03,0.0,0.0,,,,
US1MIWS0007,"ANN ARBOR 3.1 SE, MI US",2016-07-03,,,0.0,0.0,0.0,,,,
US1MIWS0007,"ANN ARBOR 3.1 SE, MI US",2016-07-04,,,0.0,0.0,0.0,,,,
US1MIWS0007,"ANN ARBOR 3.1 SE, MI US",2016-07-05,,,0.0,0.0,0.0,,,,
US1MIWS0007,"ANN ARBOR 3.1 SE, MI US",2016-07-07,,,0.0,0.0,0.0,,,,
US1MIWS0007,"ANN ARBOR 3.1 SE, MI US",2016-07-08,,,0.11,0.0,0.0,,,,
US1MIWS0007,"ANN ARBOR 3.1 SE, MI US",2016-07-09,,,0.05,0.0,0.0,,,,
US1MIWS0007,"ANN ARBOR 3.1 SE, MI US",2016-07-10,,,0.0,0.0,0.0,,,,
US1MIWS0007,"ANN ARBOR 3.1 SE, MI US",2016-07-11,,,0.0,0.0,0.0,,,,
US1MIWS0007,"ANN ARBOR 3.1 SE, MI US",2016-07-12,,,0.0,0.0,0.0,,,,
US1MIWS0007,"ANN ARBOR 3.1 SE, MI US",2016-07-13,,,0.53,0.0,0.0,,,,
US1MIWS0007,"ANN ARBOR 3.1 SE, MI US",2016-07-21,8.0,0.19,,,0.0,,,,
US1MIWS0007,"ANN ARBOR 3.1 SE, MI US",2016-07-22,,,0.0,0.0,0.0,,,,
US1MIWS0007,"ANN ARBOR 3.1 SE, MI US",2016-07-23,,,0.0,0.0,0.0,,,,
US1MIWS0007,"ANN ARBOR 3.1 SE, MI US",2016-07-24,,,0.0,0.0,0.0,,,,
US1MIWS0007,"ANN ARBOR 3.1 SE, MI US",2016-07-25,,,0.15,0.0,0.0,,,,
US1MIWS0007,"ANN ARBOR 3.1 SE, MI US",2016-07-26,,,0.0,0.0,0.0,,,,
US1MIWS0007,"ANN ARBOR 3.1 SE, MI US",2016-07-27,,,0.0,0.0,0.0,,,,
US1MIWS0007,"ANN ARBOR 3.1 SE, MI US",2016-07-28,,,0.0,0.0,0.0,,,,
US1MIWS0007,"ANN ARBOR 3.1 SE, MI US",2016-07-29,,,0.0,0.0,0.0,,,,
US1MIWS0007,"ANN ARBOR 3.1 SE, MI US",2016-07-30,,,0.03,0.0,0.0,,,,
US1MIWS0007,"ANN ARBOR 3.1 SE, MI US",2016-07-31,,,1.81,0.0,0.0,,,,
US1MIWS0007,"ANN ARBOR 3.1 SE, MI US",2016-08-01,,,0.0,0.0,0.0,,,,
US1MIWS0007,"ANN ARBOR 3.1 SE, MI US",2016-08-02,,,0.0,0.0,0.0,,,,
US1MIWS0007,"ANN ARBOR 3.1 SE, MI US",2016-08-03,,,0.0,0.0,0.0,,,,
US1MIWS0007,"ANN ARBOR 3.1 SE, MI US",2016-08-04,,,0.0,0.0,0.0,,,,
US1MIWS0007,"ANN ARBOR 3.1 SE, MI US",2016-08-05,,,0.0,0.0,0.0,,,,
US1MIWS0007,"ANN ARBOR 3.1 SE, MI US",2016-08-06,,,0.0,0.0,0.0,,,,
US1MIWS0007,"ANN ARBOR 3.1 SE, MI US",2016-08-07,,,0.0,0.0,0.0,,,,
US1MIWS0007,"ANN ARBOR 3.1 SE, MI US",2016-08-09,,,0.0,0.0,0.0,,,,
US1MIWS0007,"ANN ARBOR 3.1 SE, MI US",2016-08-10,,,0.0,0.0,0.0,,,,
US1MIWS0007,"ANN ARBOR 3.1 SE, MI US",2016-08-11,,,0.0,0.0,0.0,,,,
US1MIWS0007,"ANN ARBOR 3.1 SE, MI US",2016-08-12,,,0.0,0.0,0.0,,,,
US1MIWS0007,"ANN ARBOR 3.1 SE, MI US",2016-08-13,,,0.19,0.0,0.0,,,,
US1MIWS0007,"ANN ARBOR 3.1 SE, MI US",2016-08-14,,,0.61,0.0,0.0,,,,
US1MIWS0007,"ANN ARBOR 3.1 SE, MI US",2016-08-15,,,0.41,0.0,0.0,,,,
US1MIWS0007,"ANN ARBOR 3.1 SE, MI US",2016-08-16,,,1.66,0.0,0.0,,,,
US1MIWS0007,"ANN ARBOR 3.1 SE, MI US",2016-08-17,,,0.06,0.0,0.0,,,,
US1MIWS0007,"ANN ARBOR 3.1 SE, MI US",2016-08-18,,,0.0,0.0,0.0,,,,
US1MIWS0007,"ANN ARBOR 3.1 SE, MI US",2016-08-19,,,0.0,0.0,0.0,,,,
US1MIWS0007,"ANN ARBOR 3.1 SE, MI US",2016-08-20,,,0.0,0.0,0.0,,,,
US1MIWS0007,"ANN ARBOR 3.1 SE, MI US",2016-08-21,,,0.09,0.0,0.0,,,,
US1MIWS0007,"ANN ARBOR 3.1 SE, MI US",2016-08-22,,,0.04,0.0,0.0,,,,
US1MIWS0007,"ANN ARBOR 3.1 SE, MI US",2016-08-23,,,0.0,0.0,0.0,,,,
US1MIWS0007,"ANN ARBOR 3.1 SE, MI US",2016-08-24,,,0.0,0.0,0.0,,,,
US1MIWS0007,"ANN ARBOR 3.1 SE, MI US",2016-08-25,,,0.15,0.0,0.0,,,,
US1MIWS0007,"ANN ARBOR 3.1 SE, MI US",2016-08-26,,,0.0,0.0,0.0,,,,
US1MIWS0007,"ANN ARBOR 3.1 SE, MI US",2016-08-27,,,0.0,0.0,0.0,,,,
US1MIWS0007,"ANN ARBOR 3.1 SE, MI US",2016-08-28,,,0.46,0.0,0.0,,,,
US1MIWS0007,"ANN ARBOR 3.1 SE, MI US",2016-08-29,,,0.0,0.0,0.0,,,,
US1MIWS0007,"ANN ARBOR 3.1 SE, MI US",2016-08-30,,,0.0,0.0,0.0,,,,
US1MIWS0007,"ANN ARBOR 3.1 SE, MI US",2016-08-31,,,0.06,0.0,0.0,,,,
US1MIWS0007,"ANN ARBOR 3.1 SE, MI US",2016-09-01,,,0.0,0.0,0.0,,,,
US1MIWS0007,"ANN ARBOR 3.1 SE, MI US",2016-09-02,,,0.0,0.0,0.0,,,,
US1MIWS0007,"ANN ARBOR 3.1 SE, MI US",2016-09-03,,,0.0,0.0,0.0,,,,
US1MIWS0007,"ANN ARBOR 3.1 SE, MI US",2016-09-04,,,0.0,0.0,0.0,,,,
US1MIWS0007,"ANN ARBOR 3.1 SE, MI US",2016-09-05,,,0.0,0.0,0.0,,,,
US1MIWS0007,"ANN ARBOR 3.1 SE, MI US",2016-09-06,,,0.0,0.0,0.0,,,,
US1MIWS0007,"ANN ARBOR 3.1 SE, MI US",2016-09-07,,,0.0,0.0,0.0,,,,
US1MIWS0007,"ANN ARBOR 3.1 SE, MI US",2016-09-08,,,0.12,0.0,0.0,,,,
US1MIWS0007,"ANN ARBOR 3.1 SE, MI US",2016-09-09,,,0.05,0.0,0.0,,,,
US1MIWS0007,"ANN ARBOR 3.1 SE, MI US",2016-09-10,,,0.68,0.0,0.0,,,,
US1MIWS0007,"ANN ARBOR 3.1 SE, MI US",2016-09-11,,,0.08,0.0,0.0,,,,
US1MIWS0007,"ANN ARBOR 3.1 SE, MI US",2016-09-12,,,0.0,0.0,0.0,,,,
US1MIWS0007,"ANN ARBOR 3.1 SE, MI US",2016-09-13,,,0.0,0.0,0.0,,,,
US1MIWS0007,"ANN ARBOR 3.1 SE, MI US",2016-09-14,,,0.03,0.0,0.0,,,,
US1MIWS0007,"ANN ARBOR 3.1 SE, MI US",2016-09-15,,,0.02,0.0,0.0,,,,
US1MIWS0007,"ANN ARBOR 3.1 SE, MI US",2016-09-16,,,0.0,0.0,0.0,,,,
US1MIWS0007,"ANN ARBOR 3.1 SE, MI US",2016-09-17,,,0.0,0.0,0.0,,,,
US1MIWS0007,"ANN ARBOR 3.1 SE, MI US",2016-09-18,,,0.17,0.0,0.0,,,,
US1MIWS0007,"ANN ARBOR 3.1 SE, MI US",2016-09-19,,,0.0,0.0,0.0,,,,
US1MIWS0007,"ANN ARBOR 3.1 SE, MI US",2016-09-20,,,0.0,0.0,0.0,,,,
US1MIWS0007,"ANN ARBOR 3.1 SE, MI US",2016-09-21,,,0.0,0.0,0.0,,,,
US1MIWS0007,"ANN ARBOR 3.1 SE, MI US",2016-09-22,,,0.0,0.0,0.0,,,,
US1MIWS0007,"ANN ARBOR 3.1 SE, MI US",2016-09-23,,,0.0,0.0,0.0,,,,
US1MIWS0007,"ANN ARBOR 3.1 SE, MI US",2016-09-24,,,0.0,0.0,0.0,,,,
US1MIWS0007,"ANN ARBOR 3.1 SE, MI US",2016-09-25,,,0.0,0.0,0.0,,,,
US1MIWS0007,"ANN ARBOR 3.1 SE, MI US",2016-09-26,,,0.09,0.0,0.0,,,,
US1MIWS0007,"ANN ARBOR 3.1 SE, MI US",2016-09-27,,,0.08,0.0,0.0,,,,
US1MIWS0007,"ANN ARBOR 3.1 SE, MI US",2016-09-28,,,0.0,0.0,0.0,,,,
US1MIWS0007,"ANN ARBOR 3.1 SE, MI US",2016-09-29,,,0.98,0.0,0.0,,,,
US1MIWS0007,"ANN ARBOR 3.1 SE, MI US",2016-09-30,,,1.49,0.0,0.0,,,,
US1MIWS0007,"ANN ARBOR 3.1 SE, MI US",2016-10-03,3.0,0.92,,,,,,,
US1MIWS0007,"ANN ARBOR 3.1 SE, MI US",2016-10-04,,,0.0,0.0,0.0,,,,
US1MIWS0007,"ANN ARBOR 3.1 SE, MI US",2016-10-05,,,0.0,0.0,0.0,,,,
US1MIWS0007,"ANN ARBOR 3.1 SE, MI US",2016-10-06,,,0.0,0.0,0.0,,,,
US1MIWS0007,"ANN ARBOR 3.1 SE, MI US",2016-10-07,,,0.0,0.0,0.0,,,,
US1MIWS0007,"ANN ARBOR 3.1 SE, MI US",2016-10-08,,,0.0,0.0,0.0,,,,
US1MIWS0007,"ANN ARBOR 3.1 SE, MI US",2016-10-09,,,0.0,0.0,0.0,,,,
US1MIWS0007,"ANN ARBOR 3.1 SE, MI US",2016-10-10,,,0.0,0.0,0.0,,,,
US1MIWS0007,"ANN ARBOR 3.1 SE, MI US",2016-10-11,,,0.0,0.0,0.0,,,,
US1MIWS0007,"ANN ARBOR 3.1 SE, MI US",2016-10-12,,,0.0,0.0,0.0,,,,
US1MIWS0007,"ANN ARBOR 3.1 SE, MI US",2016-10-13,,,0.3,0.0,0.0,,,,
US1MIWS0007,"ANN ARBOR 3.1 SE, MI US",2016-10-14,,,0.0,0.0,0.0,,,,
US1MIWS0007,"ANN ARBOR 3.1 SE, MI US",2016-10-15,,,0.0,0.0,0.0,,,,
US1MIWS0007,"ANN ARBOR 3.1 SE, MI US",2016-10-16,,,0.0,0.0,0.0,,,,
US1MIWS0007,"ANN ARBOR 3.1 SE, MI US",2016-10-17,,,0.18,0.0,0.0,,,,
US1MIWS0007,"ANN ARBOR 3.1 SE, MI US",2016-10-18,,,0.0,0.0,0.0,,,,
US1MIWS0007,"ANN ARBOR 3.1 SE, MI US",2016-10-19,,,0.0,0.0,0.0,,,,
US1MIWS0007,"ANN ARBOR 3.1 SE, MI US",2016-10-20,,,0.03,0.0,0.0,,,,
US1MIWS0007,"ANN ARBOR 3.1 SE, MI US",2016-10-21,,,0.73,0.0,0.0,,,,
US1MIWS0007,"ANN ARBOR 3.1 SE, MI US",2016-10-22,,,0.04,0.0,0.0,,,,
US1MIWS0007,"ANN ARBOR 3.1 SE, MI US",2016-10-23,,,0.0,0.0,0.0,,,,
US1MIWS0007,"ANN ARBOR 3.1 SE, MI US",2016-10-24,,,0.0,0.0,0.0,,,,
US1MIWS0007,"ANN ARBOR 3.1 SE, MI US",2016-10-25,,,0.0,0.0,0.0,,,,
US1MIWS0007,"ANN ARBOR 3.1 SE, MI US",2016-10-26,,,0.0,0.0,0.0,,,,
US1MIWS0007,"ANN ARBOR 3.1 SE, MI US",2016-10-27,,,0.82,0.0,0.0,,,,
US1MIWS0007,"ANN ARBOR 3.1 SE, MI US",2016-10-28,,,0.04,0.0,0.0,,,,
US1MIWS0007,"ANN ARBOR 3.1 SE, MI US",2016-10-29,,,0.0,0.0,0.0,,,,
US1MIWS0007,"ANN ARBOR 3.1 SE, MI US",2016-10-30,,,0.22,0.0,0.0,,,,
US1MIWS0007,"ANN ARBOR 3.1 SE, MI US",2016-10-31,,,0.13,0.0,0.0,,,,
US1MIWS0007,"ANN ARBOR 3.1 SE, MI US",2016-11-01,,,0.0,0.0,0.0,,,,
US1MIWS0007,"ANN ARBOR 3.1 SE, MI US",2016-11-02,,,0.0,0.0,0.0,,,,
US1MIWS0007,"ANN ARBOR 3.1 SE, MI US",2016-11-03,,,0.57,0.0,0.0,,,,
US1MIWS0007,"ANN ARBOR 3.1 SE, MI US",2016-11-04,,,0.03,0.0,0.0,,,,
US1MIWS0007,"ANN ARBOR 3.1 SE, MI US",2016-11-05,,,0.0,0.0,0.0,,,,
US1MIWS0007,"ANN ARBOR 3.1 SE, MI US",2016-11-06,,,0.0,0.0,0.0,,,,
US1MIWS0007,"ANN ARBOR 3.1 SE, MI US",2016-11-07,,,0.0,0.0,0.0,,,,
US1MIWS0007,"ANN ARBOR 3.1 SE, MI US",2016-11-08,,,0.0,0.0,0.0,,,,
US1MIWS0007,"ANN ARBOR 3.1 SE, MI US",2016-11-09,,,0.12,0.0,0.0,,,,
US1MIWS0007,"ANN ARBOR 3.1 SE, MI US",2016-11-10,,,0.0,0.0,0.0,,,,
US1MIWS0007,"ANN ARBOR 3.1 SE, MI US",2016-11-11,,,0.0,0.0,0.0,,,,
US1MIWS0007,"ANN ARBOR 3.1 SE, MI US",2016-11-12,,,0.0,0.0,0.0,,,,
US1MIWS0007,"ANN ARBOR 3.1 SE, MI US",2016-11-13,,,0.0,0.0,0.0,,,,
US1MIWS0007,"ANN ARBOR 3.1 SE, MI US",2016-11-14,,,0.0,0.0,0.0,,,,
US1MIWS0007,"ANN ARBOR 3.1 SE, MI US",2016-11-15,,,0.0,0.0,0.0,,,,
US1MIWS0007,"ANN ARBOR 3.1 SE, MI US",2016-11-16,,,0.0,0.0,0.0,,,,
US1MIWS0007,"ANN ARBOR 3.1 SE, MI US",2016-11-17,,,0.0,0.0,0.0,,,,
US1MIWS0007,"ANN ARBOR 3.1 SE, MI US",2016-11-18,,,0.0,0.0,0.0,,,,
US1MIWS0007,"ANN ARBOR 3.1 SE, MI US",2016-11-19,,,0.07,0.0,0.0,,,,
US1MIWS0007,"ANN ARBOR 3.1 SE, MI US",2016-11-20,,,0.01,0.0,0.0,,,,
US1MIWS0007,"ANN ARBOR 3.1 SE, MI US",2016-11-21,,,0.0,0.0,0.0,,,,
US1MIWS0007,"ANN ARBOR 3.1 SE, MI US",2016-11-22,,,0.0,0.0,0.0,,,,
US1MIWS0007,"ANN ARBOR 3.1 SE, MI US",2016-11-23,,,0.0,0.0,0.0,,,,
US1MIWS0007,"ANN ARBOR 3.1 SE, MI US",2016-11-24,,,0.46,0.0,0.0,,,,
US1MIWS0007,"ANN ARBOR 3.1 SE, MI US",2016-11-25,,,0.0,0.0,0.0,,,,
US1MIWS0007,"ANN ARBOR 3.1 SE, MI US",2016-11-26,,,0.0,0.0,0.0,,,,
US1MIWS0007,"ANN ARBOR 3.1 SE, MI US",2016-11-27,,,0.0,0.0,0.0,,,,
US1MIWS0007,"ANN ARBOR 3.1 SE, MI US",2016-11-28,,,0.0,0.0,0.0,,,,
US1MIWS0007,"ANN ARBOR 3.1 SE, MI US",2016-11-29,,,0.82,0.0,0.0,,,,
US1MIWS0007,"ANN ARBOR 3.1 SE, MI US",2016-11-30,,,0.0,0.0,0.0,,,,
US1MIWS0007,"ANN ARBOR 3.1 SE, MI US",2016-12-01,,,0.0,0.0,0.0,,,,
US1MIWS0007,"ANN ARBOR 3.1 SE, MI US",2016-12-02,,,0.01,0.0,0.0,,,,
US1MIWS0007,"ANN ARBOR 3.1 SE, MI US",2016-12-03,,,0.0,0.0,0.0,,,,
US1MIWS0007,"ANN ARBOR 3.1 SE, MI US",2016-12-04,,,0.0,0.0,0.0,,,,
US1MIWS0007,"ANN ARBOR 3.1 SE, MI US",2016-12-05,,,0.25,0.7,1.0,,,,
US1MIWS0007,"ANN ARBOR 3.1 SE, MI US",2016-12-06,,,0.0,0.0,0.0,,,,
US1MIWS0007,"ANN ARBOR 3.1 SE, MI US",2016-12-07,,,0.18,0.0,0.0,,,,
US1MIWS0007,"ANN ARBOR 3.1 SE, MI US",2016-12-08,,,0.0,0.0,0.0,,,,
US1MIWS0007,"ANN ARBOR 3.1 SE, MI US",2016-12-09,,,0.01,0.3,0.5,,,,
US1MIWS0007,"ANN ARBOR 3.1 SE, MI US",2016-12-10,,,0.01,0.7,0.5,,,,
US1MIWS0007,"ANN ARBOR 3.1 SE, MI US",2016-12-11,,,0.07,1.9,2.0,,,,
US1MIWS0007,"ANN ARBOR 3.1 SE, MI US",2016-12-12,,,0.85,8.1,9.5,,,,
US1MIWS0007,"ANN ARBOR 3.1 SE, MI US",2016-12-13,,,0.0,0.0,9.0,,,,
US1MIWS0007,"ANN ARBOR 3.1 SE, MI US",2016-12-14,,,0.0,0.0,8.5,,,,
US1MIWS0007,"ANN ARBOR 3.1 SE, MI US",2016-12-15,,,0.03,0.9,9.0,,,,
US1MIWS0007,"ANN ARBOR 3.1 SE, MI US",2016-12-16,,,0.0,0.0,9.0,,,,
US1MIWS0007,"ANN ARBOR 3.1 SE, MI US",2016-12-17,,,0.2,1.6,10.5,,,,
US1MIWS0007,"ANN ARBOR 3.1 SE, MI US",2016-12-18,,,0.0,0.0,10.5,,,,
US1MIWS0007,"ANN ARBOR 3.1 SE, MI US",2016-12-19,,,0.0,0.0,10.0,,,,
US1MIWS0007,"ANN ARBOR 3.1 SE, MI US",2016-12-20,,,0.0,0.0,10.0,,,,
US1MIWS0007,"ANN ARBOR 3.1 SE, MI US",2016-12-21,,,0.0,0.0,10.0,,,,
US1MIWS0007,"ANN ARBOR 3.1 SE, MI US",2016-12-22,,,0.0,0.0,9.0,,,,
US1MIWS0007,"ANN ARBOR 3.1 SE, MI US",2016-12-23,,,0.0,0.0,6.0,,,,
US1MIWS0007,"ANN ARBOR 3.1 SE, MI US",2016-12-24,,,0.13,0.0,4.5,,,,
US1MIWS0007,"ANN ARBOR 3.1 SE, MI US",2016-12-25,,,0.0,0.0,3.5,,,,
US1MIWS0007,"ANN ARBOR 3.1 SE, MI US",2016-12-26,,,0.06,0.0,2.0,,,,
US1MIWS0007,"ANN ARBOR 3.1 SE, MI US",2016-12-27,,,0.29,0.0,0.0,,,,
US1MIWS0007,"ANN ARBOR 3.1 SE, MI US",2016-12-28,,,0.0,0.0,0.0,,,,
US1MIWS0007,"ANN ARBOR 3.1 SE, MI US",2016-12-29,,,0.04,0.0,0.0,,,,
US1MIWS0007,"ANN ARBOR 3.1 SE, MI US",2016-12-30,,,0.0,0.0,0.0,,,,
US1MIWS0007,"ANN ARBOR 3.1 SE, MI US",2016-12-31,,,0.0,0.0,0.0,,,,
US1MIWS0007,"ANN ARBOR 3.1 SE, MI US",2017-01-01,,,0.0,0.0,0.0,,,,
US1MIWS0007,"ANN ARBOR 3.1 SE, MI US",2017-01-02,,,0.0,0.0,0.0,,,,
US1MIWS0007,"ANN ARBOR 3.1 SE, MI US",2017-01-03,,,0.61,0.0,0.0,,,,
US1MIWS0007,"ANN ARBOR 3.1 SE, MI US",2017-01-04,,,0.01,0.0,0.0,,,,
US1MIWS0007,"ANN ARBOR 3.1 SE, MI US",2017-01-05,,,0.0,0.0,0.0,,,,
US1MIWS0007,"ANN ARBOR 3.1 SE, MI US",2017-01-06,,,0.01,0.3,0.5,,,,
US1MIWS0007,"ANN ARBOR 3.1 SE, MI US",2017-01-07,,,0.0,0.0,0.0,,,,
US1MIWS0007,"ANN ARBOR 3.1 SE, MI US",2017-01-08,,,0.01,0.2,0.0,,,,
US1MIWS0007,"ANN ARBOR 3.1 SE, MI US",2017-01-09,,,0.0,0.0,0.0,,,,
US1MIWS0007,"ANN ARBOR 3.1 SE, MI US",2017-01-10,,,0.19,2.7,3.0,,,,
US1MIWS0007,"ANN ARBOR 3.1 SE, MI US",2017-01-11,,,0.29,0.0,0.0,,,,
US1MIWS0007,"ANN ARBOR 3.1 SE, MI US",2017-01-12,,,0.34,0.0,0.0,,,,
US1MIWS0007,"ANN ARBOR 3.1 SE, MI US",2017-01-13,,,0.15,0.0,0.0,,,,
US1MIWS0007,"ANN ARBOR 3.1 SE, MI US",2017-01-14,,,0.0,0.0,0.0,,,,
US1MIWS0007,"ANN ARBOR 3.1 SE, MI US",2017-01-16,,,0.0,0.0,0.0,,,,
US1MIWS0007,"ANN ARBOR 3.1 SE, MI US",2017-01-17,,,0.71,0.0,0.0,,,,
US1MIWS0007,"ANN ARBOR 3.1 SE, MI US",2017-01-18,,,0.14,0.0,0.0,,,,
US1MIWS0007,"ANN ARBOR 3.1 SE, MI US",2017-01-19,,,0.0,0.0,0.0,,,,
US1MIWS0007,"ANN ARBOR 3.1 SE, MI US",2017-01-20,,,0.06,0.0,0.0,,,,
US1MIWS0007,"ANN ARBOR 3.1 SE, MI US",2017-01-21,,,0.12,0.0,0.0,,,,
US1MIWS0007,"ANN ARBOR 3.1 SE, MI US",2017-01-22,,,0.0,0.0,0.0,,,,
US1MIWS0007,"ANN ARBOR 3.1 SE, MI US",2017-01-23,,,0.03,0.0,0.0,,,,
US1MIWS0007,"ANN ARBOR 3.1 SE, MI US",2017-01-24,,,0.14,0.0,0.0,,,,
US1MIWS0007,"ANN ARBOR 3.1 SE, MI US",2017-01-25,,,0.0,0.0,0.0,,,,
US1MIWS0007,"ANN ARBOR 3.1 SE, MI US",2017-01-26,,,0.01,0.0,0.0,,,,
US1MIWS0007,"ANN ARBOR 3.1 SE, MI US",2017-01-27,,,0.02,0.0,0.0,,,,
US1MIWS0007,"ANN ARBOR 3.1 SE, MI US",2017-01-28,,,0.0,0.0,0.0,,,,
US1MIWS0007,"ANN ARBOR 3.1 SE, MI US",2017-01-29,,,0.06,1.2,1.2,,,,
US1MIWS0007,"ANN ARBOR 3.1 SE, MI US",2017-01-30,,,0.03,0.7,2.0,,,,
US1MIWS0007,"ANN ARBOR 3.1 SE, MI US",2017-01-31,,,0.21,2.9,3.5,,,,
US1MIWS0007,"ANN ARBOR 3.1 SE, MI US",2017-02-01,,,0.14,0.7,3.0,,,,
US1MIWS0007,"ANN ARBOR 3.1 SE, MI US",2017-02-02,,,0.0,0.0,3.0,,,,
US1MIWS0007,"ANN ARBOR 3.1 SE, MI US",2017-02-03,,,0.0,0.0,0.0,,,,
US1MIWS0007,"ANN ARBOR 3.1 SE, MI US",2017-02-04,,,0.0,0.0,0.0,,,,
US1MIWS0007,"ANN ARBOR 3.1 SE, MI US",2017-02-05,,,0.0,0.0,2.5,,,,
US1MIWS0007,"ANN ARBOR 3.1 SE, MI US",2017-02-06,,,0.0,0.0,2.0,,,,
US1MIWS0007,"ANN ARBOR 3.1 SE, MI US",2017-02-07,,,0.03,0.0,1.5,,,,
US1MIWS0007,"ANN ARBOR 3.1 SE, MI US",2017-02-08,,,0.96,0.0,0.0,,,,
US1MIWS0007,"ANN ARBOR 3.1 SE, MI US",2017-02-09,,,0.0,0.0,0.0,,,,
US1MIWS0007,"ANN ARBOR 3.1 SE, MI US",2017-02-10,,,0.0,0.0,0.0,,,,
US1MIWS0007,"ANN ARBOR 3.1 SE, MI US",2017-02-11,,,0.0,0.0,0.0,,,,
US1MIWS0007,"ANN ARBOR 3.1 SE, MI US",2017-02-12,,,0.21,0.0,0.0,,,,
US1MIWS0007,"ANN ARBOR 3.1 SE, MI US",2017-02-14,,,0.0,0.0,0.0,,,,
US1MIWS0007,"ANN ARBOR 3.1 SE, MI US",2017-02-15,,,0.02,0.0,0.0,,,,
US1MIWS0007,"ANN ARBOR 3.1 SE, MI US",2017-02-16,,,0.0,0.0,0.0,,,,
US1MIWS0007,"ANN ARBOR 3.1 SE, MI US",2017-02-17,,,0.0,0.0,0.0,,,,
US1MIWS0007,"ANN ARBOR 3.1 SE, MI US",2017-02-18,,,0.0,0.0,0.0,,,,
US1MIWS0007,"ANN ARBOR 3.1 SE, MI US",2017-02-19,,,0.0,0.0,0.0,,,,
US1MIWS0007,"ANN ARBOR 3.1 SE, MI US",2017-02-20,,,0.0,0.0,0.0,,,,
US1MIWS0007,"ANN ARBOR 3.1 SE, MI US",2017-02-21,,,0.0,0.0,0.0,,,,
US1MIWS0007,"ANN ARBOR 3.1 SE, MI US",2017-02-22,,,0.0,0.0,0.0,,,,
US1MIWS0007,"ANN ARBOR 3.1 SE, MI US",2017-02-23,,,0.0,0.0,0.0,,,,
US1MIWS0007,"ANN ARBOR 3.1 SE, MI US",2017-02-24,,,0.04,0.0,0.0,,,,
US1MIWS0007,"ANN ARBOR 3.1 SE, MI US",2017-02-25,,,0.86,0.0,0.0,,,,
US1MIWS0007,"ANN ARBOR 3.1 SE, MI US",2017-02-26,,,0.0,0.0,0.0,,,,
US1MIWS0007,"ANN ARBOR 3.1 SE, MI US",2017-02-27,,,0.0,0.0,0.0,,,,
US1MIWS0007,"ANN ARBOR 3.1 SE, MI US",2017-02-28,,,0.06,0.0,0.0,,,,
US1MIWS0007,"ANN ARBOR 3.1 SE, MI US",2017-03-01,,,1.36,0.0,0.0,,,,
US1MIWS0007,"ANN ARBOR 3.1 SE, MI US",2017-03-02,,,0.05,0.0,0.0,,,,
US1MIWS0007,"ANN ARBOR 3.1 SE, MI US",2017-03-03,,,0.01,0.3,0.5,,,,
US1MIWS0007,"ANN ARBOR 3.1 SE, MI US",2017-03-04,,,0.0,0.0,0.0,,,,
US1MIWS0007,"ANN ARBOR 3.1 SE, MI US",2017-03-05,,,0.0,0.0,0.0,,,,
US1MIWS0007,"ANN ARBOR 3.1 SE, MI US",2017-03-06,,,0.0,0.0,0.0,,,,
US1MIWS0007,"ANN ARBOR 3.1 SE, MI US",2017-03-07,,,0.35,0.0,0.0,,,,
US1MIWS0007,"ANN ARBOR 3.1 SE, MI US",2017-03-08,,,0.0,0.0,0.0,,,,
US1MIWS0007,"ANN ARBOR 3.1 SE, MI US",2017-03-09,,,0.0,0.0,0.0,,,,
US1MIWS0007,"ANN ARBOR 3.1 SE, MI US",2017-03-10,,,0.0,0.0,0.0,,,,
US1MIWS0007,"ANN ARBOR 3.1 SE, MI US",2017-03-11,,,0.0,0.0,0.0,,,,
US1MIWS0007,"ANN ARBOR 3.1 SE, MI US",2017-03-12,,,0.0,0.0,0.0,,,,
US1MIWS0007,"ANN ARBOR 3.1 SE, MI US",2017-03-13,,,0.04,0.5,0.5,,,,
US1MIWS0007,"ANN ARBOR 3.1 SE, MI US",2017-03-14,,,0.19,3.9,4.0,,,,
US1MIWS0007,"ANN ARBOR 3.1 SE, MI US",2017-03-15,,,0.0,0.0,3.0,,,,
US1MIWS0007,"ANN ARBOR 3.1 SE, MI US",2017-03-16,,,0.0,0.0,2.0,,,,
US1MIWS0007,"ANN ARBOR 3.1 SE, MI US",2017-03-17,,,0.0,0.0,1.0,,,,
US1MIWS0007,"ANN ARBOR 3.1 SE, MI US",2017-03-18,,,0.2,0.4,0.5,,,,
US1MIWS0007,"ANN ARBOR 3.1 SE, MI US",2017-03-19,,,0.0,0.0,0.0,,,,
US1MIWS0007,"ANN ARBOR 3.1 SE, MI US",2017-03-20,,,0.21,0.0,0.0,,,,
US1MIWS0007,"ANN ARBOR 3.1 SE, MI US",2017-03-21,,,0.02,0.0,0.0,,,,
US1MIWS0007,"ANN ARBOR 3.1 SE, MI US",2017-03-22,,,0.0,0.0,0.0,,,,
US1MIWS0007,"ANN ARBOR 3.1 SE, MI US",2017-03-23,,,0.0,0.0,0.0,,,,
US1MIWS0007,"ANN ARBOR 3.1 SE, MI US",2017-03-24,,,0.5,0.0,0.0,,,,
US1MIWS0007,"ANN ARBOR 3.1 SE, MI US",2017-03-25,,,0.0,0.0,0.0,,,,
US1MIWS0007,"ANN ARBOR 3.1 SE, MI US",2017-03-26,,,0.02,0.0,0.0,,,,
US1MIWS0007,"ANN ARBOR 3.1 SE, MI US",2017-03-27,,,0.31,0.0,0.0,,,,
US1MIWS0007,"ANN ARBOR 3.1 SE, MI US",2017-03-28,,,0.0,0.0,0.0,,,,
US1MIWS0007,"ANN ARBOR 3.1 SE, MI US",2017-03-29,,,0.0,0.0,0.0,,,,
US1MIWS0007,"ANN ARBOR 3.1 SE, MI US",2017-03-30,,,0.01,0.0,0.0,,,,
US1MIWS0007,"ANN ARBOR 3.1 SE, MI US",2017-03-31,,,1.84,0.0,0.0,,,,
US1MIWS0007,"ANN ARBOR 3.1 SE, MI US",2017-04-01,,,0.0,0.0,0.0,,,,
US1MIWS0007,"ANN ARBOR 3.1 SE, MI US",2017-04-02,,,0.0,0.0,0.0,,,,
US1MIWS0007,"ANN ARBOR 3.1 SE, MI US",2017-04-03,,,0.0,0.0,0.0,,,,
US1MIWS0007,"ANN ARBOR 3.1 SE, MI US",2017-04-04,,,0.35,0.0,0.0,,,,
US1MIWS0007,"ANN ARBOR 3.1 SE, MI US",2017-04-05,,,0.0,0.0,0.0,,,,
US1MIWS0007,"ANN ARBOR 3.1 SE, MI US",2017-04-06,,,1.15,0.0,0.0,,,,
US1MIWS0007,"ANN ARBOR 3.1 SE, MI US",2017-04-07,,,0.79,0.0,0.0,,,,
US1MIWS0007,"ANN ARBOR 3.1 SE, MI US",2017-04-08,,,0.0,0.0,0.0,,,,
US1MIWS0007,"ANN ARBOR 3.1 SE, MI US",2017-04-09,,,0.0,0.0,0.0,,,,
US1MIWS0007,"ANN ARBOR 3.1 SE, MI US",2017-04-10,,,0.0,0.0,0.0,,,,
US1MIWS0007,"ANN ARBOR 3.1 SE, MI US",2017-04-11,,,0.84,0.0,0.0,,,,
US1MIWS0007,"ANN ARBOR 3.1 SE, MI US",2017-04-12,,,0.0,0.0,0.0,,,,
US1MIWS0007,"ANN ARBOR 3.1 SE, MI US",2017-04-13,,,0.0,0.0,0.0,,,,
US1MIWS0007,"ANN ARBOR 3.1 SE, MI US",2017-04-14,,,0.0,0.0,0.0,,,,
US1MIWS0007,"ANN ARBOR 3.1 SE, MI US",2017-04-15,,,0.05,0.0,0.0,,,,
US1MIWS0007,"ANN ARBOR 3.1 SE, MI US",2017-04-16,,,0.0,0.0,0.0,,,,
US1MIWS0007,"ANN ARBOR 3.1 SE, MI US",2017-04-17,,,0.0,0.0,0.0,,,,
US1MIWS0007,"ANN ARBOR 3.1 SE, MI US",2017-04-18,,,0.0,0.0,0.0,,,,
US1MIWS0007,"ANN ARBOR 3.1 SE, MI US",2017-04-19,,,0.0,0.0,0.0,,,,
US1MIWS0007,"ANN ARBOR 3.1 SE, MI US",2017-04-20,,,0.18,0.0,0.0,,,,
US1MIWS0007,"ANN ARBOR 3.1 SE, MI US",2017-04-21,,,0.78,0.0,0.0,,,,
US1MIWS0007,"ANN ARBOR 3.1 SE, MI US",2017-04-22,,,0.0,0.0,0.0,,,,
US1MIWS0007,"ANN ARBOR 3.1 SE, MI US",2017-04-23,,,0.0,0.0,0.0,,,,
US1MIWS0007,"ANN ARBOR 3.1 SE, MI US",2017-04-24,,,0.0,0.0,0.0,,,,
US1MIWS0007,"ANN ARBOR 3.1 SE, MI US",2017-04-25,,,0.0,0.0,0.0,,,,
US1MIWS0007,"ANN ARBOR 3.1 SE, MI US",2017-04-26,,,0.0,0.0,0.0,,,,
US1MIWS0007,"ANN ARBOR 3.1 SE, MI US",2017-04-27,,,0.04,0.0,0.0,,,,
US1MIWS0007,"ANN ARBOR 3.1 SE, MI US",2017-04-28,,,0.11,0.0,0.0,,,,
US1MIWS0007,"ANN ARBOR 3.1 SE, MI US",2017-04-29,,,0.0,0.0,0.0,,,,
US1MIWS0007,"ANN ARBOR 3.1 SE, MI US",2017-04-30,,,0.45,0.0,0.0,,,,
US1MIWS0007,"ANN ARBOR 3.1 SE, MI US",2017-05-01,,,0.17,0.0,0.0,,,,
US1MIWS0007,"ANN ARBOR 3.1 SE, MI US",2017-05-02,,,0.07,0.0,0.0,,,,
US1MIWS0007,"ANN ARBOR 3.1 SE, MI US",2017-05-03,,,0.03,0.0,0.0,,,,
US1MIWS0007,"ANN ARBOR 3.1 SE, MI US",2017-05-04,,,0.02,0.0,0.0,,,,
US1MIWS0007,"ANN ARBOR 3.1 SE, MI US",2017-05-05,,,1.11,0.0,0.0,,,,
US1MIWS0007,"ANN ARBOR 3.1 SE, MI US",2017-05-06,,,0.41,0.0,0.0,,,,
US1MIWS0007,"ANN ARBOR 3.1 SE, MI US",2017-05-07,,,0.0,0.0,0.0,,,,
US1MIWS0007,"ANN ARBOR 3.1 SE, MI US",2017-05-08,,,0.0,0.0,0.0,,,,
US1MIWS0007,"ANN ARBOR 3.1 SE, MI US",2017-05-09,,,0.0,0.0,0.0,,,,
US1MIWS0007,"ANN ARBOR 3.1 SE, MI US",2017-05-10,,,0.0,0.0,0.0,,,,
US1MIWS0007,"ANN ARBOR 3.1 SE, MI US",2017-05-11,,,0.1,0.0,0.0,,,,
US1MIWS0007,"ANN ARBOR 3.1 SE, MI US",2017-05-12,,,0.02,0.0,0.0,,,,
US1MIWS0007,"ANN ARBOR 3.1 SE, MI US",2017-05-13,,,0.0,0.0,0.0,,,,
US1MIWS0007,"ANN ARBOR 3.1 SE, MI US",2017-05-14,,,0.0,0.0,0.0,,,,
US1MIWS0007,"ANN ARBOR 3.1 SE, MI US",2017-05-15,,,0.0,0.0,0.0,,,,
US1MIWS0007,"ANN ARBOR 3.1 SE, MI US",2017-05-16,,,0.02,0.0,0.0,,,,
US1MIWS0007,"ANN ARBOR 3.1 SE, MI US",2017-05-17,,,0.0,0.0,0.0,,,,
US1MIWS0007,"ANN ARBOR 3.1 SE, MI US",2017-05-18,,,0.0,0.0,0.0,,,,
US1MIWS0007,"ANN ARBOR 3.1 SE, MI US",2017-05-19,,,0.0,0.0,0.0,,,,
US1MIWS0007,"ANN ARBOR 3.1 SE, MI US",2017-05-20,,,0.0,0.0,0.0,,,,
US1MIWS0007,"ANN ARBOR 3.1 SE, MI US",2017-05-21,,,0.41,0.0,0.0,,,,
US1MIWS0007,"ANN ARBOR 3.1 SE, MI US",2017-05-22,,,0.21,0.0,0.0,,,,
US1MIWS0007,"ANN ARBOR 3.1 SE, MI US",2017-05-23,,,0.0,0.0,0.0,,,,
US1MIWS0007,"ANN ARBOR 3.1 SE, MI US",2017-05-24,,,0.05,0.0,0.0,,,,
US1MIWS0007,"ANN ARBOR 3.1 SE, MI US",2017-05-25,,,0.29,0.0,0.0,,,,
US1MIWS0007,"ANN ARBOR 3.1 SE, MI US",2017-05-26,,,0.15,0.0,0.0,,,,
US1MIWS0007,"ANN ARBOR 3.1 SE, MI US",2017-05-27,,,0.03,0.0,0.0,,,,
US1MIWS0007,"ANN ARBOR 3.1 SE, MI US",2017-05-28,,,0.0,0.0,0.0,,,,
US1MIWS0007,"ANN ARBOR 3.1 SE, MI US",2017-05-29,,,0.23,0.0,0.0,,,,
US1MIWS0007,"ANN ARBOR 3.1 SE, MI US",2017-05-30,,,0.06,0.0,0.0,,,,
US1MIWS0007,"ANN ARBOR 3.1 SE, MI US",2017-05-31,,,0.02,0.0,0.0,,,,
US1MIWS0007,"ANN ARBOR 3.1 SE, MI US",2017-06-01,,,0.0,0.0,0.0,,,,
US1MIWS0007,"ANN ARBOR 3.1 SE, MI US",2017-06-02,,,0.0,0.0,0.0,,,,
US1MIWS0007,"ANN ARBOR 3.1 SE, MI US",2017-06-03,,,0.0,0.0,0.0,,,,
US1MIWS0007,"ANN ARBOR 3.1 SE, MI US",2017-06-04,,,0.0,0.0,0.0,,,,
US1MIWS0007,"ANN ARBOR 3.1 SE, MI US",2017-06-05,,,0.0,0.0,0.0,,,,
US1MIWS0007,"ANN ARBOR 3.1 SE, MI US",2017-06-06,,,0.0,0.0,0.0,,,,
US1MIWS0007,"ANN ARBOR 3.1 SE, MI US",2017-06-07,,,0.0,0.0,0.0,,,,
US1MIWS0007,"ANN ARBOR 3.1 SE, MI US",2017-06-08,,,0.0,0.0,0.0,,,,
US1MIWS0007,"ANN ARBOR 3.1 SE, MI US",2017-06-09,,,0.0,0.0,0.0,,,,
US1MIWS0007,"ANN ARBOR 3.1 SE, MI US",2017-06-10,,,0.02,0.0,0.0,,,,
US1MIWS0007,"ANN ARBOR 3.1 SE, MI US",2017-06-11,,,0.0,0.0,0.0,,,,
US1MIWS0007,"ANN ARBOR 3.1 SE, MI US",2017-06-12,,,0.0,0.0,0.0,,,,
US1MIWS0007,"ANN ARBOR 3.1 SE, MI US",2017-06-13,,,0.0,0.0,0.0,,,,
US1MIWS0007,"ANN ARBOR 3.1 SE, MI US",2017-06-14,,,0.0,0.0,0.0,,,,
US1MIWS0007,"ANN ARBOR 3.1 SE, MI US",2017-06-15,,,0.01,0.0,0.0,,,,
US1MIWS0007,"ANN ARBOR 3.1 SE, MI US",2017-06-16,,,0.0,0.0,0.0,,,,
US1MIWS0007,"ANN ARBOR 3.1 SE, MI US",2017-06-17,,,0.0,0.0,0.0,,,,
US1MIWS0007,"ANN ARBOR 3.1 SE, MI US",2017-06-18,,,0.0,0.0,0.0,,,,
US1MIWS0007,"ANN ARBOR 3.1 SE, MI US",2017-06-19,,,0.0,0.0,0.0,,,,
US1MIWS0007,"ANN ARBOR 3.1 SE, MI US",2017-06-20,,,0.0,0.0,0.0,,,,
US1MIWS0007,"ANN ARBOR 3.1 SE, MI US",2017-06-21,,,0.0,0.0,0.0,,,,
US1MIWS0007,"ANN ARBOR 3.1 SE, MI US",2017-06-22,,,0.37,0.0,0.0,,,,
US1MIWS0007,"ANN ARBOR 3.1 SE, MI US",2017-06-23,,,0.3,0.0,0.0,,,,
US1MIWS0007,"ANN ARBOR 3.1 SE, MI US",2017-06-24,,,0.22,0.0,0.0,,,,
US1MIWS0007,"ANN ARBOR 3.1 SE, MI US",2017-06-25,,,0.0,0.0,0.0,,,,
US1MIWS0007,"ANN ARBOR 3.1 SE, MI US",2017-06-26,,,0.0,0.0,0.0,,,,
US1MIWS0007,"ANN ARBOR 3.1 SE, MI US",2017-06-27,,,0.0,0.0,0.0,,,,
US1MIWS0007,"ANN ARBOR 3.1 SE, MI US",2017-06-28,,,0.0,0.0,0.0,,,,
US1MIWS0007,"ANN ARBOR 3.1 SE, MI US",2017-06-29,,,0.05,0.0,0.0,,,,
US1MIWS0007,"ANN ARBOR 3.1 SE, MI US",2017-06-30,,,0.17,0.0,0.0,,,,
US1MIWS0007,"ANN ARBOR 3.1 SE, MI US",2017-07-01,,,0.21,0.0,0.0,,,,
US1MIWS0007,"ANN ARBOR 3.1 SE, MI US",2017-07-02,,,0.0,0.0,0.0,,,,
US1MIWS0007,"ANN ARBOR 3.1 SE, MI US",2017-07-03,,,0.18,0.0,0.0,,,,
US1MIWS0007,"ANN ARBOR 3.1 SE, MI US",2017-07-04,,,0.0,0.0,0.0,,,,
US1MIWS0007,"ANN ARBOR 3.1 SE, MI US",2017-07-05,,,0.0,0.0,0.0,,,,
US1MIWS0007,"ANN ARBOR 3.1 SE, MI US",2017-07-06,,,0.0,0.0,0.0,,,,
US1MIWS0007,"ANN ARBOR 3.1 SE, MI US",2017-07-07,,,0.56,0.0,0.0,,,,
US1MIWS0007,"ANN ARBOR 3.1 SE, MI US",2017-07-08,,,0.27,0.0,0.0,,,,
US1MIWS0007,"ANN ARBOR 3.1 SE, MI US",2017-07-09,,,0.0,0.0,0.0,,,,
US1MIWS0007,"ANN ARBOR 3.1 SE, MI US",2017-07-10,,,0.0,0.0,0.0,,,,
US1MIWS0007,"ANN ARBOR 3.1 SE, MI US",2017-07-11,,,0.51,0.0,0.0,,,,
US1MIWS0007,"ANN ARBOR 3.1 SE, MI US",2017-07-12,,,0.12,0.0,0.0,,,,
US1MIWS0007,"ANN ARBOR 3.1 SE, MI US",2017-07-13,,,0.19,0.0,0.0,,,,
US1MIWS0007,"ANN ARBOR 3.1 SE, MI US",2017-07-14,,,0.06,0.0,0.0,,,,
US1MIWS0007,"ANN ARBOR 3.1 SE, MI US",2017-07-15,,,0.0,0.0,0.0,,,,
US1MIWS0007,"ANN ARBOR 3.1 SE, MI US",2017-07-16,,,0.0,0.0,0.0,,,,
US1MIWS0007,"ANN ARBOR 3.1 SE, MI US",2017-07-17,,,0.0,0.0,0.0,,,,
US1MIWS0007,"ANN ARBOR 3.1 SE, MI US",2017-07-18,,,0.0,0.0,0.0,,,,
US1MIWS0007,"ANN ARBOR 3.1 SE, MI US",2017-07-20,,,0.0,0.0,0.0,,,,
US1MIWS0007,"ANN ARBOR 3.1 SE, MI US",2017-07-21,,,0.0,0.0,0.0,,,,
US1MIWS0007,"ANN ARBOR 3.1 SE, MI US",2017-07-22,,,0.01,0.0,0.0,,,,
US1MIWS0007,"ANN ARBOR 3.1 SE, MI US",2017-07-23,,,0.06,0.0,0.0,,,,
US1MIWS0007,"ANN ARBOR 3.1 SE, MI US",2017-07-24,,,0.0,0.0,0.0,,,,
US1MIWS0007,"ANN ARBOR 3.1 SE, MI US",2017-07-25,,,0.0,0.0,0.0,,,,
US1MIWS0007,"ANN ARBOR 3.1 SE, MI US",2017-07-26,,,0.0,0.0,0.0,,,,
US1MIWS0007,"ANN ARBOR 3.1 SE, MI US",2017-07-27,,,0.0,0.0,0.0,,,,
US1MIWS0007,"ANN ARBOR 3.1 SE, MI US",2017-07-28,,,0.0,0.0,0.0,,,,
US1MIWS0007,"ANN ARBOR 3.1 SE, MI US",2017-07-29,,,0.0,0.0,0.0,,,,
US1MIWS0007,"ANN ARBOR 3.1 SE, MI US",2017-07-30,,,0.0,0.0,0.0,,,,
US1MIWS0007,"ANN ARBOR 3.1 SE, MI US",2017-07-31,,,0.0,0.0,0.0,,,,
US1MIWS0007,"ANN ARBOR 3.1 SE, MI US",2017-08-01,,,0.0,0.0,0.0,,,,
US1MIWS0007,"ANN ARBOR 3.1 SE, MI US",2017-08-02,,,0.0,0.0,0.0,,,,
US1MIWS0007,"ANN ARBOR 3.1 SE, MI US",2017-08-03,,,0.0,0.0,0.0,,,,
US1MIWS0007,"ANN ARBOR 3.1 SE, MI US",2017-08-04,,,0.08,0.0,0.0,,,,
US1MIWS0007,"ANN ARBOR 3.1 SE, MI US",2017-08-05,,,0.0,0.0,0.0,,,,
US1MIWS0007,"ANN ARBOR 3.1 SE, MI US",2017-08-06,,,0.0,0.0,0.0,,,,
US1MIWS0007,"ANN ARBOR 3.1 SE, MI US",2017-08-07,,,0.0,0.0,0.0,,,,
US1MIWS0007,"ANN ARBOR 3.1 SE, MI US",2017-08-08,,,0.0,0.0,0.0,,,,
US1MIWS0007,"ANN ARBOR 3.1 SE, MI US",2017-08-09,,,0.0,0.0,0.0,,,,
US1MIWS0007,"ANN ARBOR 3.1 SE, MI US",2017-08-10,,,0.0,0.0,0.0,,,,
US1MIWS0007,"ANN ARBOR 3.1 SE, MI US",2017-08-11,,,0.02,0.0,0.0,,,,
US1MIWS0007,"ANN ARBOR 3.1 SE, MI US",2017-08-12,,,0.02,0.0,0.0,,,,
US1MIWS0007,"ANN ARBOR 3.1 SE, MI US",2017-08-13,,,0.01,0.0,0.0,,,,
US1MIWS0007,"ANN ARBOR 3.1 SE, MI US",2017-08-14,,,0.0,0.0,0.0,,,,
US1MIWS0007,"ANN ARBOR 3.1 SE, MI US",2017-08-15,,,0.0,0.0,0.0,,,,
US1MIWS0007,"ANN ARBOR 3.1 SE, MI US",2017-08-16,,,0.29,0.0,0.0,,,,
US1MIWS0007,"ANN ARBOR 3.1 SE, MI US",2017-08-17,,,0.23,0.0,0.0,,,,
US1MIWS0007,"ANN ARBOR 3.1 SE, MI US",2017-08-18,,,0.37,0.0,0.0,,,,
US1MIWS0007,"ANN ARBOR 3.1 SE, MI US",2017-08-19,,,0.0,0.0,0.0,,,,
US1MIWS0007,"ANN ARBOR 3.1 SE, MI US",2017-08-20,,,0.0,0.0,0.0,,,,
US1MIWS0007,"ANN ARBOR 3.1 SE, MI US",2017-08-21,,,0.0,0.0,0.0,,,,
US1MIWS0007,"ANN ARBOR 3.1 SE, MI US",2017-08-22,,,0.0,0.0,0.0,,,,
US1MIWS0007,"ANN ARBOR 3.1 SE, MI US",2017-08-23,,,0.04,0.0,0.0,,,,
US1MIWS0007,"ANN ARBOR 3.1 SE, MI US",2017-08-24,,,0.0,0.0,0.0,,,,
US1MIWS0007,"ANN ARBOR 3.1 SE, MI US",2017-08-28,3.0,0.03,,,0.0,,,,
US1MIWS0007,"ANN ARBOR 3.1 SE, MI US",2017-08-29,,,0.51,0.0,0.0,,,,
US1MIWS0007,"ANN ARBOR 3.1 SE, MI US",2017-08-30,,,0.76,0.0,0.0,,,,
US1MIWS0007,"ANN ARBOR 3.1 SE, MI US",2017-08-31,,,0.0,0.0,0.0,,,,
US1MIWS0007,"ANN ARBOR 3.1 SE, MI US",2017-09-01,,,0.0,0.0,0.0,,,,
US1MIWS0007,"ANN ARBOR 3.1 SE, MI US",2017-09-02,,,0.0,0.0,0.0,,,,
US1MIWS0007,"ANN ARBOR 3.1 SE, MI US",2017-09-03,,,0.04,0.0,0.0,,,,
US1MIWS0007,"ANN ARBOR 3.1 SE, MI US",2017-09-04,,,0.0,0.0,0.0,,,,
US1MIWS0007,"ANN ARBOR 3.1 SE, MI US",2017-09-05,,,0.24,0.0,0.0,,,,
US1MIWS0007,"ANN ARBOR 3.1 SE, MI US",2017-09-06,,,0.03,0.0,0.0,,,,
US1MIWS0007,"ANN ARBOR 3.1 SE, MI US",2017-09-07,,,0.01,0.0,0.0,,,,
US1MIWS0007,"ANN ARBOR 3.1 SE, MI US",2017-09-08,,,0.12,0.0,0.0,,,,
US1MIWS0007,"ANN ARBOR 3.1 SE, MI US",2017-09-09,,,0.0,0.0,0.0,,,,
US1MIWS0007,"ANN ARBOR 3.1 SE, MI US",2017-09-10,,,0.0,0.0,0.0,,,,
US1MIWS0007,"ANN ARBOR 3.1 SE, MI US",2017-09-11,,,0.0,0.0,0.0,,,,
US1MIWS0007,"ANN ARBOR 3.1 SE, MI US",2017-09-12,,,0.0,0.0,0.0,,,,
US1MIWS0007,"ANN ARBOR 3.1 SE, MI US",2017-09-13,,,0.0,0.0,0.0,,,,
US1MIWS0007,"ANN ARBOR 3.1 SE, MI US",2017-09-14,,,0.03,0.0,0.0,,,,
US1MIWS0007,"ANN ARBOR 3.1 SE, MI US",2017-09-15,,,0.0,0.0,0.0,,,,
US1MIWS0007,"ANN ARBOR 3.1 SE, MI US",2017-09-16,,,0.0,0.0,0.0,,,,
US1MIWS0007,"ANN ARBOR 3.1 SE, MI US",2017-09-17,,,0.0,0.0,0.0,,,,
US1MIWS0007,"ANN ARBOR 3.1 SE, MI US",2017-09-18,,,0.0,0.0,0.0,,,,
US1MIWS0007,"ANN ARBOR 3.1 SE, MI US",2017-09-19,,,0.0,0.0,0.0,,,,
US1MIWS0007,"ANN ARBOR 3.1 SE, MI US",2017-09-20,,,0.05,0.0,0.0,,,,
US1MIWS0007,"ANN ARBOR 3.1 SE, MI US",2017-09-21,,,0.02,0.0,0.0,,,,
US1MIWS0007,"ANN ARBOR 3.1 SE, MI US",2017-09-22,,,0.0,0.0,0.0,,,,
US1MIWS0007,"ANN ARBOR 3.1 SE, MI US",2017-09-23,,,0.0,0.0,0.0,,,,
US1MIWS0007,"ANN ARBOR 3.1 SE, MI US",2017-09-24,,,0.0,0.0,0.0,,,,
US1MIWS0007,"ANN ARBOR 3.1 SE, MI US",2017-09-25,,,0.0,0.0,0.0,,,,
US1MIWS0007,"ANN ARBOR 3.1 SE, MI US",2017-09-26,,,0.0,0.0,0.0,,,,
US1MIWS0007,"ANN ARBOR 3.1 SE, MI US",2017-09-27,,,0.0,0.0,0.0,,,,
US1MIWS0007,"ANN ARBOR 3.1 SE, MI US",2017-09-28,,,0.01,0.0,0.0,,,,
US1MIWS0007,"ANN ARBOR 3.1 SE, MI US",2017-09-29,,,0.03,0.0,0.0,,,,
US1MIWS0007,"ANN ARBOR 3.1 SE, MI US",2017-09-30,,,0.02,0.0,0.0,,,,
US1MIWS0007,"ANN ARBOR 3.1 SE, MI US",2017-10-01,,,0.0,0.0,0.0,,,,
US1MIWS0007,"ANN ARBOR 3.1 SE, MI US",2017-10-03,,,0.0,0.0,0.0,,,,
US1MIWS0007,"ANN ARBOR 3.1 SE, MI US",2017-10-04,,,0.0,0.0,0.0,,,,
US1MIWS0007,"ANN ARBOR 3.1 SE, MI US",2017-10-05,,,0.02,0.0,0.0,,,,
US1MIWS0007,"ANN ARBOR 3.1 SE, MI US",2017-10-06,,,0.07,0.0,0.0,,,,
US1MIWS0007,"ANN ARBOR 3.1 SE, MI US",2017-10-07,,,0.31,0.0,0.0,,,,
US1MIWS0007,"ANN ARBOR 3.1 SE, MI US",2017-10-08,,,,0.0,0.0,,,,
US1MIWS0007,"ANN ARBOR 3.1 SE, MI US",2017-10-09,,,0.32,0.0,0.0,,,,
US1MIWS0007,"ANN ARBOR 3.1 SE, MI US",2017-10-10,,,0.0,0.0,0.0,,,,
US1MIWS0007,"ANN ARBOR 3.1 SE, MI US",2017-10-11,,,0.46,0.0,0.0,,,,
US1MIWS0007,"ANN ARBOR 3.1 SE, MI US",2017-10-12,,,0.97,0.0,0.0,,,,
US1MIWS0007,"ANN ARBOR 3.1 SE, MI US",2017-10-13,,,0.05,0.0,0.0,,,,
US1MIWS0007,"ANN ARBOR 3.1 SE, MI US",2017-10-14,,,0.02,0.0,0.0,,,,
US1MIWS0007,"ANN ARBOR 3.1 SE, MI US",2017-10-15,,,0.25,0.0,0.0,,,,
US1MIWS0007,"ANN ARBOR 3.1 SE, MI US",2017-10-16,,,0.03,0.0,0.0,,,,
US1MIWS0007,"ANN ARBOR 3.1 SE, MI US",2017-10-17,,,0.0,0.0,0.0,,,,
US1MIWS0007,"ANN ARBOR 3.1 SE, MI US",2017-10-18,,,0.0,0.0,0.0,,,,
US1MIWS0007,"ANN ARBOR 3.1 SE, MI US",2017-10-19,,,0.0,0.0,0.0,,,,
US1MIWS0007,"ANN ARBOR 3.1 SE, MI US",2017-10-20,,,0.0,0.0,0.0,,,,
US1MIWS0007,"ANN ARBOR 3.1 SE, MI US",2017-10-21,,,0.0,0.0,0.0,,,,
US1MIWS0007,"ANN ARBOR 3.1 SE, MI US",2017-10-22,,,0.0,0.0,0.0,,,,
US1MIWS0007,"ANN ARBOR 3.1 SE, MI US",2017-10-23,,,0.0,0.0,0.0,,,,
US1MIWS0007,"ANN ARBOR 3.1 SE, MI US",2017-10-24,,,0.82,0.0,0.0,,,,
US1MIWS0007,"ANN ARBOR 3.1 SE, MI US",2017-10-25,,,0.19,0.0,0.0,,,,
US1MIWS0007,"ANN ARBOR 3.1 SE, MI US",2017-10-26,,,0.02,0.0,0.0,,,,
US1MIWS0007,"ANN ARBOR 3.1 SE, MI US",2017-10-27,,,0.0,0.0,0.0,,,,
US1MIWS0007,"ANN ARBOR 3.1 SE, MI US",2017-10-28,,,0.34,0.0,0.0,,,,
US1MIWS0007,"ANN ARBOR 3.1 SE, MI US",2017-10-29,,,0.0,0.0,0.0,,,,
US1MIWS0007,"ANN ARBOR 3.1 SE, MI US",2017-10-30,,,0.0,0.0,0.0,,,,
US1MIWS0007,"ANN ARBOR 3.1 SE, MI US",2017-10-31,,,0.04,0.0,0.0,,,,
US1MIWS0007,"ANN ARBOR 3.1 SE, MI US",2017-11-01,,,0.03,0.0,0.0,,,,
US1MIWS0007,"ANN ARBOR 3.1 SE, MI US",2017-11-03,,,0.32,0.0,0.0,,,,
US1MIWS0007,"ANN ARBOR 3.1 SE, MI US",2017-11-04,,,0.0,0.0,0.0,,,,
US1MIWS0007,"ANN ARBOR 3.1 SE, MI US",2017-11-05,,,0.44,0.0,0.0,,,,
US1MIWS0007,"ANN ARBOR 3.1 SE, MI US",2017-11-06,,,0.3,0.0,0.0,,,,
US1MIWS0007,"ANN ARBOR 3.1 SE, MI US",2017-11-07,,,0.0,0.0,0.0,,,,
US1MIWS0007,"ANN ARBOR 3.1 SE, MI US",2017-11-08,,,0.0,0.0,0.0,,,,
US1MIWS0007,"ANN ARBOR 3.1 SE, MI US",2017-11-09,,,0.0,0.0,0.0,,,,
US1MIWS0007,"ANN ARBOR 3.1 SE, MI US",2017-11-10,,,0.0,0.0,0.0,,,,
US1MIWS0007,"ANN ARBOR 3.1 SE, MI US",2017-11-11,,,0.0,0.0,0.0,,,,
US1MIWS0007,"ANN ARBOR 3.1 SE, MI US",2017-11-12,,,0.0,0.0,0.0,,,,
US1MIWS0007,"ANN ARBOR 3.1 SE, MI US",2017-11-13,,,0.3,0.0,0.0,,,,
US1MIWS0007,"ANN ARBOR 3.1 SE, MI US",2017-11-14,,,0.0,0.0,0.0,,,,
US1MIWS0007,"ANN ARBOR 3.1 SE, MI US",2017-11-15,,,0.0,0.0,0.0,,,,
US1MIWS0007,"ANN ARBOR 3.1 SE, MI US",2017-11-16,,,0.32,0.0,0.0,,,,
US1MIWS0007,"ANN ARBOR 3.1 SE, MI US",2017-11-17,,,0.0,0.0,0.0,,,,
US1MIWS0007,"ANN ARBOR 3.1 SE, MI US",2017-11-18,,,0.84,0.0,0.0,,,,
US1MIWS0007,"ANN ARBOR 3.1 SE, MI US",2017-11-19,,,0.69,0.0,0.0,,,,
US1MIWS0007,"ANN ARBOR 3.1 SE, MI US",2017-11-20,,,0.0,0.0,0.0,,,,
US1MIWS0007,"ANN ARBOR 3.1 SE, MI US",2017-11-21,,,0.0,0.0,0.0,,,,
US1MIWS0007,"ANN ARBOR 3.1 SE, MI US",2017-11-22,,,0.05,0.0,0.0,,,,
US1MIWS0007,"ANN ARBOR 3.1 SE, MI US",2017-11-23,,,0.0,0.0,0.0,,,,
US1MIWS0007,"ANN ARBOR 3.1 SE, MI US",2017-11-24,,,0.0,0.0,0.0,,,,
US1MIWS0007,"ANN ARBOR 3.1 SE, MI US",2017-11-25,,,0.0,0.0,0.0,,,,
US1MIWS0007,"ANN ARBOR 3.1 SE, MI US",2017-11-26,,,0.0,0.0,0.0,,,,
US1MIWS0007,"ANN ARBOR 3.1 SE, MI US",2017-11-27,,,0.0,0.0,0.0,,,,
US1MIWS0007,"ANN ARBOR 3.1 SE, MI US",2017-11-28,,,0.0,0.0,0.0,,,,
US1MIWS0007,"ANN ARBOR 3.1 SE, MI US",2017-11-29,,,0.0,0.0,0.0,,,,
US1MIWS0007,"ANN ARBOR 3.1 SE, MI US",2017-11-30,,,0.0,0.0,0.0,,,,
US1MIWS0007,"ANN ARBOR 3.1 SE, MI US",2017-12-01,,,0.08,0.0,0.0,,,,
US1MIWS0007,"ANN ARBOR 3.1 SE, MI US",2017-12-02,,,0.0,0.0,0.0,,,,
US1MIWS0007,"ANN ARBOR 3.1 SE, MI US",2017-12-03,,,0.0,0.0,0.0,,,,
US1MIWS0007,"ANN ARBOR 3.1 SE, MI US",2017-12-04,,,0.0,0.0,0.0,,,,
US1MIWS0007,"ANN ARBOR 3.1 SE, MI US",2017-12-05,,,0.02,0.0,0.0,,,,
US1MIWS0007,"ANN ARBOR 3.1 SE, MI US",2017-12-06,,,0.0,0.0,0.0,,,,
US1MIWS0007,"ANN ARBOR 3.1 SE, MI US",2017-12-07,,,0.0,0.0,0.0,,,,
US1MIWS0007,"ANN ARBOR 3.1 SE, MI US",2017-12-08,,,0.01,0.4,0.5,,,,
US1MIWS0007,"ANN ARBOR 3.1 SE, MI US",2017-12-09,,,0.02,0.9,1.0,,,,
US1MIWS0007,"ANN ARBOR 3.1 SE, MI US",2017-12-10,,,0.04,1.3,1.5,,,,
US1MIWS0007,"ANN ARBOR 3.1 SE, MI US",2017-12-11,,,0.0,0.0,1.5,,,,
US1MIWS0007,"ANN ARBOR 3.1 SE, MI US",2017-12-12,,,0.21,3.7,4.5,,,,
US1MIWS0007,"ANN ARBOR 3.1 SE, MI US",2017-12-13,,,0.0,0.0,4.0,,,,
US1MIWS0007,"ANN ARBOR 3.1 SE, MI US",2017-12-14,,,0.32,4.7,8.0,,,,
US1MIWS0007,"ANN ARBOR 3.1 SE, MI US",2017-12-15,,,0.0,0.0,8.0,,,,
US1MIWS0007,"ANN ARBOR 3.1 SE, MI US",2017-12-16,,,0.01,0.1,8.0,,,,
US1MIWS0007,"ANN ARBOR 3.1 SE, MI US",2017-12-17,,,0.0,0.0,7.5,,,,
US1MIWS0007,"ANN ARBOR 3.1 SE, MI US",2017-12-18,,,0.0,0.0,6.0,,,,
US1MIWS0007,"ANN ARBOR 3.1 SE, MI US",2017-12-19,,,0.04,0.0,2.5,,,,
US1MIWS0007,"ANN ARBOR 3.1 SE, MI US",2017-12-20,,,0.0,0.0,0.0,,,,
US1MIWS0007,"ANN ARBOR 3.1 SE, MI US",2017-12-21,,,0.0,0.0,0.0,,,,
US1MIWS0007,"ANN ARBOR 3.1 SE, MI US",2017-12-22,,,0.0,0.0,0.0,,,,
US1MIWS0007,"ANN ARBOR 3.1 SE, MI US",2017-12-23,,,0.01,0.3,0.5,,,,
US1MIWS0007,"ANN ARBOR 3.1 SE, MI US",2017-12-24,,,0.0,0.0,0.0,,,,
US1MIWS0007,"ANN ARBOR 3.1 SE, MI US",2017-12-25,,,0.28,4.3,4.5,,,,
US1MIWS0007,"ANN ARBOR 3.1 SE, MI US",2017-12-26,,,0.05,1.5,6.0,,,,
US1MIWS0007,"ANN ARBOR 3.1 SE, MI US",2017-12-27,,,0.0,0.0,5.0,,,,
US1MIWS0007,"ANN ARBOR 3.1 SE, MI US",2017-12-28,,,0.0,0.0,5.0,,,,
US1MIWS0007,"ANN ARBOR 3.1 SE, MI US",2017-12-29,,,0.05,0.8,6.0,,,,
US1MIWS0007,"ANN ARBOR 3.1 SE, MI US",2017-12-30,,,0.03,0.7,6.5,,,,
US1MIWS0007,"ANN ARBOR 3.1 SE, MI US",2017-12-31,,,0.0,0.0,6.0,,,,
US1MIWS0007,"ANN ARBOR 3.1 SE, MI US",2018-01-01,,,0.0,0.0,5.5,,,,
US1MIWS0007,"ANN ARBOR 3.1 SE, MI US",2018-01-02,,,0.0,0.0,5.5,,,,
US1MIWS0007,"ANN ARBOR 3.1 SE, MI US",2018-01-03,,,0.0,0.0,5.0,,,,
US1MIWS0007,"ANN ARBOR 3.1 SE, MI US",2018-01-04,,,0.02,0.9,5.5,,,,
US1MIWS0007,"ANN ARBOR 3.1 SE, MI US",2018-01-05,,,0.0,0.0,5.0,,,,
US1MIWS0007,"ANN ARBOR 3.1 SE, MI US",2018-01-06,,,0.0,0.0,4.0,,,,
US1MIWS0007,"ANN ARBOR 3.1 SE, MI US",2018-01-07,,,0.0,0.0,4.0,,,,
US1MIWS0007,"ANN ARBOR 3.1 SE, MI US",2018-01-08,,,0.14,2.9,5.5,,,,
US1MIWS0007,"ANN ARBOR 3.1 SE, MI US",2018-01-09,,,0.01,0.4,4.0,,,,
US1MIWS0007,"ANN ARBOR 3.1 SE, MI US",2018-01-10,,,0.0,0.0,3.5,,,,
US1MIWS0007,"ANN ARBOR 3.1 SE, MI US",2018-01-11,,,0.07,0.0,2.5,,,,
US1MIWS0007,"ANN ARBOR 3.1 SE, MI US",2018-01-12,,,0.13,0.0,0.0,,,,
US1MIWS0007,"ANN ARBOR 3.1 SE, MI US",2018-01-13,,,0.11,1.4,1.5,,,,
US1MIWS0007,"ANN ARBOR 3.1 SE, MI US",2018-01-14,,,0.0,0.0,1.0,,,,
US1MIWS0007,"ANN ARBOR 3.1 SE, MI US",2018-01-15,,,0.01,0.3,0.5,,,,
US1MIWS0007,"ANN ARBOR 3.1 SE, MI US",2018-01-16,,,0.04,2.1,3.0,,,,
US1MIWS0007,"ANN ARBOR 3.1 SE, MI US",2018-01-17,,,0.0,0.2,2.5,,,,
US1MIWS0007,"ANN ARBOR 3.1 SE, MI US",2018-01-18,,,0.0,0.0,2.0,,,,
US1MIWS0007,"ANN ARBOR 3.1 SE, MI US",2018-01-19,,,0.0,0.0,2.0,,,,
US1MIWS0007,"ANN ARBOR 3.1 SE, MI US",2018-01-20,,,0.0,0.0,1.0,,,,
US1MIWS0007,"ANN ARBOR 3.1 SE, MI US",2018-01-21,,,0.0,0.0,0.5,,,,
US1MIWS0007,"ANN ARBOR 3.1 SE, MI US",2018-01-22,,,0.26,0.0,0.0,,,,
US1MIWS0007,"ANN ARBOR 3.1 SE, MI US",2018-01-23,,,0.35,0.0,0.0,,,,
US1MIWS0007,"ANN ARBOR 3.1 SE, MI US",2018-01-24,,,0.0,0.0,0.0,,,,
US1MIWS0007,"ANN ARBOR 3.1 SE, MI US",2018-01-25,,,0.0,0.0,0.0,,,,
US1MIWS0007,"ANN ARBOR 3.1 SE, MI US",2018-01-26,,,0.0,0.0,0.0,,,,
US1MIWS0007,"ANN ARBOR 3.1 SE, MI US",2018-01-27,,,0.0,0.0,0.0,,,,
US1MIWS0007,"ANN ARBOR 3.1 SE, MI US",2018-01-28,,,0.01,0.0,0.0,,,,
US1MIWS0007,"ANN ARBOR 3.1 SE, MI US",2018-01-29,,,0.01,0.2,0.2,,,,
US1MIWS0007,"ANN ARBOR 3.1 SE, MI US",2018-01-30,,,0.13,2.3,2.3,,,,
US1MIWS0007,"ANN ARBOR 3.1 SE, MI US",2018-01-31,,,0.0,0.0,1.8,,,,
US1MIWS0007,"ANN ARBOR 3.1 SE, MI US",2018-02-01,,,0.0,0.0,0.5,,,,
US1MIWS0007,"ANN ARBOR 3.1 SE, MI US",2018-02-02,,,0.0,0.0,0.0,,,,
US1MIWS0007,"ANN ARBOR 3.1 SE, MI US",2018-02-03,,,0.0,0.0,0.0,,,,
US1MIWS0007,"ANN ARBOR 3.1 SE, MI US",2018-02-04,,,0.05,1.1,1.0,,,,
US1MIWS0007,"ANN ARBOR 3.1 SE, MI US",2018-02-05,,,0.18,2.3,3.5,,,,
US1MIWS0007,"ANN ARBOR 3.1 SE, MI US",2018-02-06,,,0.06,0.9,4.0,,,,
US1MIWS0007,"ANN ARBOR 3.1 SE, MI US",2018-02-07,,,0.08,1.3,5.0,,,,
US1MIWS0007,"ANN ARBOR 3.1 SE, MI US",2018-02-08,,,0.0,0.2,4.5,,,,
US1MIWS0007,"ANN ARBOR 3.1 SE, MI US",2018-02-09,,,0.11,2.3,7.0,,,,
US1MIWS0007,"ANN ARBOR 3.1 SE, MI US",2018-02-10,,,0.51,6.4,12.0,,,,
US1MIWS0007,"ANN ARBOR 3.1 SE, MI US",2018-02-11,,,0.16,1.4,13.5,,,,
US1MIWS0007,"ANN ARBOR 3.1 SE, MI US",2018-02-12,,,0.11,0.0,13.0,,,,
US1MIWS0007,"ANN ARBOR 3.1 SE, MI US",2018-02-13,,,0.0,0.0,11.5,,,,
US1MIWS0007,"ANN ARBOR 3.1 SE, MI US",2018-02-14,,,0.0,0.0,11.0,,,,
US1MIWS0007,"ANN ARBOR 3.1 SE, MI US",2018-02-15,,,0.06,0.0,6.0,,,,
US1MIWS0007,"ANN ARBOR 3.1 SE, MI US",2018-02-16,,,0.03,0.0,3.5,,,,
US1MIWS0007,"ANN ARBOR 3.1 SE, MI US",2018-02-17,,,0.0,0.0,3.0,,,,
US1MIWS0007,"ANN ARBOR 3.1 SE, MI US",2018-02-18,,,0.0,0.0,2.5,,,,
US1MIWS0007,"ANN ARBOR 3.1 SE, MI US",2018-02-19,,,0.02,0.0,2.0,,,,
US1MIWS0007,"ANN ARBOR 3.1 SE, MI US",2018-02-20,,,1.32,0.0,0.5,,,,
US1MIWS0007,"ANN ARBOR 3.1 SE, MI US",2018-02-21,,,1.11,0.0,0.0,,,,
US1MIWS0007,"ANN ARBOR 3.1 SE, MI US",2018-02-22,,,0.04,0.0,0.0,,,,
US1MIWS0007,"ANN ARBOR 3.1 SE, MI US",2018-02-23,,,0.0,0.0,0.0,,,,
US1MIWS0007,"ANN ARBOR 3.1 SE, MI US",2018-02-24,,,0.14,0.0,0.0,,,,
US1MIWS0007,"ANN ARBOR 3.1 SE, MI US",2018-02-25,,,0.11,0.0,0.0,,,,
US1MIWS0007,"ANN ARBOR 3.1 SE, MI US",2018-02-26,,,0.0,0.0,0.0,,,,
US1MIWS0007,"ANN ARBOR 3.1 SE, MI US",2018-02-27,,,0.0,0.0,0.0,,,,
US1MIWS0007,"ANN ARBOR 3.1 SE, MI US",2018-02-28,,,0.0,0.0,0.0,,,,
US1MIWS0007,"ANN ARBOR 3.1 SE, MI US",2018-03-01,,,0.01,0.0,0.0,,,,
US1MIWS0007,"ANN ARBOR 3.1 SE, MI US",2018-03-02,,,2.05,3.1,3.0,,,,
US1MIWS0007,"ANN ARBOR 3.1 SE, MI US",2018-03-03,,,0.0,0.0,1.5,,,,
US1MIWS0007,"ANN ARBOR 3.1 SE, MI US",2018-03-04,,,0.0,0.0,1.0,,,,
US1MIWS0007,"ANN ARBOR 3.1 SE, MI US",2018-03-05,,,0.0,0.0,0.5,,,,
US1MIWS0007,"ANN ARBOR 3.1 SE, MI US",2018-03-06,,,0.0,0.0,0.5,,,,
US1MIWS0007,"ANN ARBOR 3.1 SE, MI US",2018-03-07,,,0.22,0.7,0.5,,,,
US1MIWS0007,"ANN ARBOR 3.1 SE, MI US",2018-03-08,,,0.03,0.0,0.5,,,,
US1MIWS0007,"ANN ARBOR 3.1 SE, MI US",2018-03-09,,,0.0,0.2,0.5,,,,
US1MIWS0007,"ANN ARBOR 3.1 SE, MI US",2018-03-10,,,0.0,0.0,0.0,,,,
US1MIWS0007,"ANN ARBOR 3.1 SE, MI US",2018-03-11,,,0.0,0.0,0.0,,,,
US1MIWS0007,"ANN ARBOR 3.1 SE, MI US",2018-03-12,,,0.0,0.0,0.0,,,,
US1MIWS0007,"ANN ARBOR 3.1 SE, MI US",2018-03-13,,,0.03,0.0,0.0,,,,
US1MIWS0007,"ANN ARBOR 3.1 SE, MI US",2018-03-14,,,0.0,0.0,0.0,,,,
US1MIWS0007,"ANN ARBOR 3.1 SE, MI US",2018-03-15,,,0.0,0.0,0.0,,,,
US1MIWS0007,"ANN ARBOR 3.1 SE, MI US",2018-03-16,,,0.0,0.0,0.0,,,,
US1MIWS0007,"ANN ARBOR 3.1 SE, MI US",2018-03-17,,,0.0,0.0,0.0,,,,
US1MIWS0007,"ANN ARBOR 3.1 SE, MI US",2018-03-18,,,0.0,0.0,0.0,,,,
US1MIWS0007,"ANN ARBOR 3.1 SE, MI US",2018-03-19,,,0.0,0.0,0.0,,,,
US1MIWS0007,"ANN ARBOR 3.1 SE, MI US",2018-03-20,,,0.0,0.0,0.0,,,,
US1MIWS0007,"ANN ARBOR 3.1 SE, MI US",2018-03-21,,,0.0,0.0,0.0,,,,
US1MIWS0007,"ANN ARBOR 3.1 SE, MI US",2018-03-22,,,0.0,0.0,0.0,,,,
US1MIWS0007,"ANN ARBOR 3.1 SE, MI US",2018-03-23,,,0.0,0.0,0.0,,,,
US1MIWS0007,"ANN ARBOR 3.1 SE, MI US",2018-03-24,,,0.0,0.0,0.0,,,,
US1MIWS0007,"ANN ARBOR 3.1 SE, MI US",2018-03-25,,,0.0,0.0,0.0,,,,
US1MIWS0007,"ANN ARBOR 3.1 SE, MI US",2018-03-26,,,0.0,0.0,0.0,,,,
US1MIWS0007,"ANN ARBOR 3.1 SE, MI US",2018-03-27,,,0.18,0.0,0.0,,,,
US1MIWS0007,"ANN ARBOR 3.1 SE, MI US",2018-03-28,,,0.38,0.0,0.0,,,,
US1MIWS0007,"ANN ARBOR 3.1 SE, MI US",2018-03-29,,,0.09,0.0,0.0,,,,
US1MIWS0007,"ANN ARBOR 3.1 SE, MI US",2018-03-30,,,0.2,0.0,0.0,,,,
US1MIWS0007,"ANN ARBOR 3.1 SE, MI US",2018-03-31,,,0.0,0.0,0.0,,,,
US1MIWS0007,"ANN ARBOR 3.1 SE, MI US",2018-04-01,,,0.14,0.0,0.0,,,,
US1MIWS0007,"ANN ARBOR 3.1 SE, MI US",2018-04-02,,,0.0,0.0,0.0,,,,
US1MIWS0007,"ANN ARBOR 3.1 SE, MI US",2018-04-03,,,0.0,0.0,0.0,,,,
US1MIWS0007,"ANN ARBOR 3.1 SE, MI US",2018-04-04,,,0.91,0.0,0.0,,,,
US1MIWS0007,"ANN ARBOR 3.1 SE, MI US",2018-04-05,,,0.0,0.0,0.0,,,,
US1MIWS0007,"ANN ARBOR 3.1 SE, MI US",2018-04-06,,,0.1,1.1,1.0,,,,
US1MIWS0007,"ANN ARBOR 3.1 SE, MI US",2018-04-07,,,0.0,0.2,0.0,,,,
US1MIWS0007,"ANN ARBOR 3.1 SE, MI US",2018-04-08,,,0.0,0.0,0.0,,,,
US1MIWS0007,"ANN ARBOR 3.1 SE, MI US",2018-04-09,,,0.0,0.0,0.0,,,,
US1MIWS0007,"ANN ARBOR 3.1 SE, MI US",2018-04-10,,,0.0,0.0,0.0,,,,
US1MIWS0007,"ANN ARBOR 3.1 SE, MI US",2018-04-11,,,0.0,0.0,0.0,,,,
US1MIWS0007,"ANN ARBOR 3.1 SE, MI US",2018-04-12,,,0.09,0.0,0.0,,,,
US1MIWS0007,"ANN ARBOR 3.1 SE, MI US",2018-04-13,,,0.01,0.0,0.0,,,,
US1MIWS0007,"ANN ARBOR 3.1 SE, MI US",2018-04-14,,,0.16,0.0,0.0,,,,
US1MIWS0007,"ANN ARBOR 3.1 SE, MI US",2018-04-15,,,1.51,0.0,0.0,,,,
US1MIWS0007,"ANN ARBOR 3.1 SE, MI US",2018-04-16,,,1.21,0.0,0.0,,,,
US1MIWS0007,"ANN ARBOR 3.1 SE, MI US",2018-04-17,,,0.05,0.0,0.0,,,,
US1MIWS0007,"ANN ARBOR 3.1 SE, MI US",2018-04-18,,,0.02,0.0,0.0,,,,
US1MIWS0007,"ANN ARBOR 3.1 SE, MI US",2018-04-19,,,0.07,0.0,0.0,,,,
US1MIWS0007,"ANN ARBOR 3.1 SE, MI US",2018-04-20,,,0.0,0.0,0.0,,,,
US1MIWS0007,"ANN ARBOR 3.1 SE, MI US",2018-04-21,,,0.0,0.0,0.0,,,,
US1MIWS0007,"ANN ARBOR 3.1 SE, MI US",2018-04-22,,,0.0,0.0,0.0,,,,
US1MIWS0007,"ANN ARBOR 3.1 SE, MI US",2018-04-23,,,0.0,0.0,0.0,,,,
US1MIWS0007,"ANN ARBOR 3.1 SE, MI US",2018-04-24,,,0.03,0.0,0.0,,,,
US1MIWS0007,"ANN ARBOR 3.1 SE, MI US",2018-04-25,,,0.2,0.0,0.0,,,,
US1MIWS0007,"ANN ARBOR 3.1 SE, MI US",2018-04-26,,,0.03,0.0,0.0,,,,
US1MIWS0007,"ANN ARBOR 3.1 SE, MI US",2018-04-27,,,0.0,0.0,0.0,,,,
US1MIWS0007,"ANN ARBOR 3.1 SE, MI US",2018-04-28,,,0.14,0.0,0.0,,,,
US1MIWS0007,"ANN ARBOR 3.1 SE, MI US",2018-04-29,,,0.03,0.0,0.0,,,,
US1MIWS0007,"ANN ARBOR 3.1 SE, MI US",2018-04-30,,,0.0,0.0,0.0,,,,
US1MIWS0007,"ANN ARBOR 3.1 SE, MI US",2018-05-01,,,0.0,0.0,0.0,,,,
US1MIWS0007,"ANN ARBOR 3.1 SE, MI US",2018-05-02,,,0.0,0.0,0.0,,,,
US1MIWS0007,"ANN ARBOR 3.1 SE, MI US",2018-05-03,,,0.73,0.0,0.0,,,,
US1MIWS0007,"ANN ARBOR 3.1 SE, MI US",2018-05-04,,,0.37,0.0,0.0,,,,
US1MIWS0007,"ANN ARBOR 3.1 SE, MI US",2018-05-06,,,0.0,0.0,0.0,,,,
US1MIWS0007,"ANN ARBOR 3.1 SE, MI US",2018-05-07,,,0.0,0.0,0.0,,,,
US1MIWS0007,"ANN ARBOR 3.1 SE, MI US",2018-05-08,,,0.0,0.0,0.0,,,,
US1MIWS0007,"ANN ARBOR 3.1 SE, MI US",2018-05-09,,,0.0,0.0,0.0,,,,
US1MIWS0007,"ANN ARBOR 3.1 SE, MI US",2018-05-10,,,0.22,0.0,0.0,,,,
US1MIWS0007,"ANN ARBOR 3.1 SE, MI US",2018-05-11,,,0.0,0.0,0.0,,,,
US1MIWS0007,"ANN ARBOR 3.1 SE, MI US",2018-05-12,,,1.38,0.0,0.0,,,,
US1MIWS0007,"ANN ARBOR 3.1 SE, MI US",2018-05-13,,,0.61,0.0,0.0,,,,
US1MIWS0007,"ANN ARBOR 3.1 SE, MI US",2018-05-14,,,0.05,0.0,0.0,,,,
US1MIWS0007,"ANN ARBOR 3.1 SE, MI US",2018-05-15,,,0.53,0.0,0.0,,,,
US1MIWS0007,"ANN ARBOR 3.1 SE, MI US",2018-05-16,,,0.04,0.0,0.0,,,,
US1MIWS0007,"ANN ARBOR 3.1 SE, MI US",2018-05-17,,,0.0,0.0,0.0,,,,
US1MIWS0007,"ANN ARBOR 3.1 SE, MI US",2018-05-18,,,0.0,0.0,0.0,,,,
US1MIWS0007,"ANN ARBOR 3.1 SE, MI US",2018-05-19,,,0.53,0.0,0.0,,,,
US1MIWS0007,"ANN ARBOR 3.1 SE, MI US",2018-05-20,,,0.17,0.0,0.0,,,,
US1MIWS0007,"ANN ARBOR 3.1 SE, MI US",2018-05-21,,,0.04,0.0,0.0,,,,
US1MIWS0007,"ANN ARBOR 3.1 SE, MI US",2018-05-22,,,0.32,0.0,0.0,,,,
US1MIWS0007,"ANN ARBOR 3.1 SE, MI US",2018-05-23,,,0.0,0.0,0.0,,,,
US1MIWS0007,"ANN ARBOR 3.1 SE, MI US",2018-05-24,,,0.0,0.0,0.0,,,,
US1MIWS0007,"ANN ARBOR 3.1 SE, MI US",2018-05-25,,,0.0,0.0,0.0,,,,
US1MIWS0007,"ANN ARBOR 3.1 SE, MI US",2018-05-26,,,0.0,0.0,0.0,,,,
US1MIWS0007,"ANN ARBOR 3.1 SE, MI US",2018-05-27,,,0.0,0.0,0.0,,,,
US1MIWS0007,"ANN ARBOR 3.1 SE, MI US",2018-05-28,,,0.0,0.0,0.0,,,,
US1MIWS0007,"ANN ARBOR 3.1 SE, MI US",2018-05-29,,,0.0,0.0,0.0,,,,
US1MIWS0007,"ANN ARBOR 3.1 SE, MI US",2018-05-30,,,0.0,0.0,0.0,,,,
US1MIWS0007,"ANN ARBOR 3.1 SE, MI US",2018-05-31,,,0.27,0.0,0.0,,,,
US1MIWS0007,"ANN ARBOR 3.1 SE, MI US",2018-06-01,,,0.0,0.0,0.0,,,,
US1MIWS0007,"ANN ARBOR 3.1 SE, MI US",2018-06-02,,,0.0,0.0,0.0,,,,
US1MIWS0007,"ANN ARBOR 3.1 SE, MI US",2018-06-03,,,0.0,0.0,0.0,,,,
US1MIWS0007,"ANN ARBOR 3.1 SE, MI US",2018-06-04,,,0.46,0.0,0.0,,,,
US1MIWS0007,"ANN ARBOR 3.1 SE, MI US",2018-06-05,,,0.09,0.0,0.0,,,,
US1MIWS0007,"ANN ARBOR 3.1 SE, MI US",2018-06-06,,,0.0,0.0,0.0,,,,
US1MIWS0007,"ANN ARBOR 3.1 SE, MI US",2018-06-07,,,0.0,0.0,0.0,,,,
US1MIWS0007,"ANN ARBOR 3.1 SE, MI US",2018-06-08,,,0.0,0.0,0.0,,,,
US1MIWS0007,"ANN ARBOR 3.1 SE, MI US",2018-06-09,,,0.0,0.0,0.0,,,,
US1MIWS0007,"ANN ARBOR 3.1 SE, MI US",2018-06-11,,,0.03,0.0,0.0,,,,
US1MIWS0007,"ANN ARBOR 3.1 SE, MI US",2018-06-12,,,0.0,0.0,0.0,,,,
US1MIWS0007,"ANN ARBOR 3.1 SE, MI US",2018-06-13,,,0.03,0.0,0.0,,,,
US1MIWS0007,"ANN ARBOR 3.1 SE, MI US",2018-06-14,,,0.0,0.0,0.0,,,,
US1MIWS0007,"ANN ARBOR 3.1 SE, MI US",2018-06-15,,,0.0,0.0,0.0,,,,
US1MIWS0007,"ANN ARBOR 3.1 SE, MI US",2018-06-16,,,0.06,0.0,0.0,,,,
US1MIWS0007,"ANN ARBOR 3.1 SE, MI US",2018-06-17,,,0.4,0.0,0.0,,,,
US1MIWS0007,"ANN ARBOR 3.1 SE, MI US",2018-06-18,,,0.0,0.0,0.0,,,,
US1MIWS0007,"ANN ARBOR 3.1 SE, MI US",2018-06-19,,,0.5,0.0,0.0,,,,
US1MIWS0007,"ANN ARBOR 3.1 SE, MI US",2018-06-20,,,0.23,0.0,0.0,,,,
US1MIWS0007,"ANN ARBOR 3.1 SE, MI US",2018-06-21,,,0.06,0.0,0.0,,,,
US1MIWS0007,"ANN ARBOR 3.1 SE, MI US",2018-06-22,,,0.0,0.0,0.0,,,,
US1MIWS0007,"ANN ARBOR 3.1 SE, MI US",2018-06-23,,,0.24,0.0,0.0,,,,
US1MIWS0007,"ANN ARBOR 3.1 SE, MI US",2018-06-25,2.0,0.05,,,0.0,,,,
US1MIWS0007,"ANN ARBOR 3.1 SE, MI US",2018-06-26,,,0.0,0.0,0.0,,,,
US1MIWS0007,"ANN ARBOR 3.1 SE, MI US",2018-06-27,,,0.02,0.0,0.0,,,,
US1MIWS0007,"ANN ARBOR 3.1 SE, MI US",2018-06-28,,,0.04,0.0,0.0,,,,
US1MIWS0007,"ANN ARBOR 3.1 SE, MI US",2018-06-29,,,0.0,0.0,0.0,,,,
US1MIWS0007,"ANN ARBOR 3.1 SE, MI US",2018-06-30,,,0.0,0.0,0.0,,,,
US1MIWS0007,"ANN ARBOR 3.1 SE, MI US",2018-07-01,,,0.0,0.0,0.0,,,,
US1MIWS0007,"ANN ARBOR 3.1 SE, MI US",2018-07-03,,,0.0,0.0,0.0,,,,
US1MIWS0007,"ANN ARBOR 3.1 SE, MI US",2018-07-04,,,0.0,0.0,0.0,,,,
US1MIWS0007,"ANN ARBOR 3.1 SE, MI US",2018-07-05,,,0.08,0.0,0.0,,,,
US1MIWS0007,"ANN ARBOR 3.1 SE, MI US",2018-07-06,,,0.04,0.0,0.0,,,,
US1MIWS0007,"ANN ARBOR 3.1 SE, MI US",2018-07-07,,,0.0,0.0,0.0,,,,
US1MIWS0007,"ANN ARBOR 3.1 SE, MI US",2018-07-08,,,0.0,0.0,0.0,,,,
US1MIWS0007,"ANN ARBOR 3.1 SE, MI US",2018-07-09,,,0.0,0.0,0.0,,,,
US1MIWS0007,"ANN ARBOR 3.1 SE, MI US",2018-07-10,,,0.0,0.0,0.0,,,,
US1MIWS0007,"ANN ARBOR 3.1 SE, MI US",2018-07-11,,,0.0,0.0,0.0,,,,
US1MIWS0007,"ANN ARBOR 3.1 SE, MI US",2018-07-12,,,0.0,0.0,0.0,,,,
US1MIWS0007,"ANN ARBOR 3.1 SE, MI US",2018-07-13,,,0.0,0.0,0.0,,,,
US1MIWS0007,"ANN ARBOR 3.1 SE, MI US",2018-07-14,,,0.0,0.0,0.0,,,,
US1MIWS0007,"ANN ARBOR 3.1 SE, MI US",2018-07-15,,,0.0,0.0,0.0,,,,
US1MIWS0007,"ANN ARBOR 3.1 SE, MI US",2018-07-16,,,0.0,0.0,0.0,,,,
US1MIWS0007,"ANN ARBOR 3.1 SE, MI US",2018-07-17,,,0.05,0.0,0.0,,,,
US1MIWS0007,"ANN ARBOR 3.1 SE, MI US",2018-07-18,,,0.0,0.0,0.0,,,,
US1MIWS0007,"ANN ARBOR 3.1 SE, MI US",2018-07-19,,,0.0,0.0,0.0,,,,
US1MIWS0007,"ANN ARBOR 3.1 SE, MI US",2018-07-20,,,0.0,0.0,0.0,,,,
US1MIWS0007,"ANN ARBOR 3.1 SE, MI US",2018-07-21,,,0.08,0.0,0.0,,,,
US1MIWS0007,"ANN ARBOR 3.1 SE, MI US",2018-07-22,,,0.05,0.0,0.0,,,,
US1MIWS0007,"ANN ARBOR 3.1 SE, MI US",2018-07-23,,,0.03,0.0,0.0,,,,
US1MIWS0007,"ANN ARBOR 3.1 SE, MI US",2018-07-24,,,0.0,0.0,0.0,,,,
US1MIWS0007,"ANN ARBOR 3.1 SE, MI US",2018-07-25,,,0.0,0.0,0.0,,,,
US1MIWS0007,"ANN ARBOR 3.1 SE, MI US",2018-07-26,,,0.0,0.0,0.0,,,,
US1MIWS0007,"ANN ARBOR 3.1 SE, MI US",2018-07-27,,,0.45,0.0,0.0,,,,
US1MIWS0007,"ANN ARBOR 3.1 SE, MI US",2018-07-28,,,0.05,0.0,0.0,,,,
US1MIWS0007,"ANN ARBOR 3.1 SE, MI US",2018-07-29,,,0.0,0.0,0.0,,,,
US1MIWS0007,"ANN ARBOR 3.1 SE, MI US",2018-07-30,,,0.0,0.0,0.0,,,,
US1MIWS0007,"ANN ARBOR 3.1 SE, MI US",2018-07-31,,,0.0,0.0,0.0,,,,
US1MIWS0007,"ANN ARBOR 3.1 SE, MI US",2018-08-01,,,0.98,0.0,0.0,,,,
US1MIWS0007,"ANN ARBOR 3.1 SE, MI US",2018-08-02,,,0.04,0.0,0.0,,,,
US1MIWS0007,"ANN ARBOR 3.1 SE, MI US",2018-08-03,,,0.0,0.0,0.0,,,,
US1MIWS0007,"ANN ARBOR 3.1 SE, MI US",2018-08-04,,,0.0,0.0,0.0,,,,
US1MIWS0007,"ANN ARBOR 3.1 SE, MI US",2018-08-05,,,0.0,0.0,0.0,,,,
US1MIWS0007,"ANN ARBOR 3.1 SE, MI US",2018-08-06,,,0.0,0.0,0.0,,,,
US1MIWS0007,"ANN ARBOR 3.1 SE, MI US",2018-08-07,,,0.78,0.0,0.0,,,,
US1MIWS0007,"ANN ARBOR 3.1 SE, MI US",2018-08-08,,,0.13,0.0,0.0,,,,
US1MIWS0007,"ANN ARBOR 3.1 SE, MI US",2018-08-09,,,0.0,0.0,0.0,,,,
US1MIWS0007,"ANN ARBOR 3.1 SE, MI US",2018-08-10,,,0.0,0.0,0.0,,,,
US1MIWS0007,"ANN ARBOR 3.1 SE, MI US",2018-08-12,,,0.02,0.0,0.0,,,,
US1MIWS0007,"ANN ARBOR 3.1 SE, MI US",2018-08-13,,,0.0,0.0,0.0,,,,
US1MIWS0007,"ANN ARBOR 3.1 SE, MI US",2018-08-14,,,0.0,0.0,0.0,,,,
US1MIWS0007,"ANN ARBOR 3.1 SE, MI US",2018-08-15,,,0.0,0.0,0.0,,,,
US1MIWS0007,"ANN ARBOR 3.1 SE, MI US",2018-08-16,,,0.02,0.0,0.0,,,,
US1MIWS0007,"ANN ARBOR 3.1 SE, MI US",2018-08-17,,,0.14,0.0,0.0,,,,
US1MIWS0007,"ANN ARBOR 3.1 SE, MI US",2018-08-18,,,0.0,0.0,0.0,,,,
US1MIWS0007,"ANN ARBOR 3.1 SE, MI US",2018-08-19,,,0.92,0.0,0.0,,,,
US1MIWS0007,"ANN ARBOR 3.1 SE, MI US",2018-08-20,,,0.0,0.0,0.0,,,,
US1MIWS0007,"ANN ARBOR 3.1 SE, MI US",2018-08-21,,,0.23,0.0,0.0,,,,
US1MIWS0007,"ANN ARBOR 3.1 SE, MI US",2018-08-22,,,0.12,0.0,0.0,,,,
US1MIWS0007,"ANN ARBOR 3.1 SE, MI US",2018-08-23,,,0.03,0.0,0.0,,,,
US1MIWS0007,"ANN ARBOR 3.1 SE, MI US",2018-08-24,,,0.0,0.0,0.0,,,,
US1MIWS0007,"ANN ARBOR 3.1 SE, MI US",2018-08-25,,,0.0,0.0,0.0,,,,
US1MIWS0007,"ANN ARBOR 3.1 SE, MI US",2018-08-26,,,0.14,0.0,0.0,,,,
US1MIWS0007,"ANN ARBOR 3.1 SE, MI US",2018-08-27,,,0.0,0.0,0.0,,,,
US1MIWS0007,"ANN ARBOR 3.1 SE, MI US",2018-08-28,,,0.0,0.0,0.0,,,,
US1MIWS0007,"ANN ARBOR 3.1 SE, MI US",2018-08-29,,,0.0,0.0,0.0,,,,
US1MIWS0007,"ANN ARBOR 3.1 SE, MI US",2018-08-30,,,0.0,0.0,0.0,,,,
US1MIWS0007,"ANN ARBOR 3.1 SE, MI US",2018-08-31,,,0.0,0.0,0.0,,,,
US1MIWS0007,"ANN ARBOR 3.1 SE, MI US",2018-09-01,,,0.0,0.0,0.0,,,,
US1MIWS0007,"ANN ARBOR 3.1 SE, MI US",2018-09-03,,,0.03,0.0,0.0,,,,
US1MIWS0007,"ANN ARBOR 3.1 SE, MI US",2018-09-04,,,0.98,0.0,0.0,,,,
US1MIWS0007,"ANN ARBOR 3.1 SE, MI US",2018-09-05,,,0.0,0.0,0.0,,,,
US1MIWS0007,"ANN ARBOR 3.1 SE, MI US",2018-09-06,,,0.47,0.0,0.0,,,,
US1MIWS0007,"ANN ARBOR 3.1 SE, MI US",2018-09-07,,,0.05,0.0,0.0,,,,
US1MIWS0007,"ANN ARBOR 3.1 SE, MI US",2018-09-08,,,0.0,0.0,0.0,,,,
US1MIWS0007,"ANN ARBOR 3.1 SE, MI US",2018-09-09,,,0.0,0.0,0.0,,,,
US1MIWS0007,"ANN ARBOR 3.1 SE, MI US",2018-09-10,,,0.14,0.0,0.0,,,,
US1MIWS0007,"ANN ARBOR 3.1 SE, MI US",2018-09-11,,,0.1,0.0,0.0,,,,
US1MIWS0007,"ANN ARBOR 3.1 SE, MI US",2018-09-12,,,0.0,0.0,0.0,,,,
US1MIWS0007,"ANN ARBOR 3.1 SE, MI US",2018-09-13,,,0.0,0.0,0.0,,,,
US1MIWS0007,"ANN ARBOR 3.1 SE, MI US",2018-09-14,,,0.0,0.0,0.0,,,,
US1MIWS0007,"ANN ARBOR 3.1 SE, MI US",2018-09-17,3.0,0.02,,,0.0,,,,
US1MIWS0007,"ANN ARBOR 3.1 SE, MI US",2018-09-18,,,0.0,0.0,0.0,,,,
US1MIWS0007,"ANN ARBOR 3.1 SE, MI US",2018-09-19,,,0.0,0.0,0.0,,,,
US1MIWS0007,"ANN ARBOR 3.1 SE, MI US",2018-09-20,,,0.16,0.0,0.0,,,,
US1MIWS0007,"ANN ARBOR 3.1 SE, MI US",2018-09-21,,,0.16,0.0,0.0,,,,
US1MIWS0007,"ANN ARBOR 3.1 SE, MI US",2018-09-22,,,0.0,0.0,0.0,,,,
US1MIWS0007,"ANN ARBOR 3.1 SE, MI US",2018-09-23,,,0.0,0.0,0.0,,,,
US1MIWS0007,"ANN ARBOR 3.1 SE, MI US",2018-09-24,,,0.0,0.0,0.0,,,,
US1MIWS0007,"ANN ARBOR 3.1 SE, MI US",2018-09-25,,,0.34,0.0,0.0,,,,
US1MIWS0007,"ANN ARBOR 3.1 SE, MI US",2018-09-26,,,0.71,0.0,0.0,,,,
US1MIWS0007,"ANN ARBOR 3.1 SE, MI US",2018-09-27,,,0.0,0.0,0.0,,,,
US1MIWS0007,"ANN ARBOR 3.1 SE, MI US",2018-09-28,,,0.0,0.0,0.0,,,,
US1MIWS0007,"ANN ARBOR 3.1 SE, MI US",2018-09-29,,,0.0,0.0,0.0,,,,
US1MIWS0007,"ANN ARBOR 3.1 SE, MI US",2018-09-30,,,0.05,0.0,0.0,,,,
US1MIWS0007,"ANN ARBOR 3.1 SE, MI US",2018-10-01,,,0.02,0.0,0.0,,,,
US1MIWS0007,"ANN ARBOR 3.1 SE, MI US",2018-10-02,,,0.26,0.0,0.0,,,,
US1MIWS0007,"ANN ARBOR 3.1 SE, MI US",2018-10-03,,,0.04,0.0,0.0,,,,
US1MIWS0007,"ANN ARBOR 3.1 SE, MI US",2018-10-04,,,0.0,0.0,0.0,,,,
US1MIWS0007,"ANN ARBOR 3.1 SE, MI US",2018-10-05,,,0.0,0.0,0.0,,,,
US1MIWS0007,"ANN ARBOR 3.1 SE, MI US",2018-10-06,,,0.78,0.0,0.0,,,,
US1MIWS0007,"ANN ARBOR 3.1 SE, MI US",2018-10-07,,,0.49,0.0,0.0,,,,
US1MIWS0007,"ANN ARBOR 3.1 SE, MI US",2018-10-08,,,0.04,0.0,0.0,,,,
US1MIWS0007,"ANN ARBOR 3.1 SE, MI US",2018-10-09,,,0.0,0.0,0.0,,,,
US1MIWS0007,"ANN ARBOR 3.1 SE, MI US",2018-10-10,,,0.0,0.0,0.0,,,,
US1MIWS0007,"ANN ARBOR 3.1 SE, MI US",2018-10-11,,,0.1,0.0,0.0,,,,
US1MIWS0007,"ANN ARBOR 3.1 SE, MI US",2018-10-12,,,0.0,0.0,0.0,,,,
US1MIWS0007,"ANN ARBOR 3.1 SE, MI US",2018-10-13,,,0.11,0.0,0.0,,,,
US1MIWS0007,"ANN ARBOR 3.1 SE, MI US",2018-10-14,,,0.0,0.0,0.0,,,,
US1MIWS0007,"ANN ARBOR 3.1 SE, MI US",2018-10-15,,,0.02,0.0,0.0,,,,
US1MIWS0007,"ANN ARBOR 3.1 SE, MI US",2018-10-16,,,0.01,0.0,0.0,,,,
US1MIWS0007,"ANN ARBOR 3.1 SE, MI US",2018-10-17,,,0.0,0.0,0.0,,,,
US1MIWS0007,"ANN ARBOR 3.1 SE, MI US",2018-10-18,,,0.0,0.0,0.0,,,,
US1MIWS0007,"ANN ARBOR 3.1 SE, MI US",2018-10-19,,,0.0,0.0,0.0,,,,
US1MIWS0007,"ANN ARBOR 3.1 SE, MI US",2018-10-20,,,0.05,0.0,0.0,,,,
US1MIWS0007,"ANN ARBOR 3.1 SE, MI US",2018-10-21,,,0.46,0.0,0.0,,,,
US1MIWS0007,"ANN ARBOR 3.1 SE, MI US",2018-10-22,,,0.0,0.0,0.0,,,,
US1MIWS0007,"ANN ARBOR 3.1 SE, MI US",2018-10-23,,,0.0,0.0,0.0,,,,
US1MIWS0007,"ANN ARBOR 3.1 SE, MI US",2018-10-24,,,0.0,0.0,0.0,,,,
US1MIWS0007,"ANN ARBOR 3.1 SE, MI US",2018-10-25,,,0.0,0.0,0.0,,,,
US1MIWS0007,"ANN ARBOR 3.1 SE, MI US",2018-10-26,,,0.0,0.0,0.0,,,,
US1MIWS0007,"ANN ARBOR 3.1 SE, MI US",2018-10-27,,,0.06,0.0,0.0,,,,
US1MIWS0007,"ANN ARBOR 3.1 SE, MI US",2018-10-28,,,0.07,0.0,0.0,,,,
US1MIWS0007,"ANN ARBOR 3.1 SE, MI US",2018-10-29,,,0.26,0.0,0.0,,,,
US1MIWS0007,"ANN ARBOR 3.1 SE, MI US",2018-10-30,,,0.0,0.0,0.0,,,,
US1MIWS0007,"ANN ARBOR 3.1 SE, MI US",2018-10-31,,,0.3,0.0,0.0,,,,
US1MIWS0007,"ANN ARBOR 3.1 SE, MI US",2018-11-01,,,0.18,0.0,0.0,,,,
US1MIWS0007,"ANN ARBOR 3.1 SE, MI US",2018-11-02,,,0.91,0.0,0.0,,,,
US1MIWS0007,"ANN ARBOR 3.1 SE, MI US",2018-11-03,,,0.0,0.0,0.0,,,,
US1MIWS0007,"ANN ARBOR 3.1 SE, MI US",2018-11-04,,,0.0,0.0,0.0,,,,
US1MIWS0007,"ANN ARBOR 3.1 SE, MI US",2018-11-05,,,0.32,0.0,0.0,,,,
US1MIWS0007,"ANN ARBOR 3.1 SE, MI US",2018-11-06,,,0.28,0.0,0.0,,,,
US1MIWS0007,"ANN ARBOR 3.1 SE, MI US",2018-11-07,,,0.11,0.0,0.0,,,,
US1MIWS0007,"ANN ARBOR 3.1 SE, MI US",2018-11-08,,,0.04,0.0,0.0,,,,
US1MIWS0007,"ANN ARBOR 3.1 SE, MI US",2018-11-09,,,0.08,0.5,0.5,,,,
US1MIWS0007,"ANN ARBOR 3.1 SE, MI US",2018-11-10,,,0.08,0.2,0.0,,,,
US1MIWS0007,"ANN ARBOR 3.1 SE, MI US",2018-11-11,,,0.0,0.0,0.0,,,,
US1MIWS0007,"ANN ARBOR 3.1 SE, MI US",2018-11-12,,,0.0,0.0,0.0,,,,
US1MIWS0007,"ANN ARBOR 3.1 SE, MI US",2018-11-13,,,0.09,0.7,0.5,,,,
US1MIWS0007,"ANN ARBOR 3.1 SE, MI US",2018-11-14,,,0.0,0.0,0.0,,,,
US1MIWS0007,"ANN ARBOR 3.1 SE, MI US",2018-11-15,,,0.0,0.0,0.0,,,,
US1MIWS0007,"ANN ARBOR 3.1 SE, MI US",2018-11-16,,,0.25,0.9,1.0,,,,
US1MIWS0007,"ANN ARBOR 3.1 SE, MI US",2018-11-17,,,0.02,0.0,0.0,,,,
US1MIWS0007,"ANN ARBOR 3.1 SE, MI US",2018-11-18,,,0.04,0.6,0.5,,,,
US1MIWS0007,"ANN ARBOR 3.1 SE, MI US",2018-11-19,,,0.05,0.0,0.0,,,,
US1MIWS0007,"ANN ARBOR 3.1 SE, MI US",2018-11-20,,,0.05,1.1,1.0,,,,
US1MIWS0007,"ANN ARBOR 3.1 SE, MI US",2018-11-21,,,0.0,0.0,0.0,,,,
US1MIWS0007,"ANN ARBOR 3.1 SE, MI US",2018-11-22,,,0.0,0.0,0.0,,,,
US1MIWS0007,"ANN ARBOR 3.1 SE, MI US",2018-11-23,,,0.0,0.0,0.0,,,,
US1MIWS0007,"ANN ARBOR 3.1 SE, MI US",2018-11-24,,,0.32,0.0,0.0,,,,
US1MIWS0007,"ANN ARBOR 3.1 SE, MI US",2018-11-25,,,0.06,0.0,0.0,,,,
US1MIWS0007,"ANN ARBOR 3.1 SE, MI US",2018-11-26,,,0.56,0.0,0.0,,,,
US1MIWS0007,"ANN ARBOR 3.1 SE, MI US",2018-11-27,,,0.26,0.0,0.0,,,,
US1MIWS0007,"ANN ARBOR 3.1 SE, MI US",2018-11-28,,,0.0,0.0,0.0,,,,
US1MIWS0007,"ANN ARBOR 3.1 SE, MI US",2018-11-29,,,0.0,0.0,0.0,,,,
US1MIWS0007,"ANN ARBOR 3.1 SE, MI US",2018-11-30,,,0.01,0.0,0.0,,,,
US1MIWS0007,"ANN ARBOR 3.1 SE, MI US",2018-12-01,,,0.0,0.0,0.0,,,,
US1MIWS0007,"ANN ARBOR 3.1 SE, MI US",2018-12-02,,,0.49,0.0,0.0,,,,
US1MIWS0007,"ANN ARBOR 3.1 SE, MI US",2018-12-03,,,0.06,0.0,0.0,,,,
US1MIWS0007,"ANN ARBOR 3.1 SE, MI US",2018-12-04,,,0.03,0.0,0.0,,,,
US1MIWS0007,"ANN ARBOR 3.1 SE, MI US",2018-12-05,,,0.0,0.0,0.0,,,,
US1MIWS0007,"ANN ARBOR 3.1 SE, MI US",2018-12-06,,,0.0,0.0,0.0,,,,
US1MIWS0007,"ANN ARBOR 3.1 SE, MI US",2018-12-07,,,0.01,0.0,0.0,,,,
US1MIWS0007,"ANN ARBOR 3.1 SE, MI US",2018-12-08,,,0.0,0.0,0.0,,,,
US1MIWS0007,"ANN ARBOR 3.1 SE, MI US",2018-12-09,,,0.0,0.0,0.0,,,,
US1MIWS0007,"ANN ARBOR 3.1 SE, MI US",2018-12-10,,,0.0,0.0,0.0,,,,
US1MIWS0007,"ANN ARBOR 3.1 SE, MI US",2018-12-11,,,0.0,0.0,0.0,,,,
US1MIWS0007,"ANN ARBOR 3.1 SE, MI US",2018-12-12,,,0.0,0.0,0.0,,,,
US1MIWS0007,"ANN ARBOR 3.1 SE, MI US",2018-12-13,,,0.05,0.0,0.0,,,,
US1MIWS0007,"ANN ARBOR 3.1 SE, MI US",2018-12-14,,,0.18,0.0,0.0,,,,
US1MIWS0007,"ANN ARBOR 3.1 SE, MI US",2018-12-15,,,0.0,0.0,0.0,,,,
US1MIWS0007,"ANN ARBOR 3.1 SE, MI US",2018-12-16,,,0.0,0.0,0.0,,,,
US1MIWS0007,"ANN ARBOR 3.1 SE, MI US",2018-12-17,,,0.0,0.0,0.0,,,,
US1MIWS0007,"ANN ARBOR 3.1 SE, MI US",2018-12-18,,,0.0,0.0,0.0,,,,
US1MIWS0007,"ANN ARBOR 3.1 SE, MI US",2018-12-19,,,0.0,0.0,0.0,,,,
US1MIWS0007,"ANN ARBOR 3.1 SE, MI US",2018-12-20,,,0.0,0.0,0.0,,,,
US1MIWS0007,"ANN ARBOR 3.1 SE, MI US",2018-12-21,,,0.43,0.0,0.0,,,,
US1MIWS0007,"ANN ARBOR 3.1 SE, MI US",2018-12-22,,,0.0,0.0,0.0,,,,
US1MIWS0007,"ANN ARBOR 3.1 SE, MI US",2018-12-23,,,0.0,0.0,0.0,,,,
US1MIWS0007,"ANN ARBOR 3.1 SE, MI US",2018-12-24,,,0.0,0.0,0.0,,,,
US1MIWS0007,"ANN ARBOR 3.1 SE, MI US",2018-12-25,,,0.0,0.0,0.0,,,,
US1MIWS0007,"ANN ARBOR 3.1 SE, MI US",2018-12-26,,,0.0,0.0,0.0,,,,
US1MIWS0007,"ANN ARBOR 3.1 SE, MI US",2018-12-27,,,0.0,0.0,0.0,,,,
US1MIWS0007,"ANN ARBOR 3.1 SE, MI US",2018-12-28,,,0.34,0.0,0.0,,,,
US1MIWS0007,"ANN ARBOR 3.1 SE, MI US",2018-12-29,,,0.03,0.4,0.5,,,,
US1MIWS0007,"ANN ARBOR 3.1 SE, MI US",2018-12-30,,,0.03,0.7,0.5,,,,
US1MIWS0007,"ANN ARBOR 3.1 SE, MI US",2018-12-31,,,0.0,0.0,0.0,,,,
US1MIWS0007,"ANN ARBOR 3.1 SE, MI US",2019-01-01,,,0.97,0.0,0.0,,,,
US1MIWS0007,"ANN ARBOR 3.1 SE, MI US",2019-01-02,,,0.0,0.0,0.0,,,,
US1MIWS0007,"ANN ARBOR 3.1 SE, MI US",2019-01-03,,,0.01,0.0,0.0,,,,
US1MIWS0007,"ANN ARBOR 3.1 SE, MI US",2019-01-04,,,0.0,0.0,0.0,,,,
US1MIWS0007,"ANN ARBOR 3.1 SE, MI US",2019-01-05,,,0.0,0.0,0.0,,,,
US1MIWS0007,"ANN ARBOR 3.1 SE, MI US",2019-01-06,,,0.0,0.0,0.0,,,,
US1MIWS0007,"ANN ARBOR 3.1 SE, MI US",2019-01-07,,,0.0,0.0,0.0,,,,
US1MIWS0007,"ANN ARBOR 3.1 SE, MI US",2019-01-08,,,0.09,0.0,0.0,,,,
US1MIWS0007,"ANN ARBOR 3.1 SE, MI US",2019-01-09,,,0.03,0.0,0.0,,,,
US1MIWS0007,"ANN ARBOR 3.1 SE, MI US",2019-01-10,,,0.02,0.0,0.0,,,,
US1MIWS0007,"ANN ARBOR 3.1 SE, MI US",2019-01-11,,,0.0,0.0,0.0,,,,
US1MIWS0007,"ANN ARBOR 3.1 SE, MI US",2019-01-12,,,0.0,0.0,0.0,,,,
US1MIWS0007,"ANN ARBOR 3.1 SE, MI US",2019-01-13,,,0.0,0.0,0.0,,,,
US1MIWS0007,"ANN ARBOR 3.1 SE, MI US",2019-01-14,,,0.0,0.0,0.0,,,,
US1MIWS0007,"ANN ARBOR 3.1 SE, MI US",2019-01-15,,,0.0,0.0,0.0,,,,
US1MIWS0007,"ANN ARBOR 3.1 SE, MI US",2019-01-16,,,0.0,0.0,0.0,,,,
US1MIWS0007,"ANN ARBOR 3.1 SE, MI US",2019-01-17,,,0.0,0.0,0.0,,,,
US1MIWS0007,"ANN ARBOR 3.1 SE, MI US",2019-01-18,,,0.01,0.3,0.5,,,,
US1MIWS0007,"ANN ARBOR 3.1 SE, MI US",2019-01-19,,,0.14,1.1,1.0,,,,
US1MIWS0007,"ANN ARBOR 3.1 SE, MI US",2019-01-20,,,0.2,3.3,4.0,,,,
US1MIWS0007,"ANN ARBOR 3.1 SE, MI US",2019-01-21,,,0.0,0.0,4.0,,,,
US1MIWS0007,"ANN ARBOR 3.1 SE, MI US",2019-01-22,,,0.0,0.0,3.5,,,,
US1MIWS0007,"ANN ARBOR 3.1 SE, MI US",2019-01-23,,,0.53,0.0,2.0,,,,
US1MIWS0007,"ANN ARBOR 3.1 SE, MI US",2019-01-24,,,0.12,0.0,0.0,,,,
US1MIWS0007,"ANN ARBOR 3.1 SE, MI US",2019-01-25,,,0.0,0.1,1.5,,,,
US1MIWS0007,"ANN ARBOR 3.1 SE, MI US",2019-01-26,,,0.0,0.0,1.5,,,,
US1MIWS0007,"ANN ARBOR 3.1 SE, MI US",2019-01-27,,,0.11,2.3,3.0,,,,
US1MIWS0007,"ANN ARBOR 3.1 SE, MI US",2019-01-28,,,0.0,0.0,2.5,,,,
US1MIWS0007,"ANN ARBOR 3.1 SE, MI US",2019-01-29,,,0.29,5.7,6.5,,,,
US1MIWS0007,"ANN ARBOR 3.1 SE, MI US",2019-01-30,,,0.0,0.1,6.0,,,,
US1MIWS0007,"ANN ARBOR 3.1 SE, MI US",2019-01-31,,,0.0,0.0,6.0,,,,
US1MIWS0007,"ANN ARBOR 3.1 SE, MI US",2019-02-01,,,0.0,0.0,5.5,,,,
US1MIWS0007,"ANN ARBOR 3.1 SE, MI US",2019-02-02,,,0.0,0.0,5.0,,,,
US1MIWS0007,"ANN ARBOR 3.1 SE, MI US",2019-02-03,,,0.0,0.0,3.0,,,,
US1MIWS0007,"ANN ARBOR 3.1 SE, MI US",2019-02-04,,,0.02,0.0,0.5,,,,
US1MIWS0007,"ANN ARBOR 3.1 SE, MI US",2019-02-05,,,0.2,0.0,0.0,,,,
US1MIWS0007,"ANN ARBOR 3.1 SE, MI US",2019-02-06,,,0.28,0.0,0.0,,,,
US1MIWS0007,"ANN ARBOR 3.1 SE, MI US",2019-02-07,,,0.11,0.0,0.0,,,,
US1MIWS0007,"ANN ARBOR 3.1 SE, MI US",2019-02-08,,,0.07,0.0,0.0,,,,
US1MIWS0007,"ANN ARBOR 3.1 SE, MI US",2019-02-09,,,0.01,0.3,0.5,,,,
US1MIWS0007,"ANN ARBOR 3.1 SE, MI US",2019-02-10,,,0.0,0.0,0.0,,,,
US1MIWS0007,"ANN ARBOR 3.1 SE, MI US",2019-02-11,,,0.07,0.9,1.0,,,,
US1MIWS0007,"ANN ARBOR 3.1 SE, MI US",2019-02-12,,,0.31,1.7,1.5,,,,
US1MIWS0007,"ANN ARBOR 3.1 SE, MI US",2019-02-13,,,0.29,1.5,3.0,,,,
US1MIWS0007,"ANN ARBOR 3.1 SE, MI US",2019-02-14,,,0.11,2.3,4.0,,,,
US1MIWS0007,"ANN ARBOR 3.1 SE, MI US",2019-02-15,,,0.0,0.0,2.0,,,,
US1MIWS0007,"ANN ARBOR 3.1 SE, MI US",2019-02-16,,,0.0,0.0,1.0,,,,
US1MIWS0007,"ANN ARBOR 3.1 SE, MI US",2019-02-17,,,0.0,0.0,0.5,,,,
US1MIWS0007,"ANN ARBOR 3.1 SE, MI US",2019-02-18,,,0.31,4.7,5.0,,,,
US1MIWS0007,"ANN ARBOR 3.1 SE, MI US",2019-02-19,,,0.0,0.0,4.0,,,,
US1MIWS0007,"ANN ARBOR 3.1 SE, MI US",2019-02-20,,,0.0,0.0,3.5,,,,
US1MIWS0007,"ANN ARBOR 3.1 SE, MI US",2019-02-21,,,0.16,0.0,2.0,,,,
US1MIWS0007,"ANN ARBOR 3.1 SE, MI US",2019-02-22,,,0.0,0.0,1.5,,,,
US1MIWS0007,"ANN ARBOR 3.1 SE, MI US",2019-02-23,,,0.0,0.0,1.0,,,,
US1MIWS0007,"ANN ARBOR 3.1 SE, MI US",2019-02-24,,,0.33,0.0,0.5,,,,
US1MIWS0007,"ANN ARBOR 3.1 SE, MI US",2019-02-25,,,0.01,0.2,0.5,,,,
US1MIWS0007,"ANN ARBOR 3.1 SE, MI US",2019-02-26,,,0.0,0.0,0.5,,,,
US1MIWS0007,"ANN ARBOR 3.1 SE, MI US",2019-02-27,,,0.06,1.1,1.0,,,,
US1MIWS0007,"ANN ARBOR 3.1 SE, MI US",2019-02-28,,,0.0,0.0,1.0,,,,
US1MIWS0007,"ANN ARBOR 3.1 SE, MI US",2019-03-01,,,0.0,0.0,1.0,,,,
US1MIWS0007,"ANN ARBOR 3.1 SE, MI US",2019-03-02,,,0.0,0.0,0.5,,,,
US1MIWS0007,"ANN ARBOR 3.1 SE, MI US",2019-03-03,,,0.0,0.0,0.5,,,,
US1MIWS0007,"ANN ARBOR 3.1 SE, MI US",2019-03-04,,,0.01,0.3,0.5,,,,
US1MIWS0007,"ANN ARBOR 3.1 SE, MI US",2019-03-05,,,0.0,0.2,0.5,,,,
US1MIWS0007,"ANN ARBOR 3.1 SE, MI US",2019-03-06,,,0.01,0.3,0.5,,,,
US1MIWS0007,"ANN ARBOR 3.1 SE, MI US",2019-03-07,,,0.01,0.4,1.0,,,,
US1MIWS0007,"ANN ARBOR 3.1 SE, MI US",2019-03-08,,,0.0,0.0,0.5,,,,
US1MIWS0007,"ANN ARBOR 3.1 SE, MI US",2019-03-09,,,0.0,0.0,0.0,,,,
US1MIWS0007,"ANN ARBOR 3.1 SE, MI US",2019-03-10,,,0.67,0.0,0.0,,,,
US1MIWS0007,"ANN ARBOR 3.1 SE, MI US",2019-03-11,,,0.0,0.0,0.0,,,,
US1MIWS0007,"ANN ARBOR 3.1 SE, MI US",2019-03-12,,,0.0,0.0,0.0,,,,
US1MIWS0007,"ANN ARBOR 3.1 SE, MI US",2019-03-13,,,0.0,0.0,0.0,,,,
US1MIWS0007,"ANN ARBOR 3.1 SE, MI US",2019-03-14,,,0.01,0.0,0.0,,,,
US1MIWS0007,"ANN ARBOR 3.1 SE, MI US",2019-03-15,,,0.53,0.0,0.0,,,,
US1MIWS0007,"ANN ARBOR 3.1 SE, MI US",2019-03-16,,,0.14,0.0,0.0,,,,
US1MIWS0007,"ANN ARBOR 3.1 SE, MI US",2019-03-17,,,0.0,0.0,0.0,,,,
US1MIWS0007,"ANN ARBOR 3.1 SE, MI US",2019-03-18,,,0.01,0.2,0.0,,,,
US1MIWS0007,"ANN ARBOR 3.1 SE, MI US",2019-03-19,,,0.0,0.0,0.0,,,,
US1MIWS0007,"ANN ARBOR 3.1 SE, MI US",2019-03-20,,,0.0,0.0,0.0,,,,
US1MIWS0007,"ANN ARBOR 3.1 SE, MI US",2019-03-21,,,0.09,0.0,0.0,,,,
US1MIWS0007,"ANN ARBOR 3.1 SE, MI US",2019-03-22,,,0.0,0.0,0.0,,,,
US1MIWS0007,"ANN ARBOR 3.1 SE, MI US",2019-03-23,,,0.0,0.0,0.0,,,,
US1MIWS0007,"ANN ARBOR 3.1 SE, MI US",2019-03-24,,,0.0,0.0,0.0,,,,
US1MIWS0007,"ANN ARBOR 3.1 SE, MI US",2019-03-25,,,0.0,0.0,0.0,,,,
US1MIWS0007,"ANN ARBOR 3.1 SE, MI US",2019-03-26,,,0.0,0.0,0.0,,,,
US1MIWS0007,"ANN ARBOR 3.1 SE, MI US",2019-03-27,,,0.0,0.0,0.0,,,,
US1MIWS0007,"ANN ARBOR 3.1 SE, MI US",2019-03-28,,,0.01,0.0,0.0,,,,
US1MIWS0007,"ANN ARBOR 3.1 SE, MI US",2019-03-29,,,0.04,0.0,0.0,,,,
US1MIWS0007,"ANN ARBOR 3.1 SE, MI US",2019-03-30,,,0.49,0.0,0.0,,,,
US1MIWS0007,"ANN ARBOR 3.1 SE, MI US",2019-03-31,,,0.79,0.3,0.5,,,,
US1MIWS0007,"ANN ARBOR 3.1 SE, MI US",2019-04-01,,,0.0,0.0,0.0,,,,
US1MIWS0007,"ANN ARBOR 3.1 SE, MI US",2019-04-02,,,0.0,0.0,0.0,,,,
US1MIWS0007,"ANN ARBOR 3.1 SE, MI US",2019-04-03,,,0.0,0.0,0.0,,,,
US1MIWS0007,"ANN ARBOR 3.1 SE, MI US",2019-04-04,,,0.0,0.0,0.0,,,,
US1MIWS0007,"ANN ARBOR 3.1 SE, MI US",2019-04-05,,,0.02,0.0,0.0,,,,
US1MIWS0007,"ANN ARBOR 3.1 SE, MI US",2019-04-06,,,0.0,0.0,0.0,,,,
US1MIWS0007,"ANN ARBOR 3.1 SE, MI US",2019-04-07,,,0.0,0.0,0.0,,,,
US1MIWS0007,"ANN ARBOR 3.1 SE, MI US",2019-04-08,,,0.0,0.0,0.0,,,,
US1MIWS0007,"ANN ARBOR 3.1 SE, MI US",2019-04-09,,,0.0,0.0,0.0,,,,
US1MIWS0007,"ANN ARBOR 3.1 SE, MI US",2019-04-10,,,0.0,0.0,0.0,,,,
US1MIWS0007,"ANN ARBOR 3.1 SE, MI US",2019-04-11,,,0.07,0.0,0.0,,,,
US1MIWS0007,"ANN ARBOR 3.1 SE, MI US",2019-04-12,,,0.05,0.0,0.0,,,,
US1MIWS0007,"ANN ARBOR 3.1 SE, MI US",2019-04-13,,,0.14,0.0,0.0,,,,
US1MIWS0007,"ANN ARBOR 3.1 SE, MI US",2019-04-14,,,0.14,0.0,0.0,,,,
US1MIWS0007,"ANN ARBOR 3.1 SE, MI US",2019-04-15,,,0.78,0.0,0.0,,,,
US1MIWS0007,"ANN ARBOR 3.1 SE, MI US",2019-04-16,,,0.0,0.0,0.0,,,,
US1MIWS0007,"ANN ARBOR 3.1 SE, MI US",2019-04-17,,,0.0,0.0,0.0,,,,
US1MIWS0007,"ANN ARBOR 3.1 SE, MI US",2019-04-18,,,0.08,0.0,0.0,,,,
US1MIWS0007,"ANN ARBOR 3.1 SE, MI US",2019-04-19,,,0.46,0.0,0.0,,,,
US1MIWS0007,"ANN ARBOR 3.1 SE, MI US",2019-04-20,,,0.08,0.0,0.0,,,,
US1MIWS0007,"ANN ARBOR 3.1 SE, MI US",2019-04-21,,,0.74,0.0,0.0,,,,
US1MIWS0007,"ANN ARBOR 3.1 SE, MI US",2019-04-22,,,0.0,0.0,0.0,,,,
US1MIWS0007,"ANN ARBOR 3.1 SE, MI US",2019-04-23,,,0.05,0.0,0.0,,,,
US1MIWS0007,"ANN ARBOR 3.1 SE, MI US",2019-04-24,,,0.0,0.0,0.0,,,,
US1MIWS0007,"ANN ARBOR 3.1 SE, MI US",2019-04-25,,,0.0,0.0,0.0,,,,
US1MIWS0007,"ANN ARBOR 3.1 SE, MI US",2019-04-26,,,0.94,0.0,0.0,,,,
US1MIWS0007,"ANN ARBOR 3.1 SE, MI US",2019-04-27,,,0.05,0.0,0.0,,,,
US1MIWS0007,"ANN ARBOR 3.1 SE, MI US",2019-04-28,,,0.26,0.0,0.0,,,,
US1MIWS0007,"ANN ARBOR 3.1 SE, MI US",2019-04-29,,,0.0,0.0,0.0,,,,
US1MIWS0007,"ANN ARBOR 3.1 SE, MI US",2019-04-30,,,0.37,0.0,0.0,,,,
US1MIWS0007,"ANN ARBOR 3.1 SE, MI US",2019-05-01,,,1.38,0.0,0.0,,,,
US1MIWS0007,"ANN ARBOR 3.1 SE, MI US",2019-05-02,,,0.04,0.0,0.0,,,,
US1MIWS0007,"ANN ARBOR 3.1 SE, MI US",2019-05-03,,,0.17,0.0,0.0,,,,
US1MIWS0007,"ANN ARBOR 3.1 SE, MI US",2019-05-04,,,0.0,0.0,0.0,,,,
US1MIWS0007,"ANN ARBOR 3.1 SE, MI US",2019-05-05,,,0.0,0.0,0.0,,,,
US1MIWS0007,"ANN ARBOR 3.1 SE, MI US",2019-05-06,,,0.0,0.0,0.0,,,,
US1MIWS0007,"ANN ARBOR 3.1 SE, MI US",2019-05-07,,,0.12,0.0,0.0,,,,
US1MIWS0007,"ANN ARBOR 3.1 SE, MI US",2019-05-08,,,0.13,0.0,0.0,,,,
US1MIWS0007,"ANN ARBOR 3.1 SE, MI US",2019-05-09,,,0.0,0.0,0.0,,,,
US1MIWS0007,"ANN ARBOR 3.1 SE, MI US",2019-05-10,,,0.07,0.0,0.0,,,,
US1MIWS0007,"ANN ARBOR 3.1 SE, MI US",2019-05-11,,,0.0,0.0,0.0,,,,
US1MIWS0007,"ANN ARBOR 3.1 SE, MI US",2019-05-12,,,0.04,0.0,0.0,,,,
US1MIWS0007,"ANN ARBOR 3.1 SE, MI US",2019-05-13,,,0.06,0.0,0.0,,,,
US1MIWS0007,"ANN ARBOR 3.1 SE, MI US",2019-05-14,,,0.0,0.0,0.0,,,,
US1MIWS0007,"ANN ARBOR 3.1 SE, MI US",2019-05-15,,,0.0,0.0,0.0,,,,
US1MIWS0007,"ANN ARBOR 3.1 SE, MI US",2019-05-17,,,0.0,0.0,0.0,,,,
US1MIWS0007,"ANN ARBOR 3.1 SE, MI US",2019-05-18,,,0.22,0.0,0.0,,,,
US1MIWS0007,"ANN ARBOR 3.1 SE, MI US",2019-05-19,,,0.04,0.0,0.0,,,,
US1MIWS0007,"ANN ARBOR 3.1 SE, MI US",2019-05-20,,,0.44,0.0,0.0,,,,
US1MIWS0007,"ANN ARBOR 3.1 SE, MI US",2019-05-21,,,0.04,0.0,0.0,,,,
US1MIWS0007,"ANN ARBOR 3.1 SE, MI US",2019-05-22,,,0.0,0.0,0.0,,,,
US1MIWS0007,"ANN ARBOR 3.1 SE, MI US",2019-05-23,,,0.25,0.0,0.0,,,,
US1MIWS0007,"ANN ARBOR 3.1 SE, MI US",2019-05-24,,,0.06,0.0,0.0,,,,
US1MIWS0007,"ANN ARBOR 3.1 SE, MI US",2019-05-25,,,0.0,0.0,0.0,,,,
US1MIWS0007,"ANN ARBOR 3.1 SE, MI US",2019-05-26,,,0.07,0.0,0.0,,,,
US1MIWS0007,"ANN ARBOR 3.1 SE, MI US",2019-05-27,,,0.03,0.0,0.0,,,,
US1MIWS0007,"ANN ARBOR 3.1 SE, MI US",2019-05-28,,,0.13,0.0,0.0,,,,
US1MIWS0007,"ANN ARBOR 3.1 SE, MI US",2019-05-29,,,0.1,0.0,0.0,,,,
US1MIWS0007,"ANN ARBOR 3.1 SE, MI US",2019-05-30,,,0.04,0.0,0.0,,,,
US1MIWS0007,"ANN ARBOR 3.1 SE, MI US",2019-05-31,,,0.37,0.0,0.0,,,,
US1MIWS0007,"ANN ARBOR 3.1 SE, MI US",2019-06-01,,,0.0,0.0,0.0,,,,
US1MIWS0007,"ANN ARBOR 3.1 SE, MI US",2019-06-02,,,1.15,0.0,0.0,,,,
US1MIWS0007,"ANN ARBOR 3.1 SE, MI US",2019-06-03,,,0.0,0.0,0.0,,,,
US1MIWS0007,"ANN ARBOR 3.1 SE, MI US",2019-06-04,,,0.0,0.0,0.0,,,,
US1MIWS0007,"ANN ARBOR 3.1 SE, MI US",2019-06-05,,,0.01,0.0,0.0,,,,
US1MIWS0007,"ANN ARBOR 3.1 SE, MI US",2019-06-06,,,0.21,0.0,0.0,,,,
US1MIWS0007,"ANN ARBOR 3.1 SE, MI US",2019-06-07,,,0.0,0.0,0.0,,,,
US1MIWS0007,"ANN ARBOR 3.1 SE, MI US",2019-06-08,,,0.0,0.0,0.0,,,,
US1MIWS0007,"ANN ARBOR 3.1 SE, MI US",2019-06-09,,,0.0,0.0,0.0,,,,
US1MIWS0007,"ANN ARBOR 3.1 SE, MI US",2019-06-10,,,0.57,0.0,0.0,,,,
US1MIWS0007,"ANN ARBOR 3.1 SE, MI US",2019-06-11,,,0.51,0.0,0.0,,,,
US1MIWS0007,"ANN ARBOR 3.1 SE, MI US",2019-06-12,,,0.0,0.0,0.0,,,,
US1MIWS0007,"ANN ARBOR 3.1 SE, MI US",2019-06-13,,,0.5,0.0,0.0,,,,
US1MIWS0007,"ANN ARBOR 3.1 SE, MI US",2019-06-14,,,0.12,0.0,0.0,,,,
US1MIWS0007,"ANN ARBOR 3.1 SE, MI US",2019-06-15,,,0.0,0.0,0.0,,,,
US1MIWS0007,"ANN ARBOR 3.1 SE, MI US",2019-06-16,,,0.0,0.0,0.0,,,,
US1MIWS0007,"ANN ARBOR 3.1 SE, MI US",2019-06-17,,,0.29,0.0,0.0,,,,
US1MIWS0007,"ANN ARBOR 3.1 SE, MI US",2019-06-18,,,0.04,0.0,0.0,,,,
US1MIWS0007,"ANN ARBOR 3.1 SE, MI US",2019-06-19,,,0.0,0.0,0.0,,,,
US1MIWS0007,"ANN ARBOR 3.1 SE, MI US",2019-06-20,,,0.04,0.0,0.0,,,,
US1MIWS0007,"ANN ARBOR 3.1 SE, MI US",2019-06-21,,,0.28,0.0,0.0,,,,
US1MIWS0007,"ANN ARBOR 3.1 SE, MI US",2019-06-22,,,0.0,0.0,0.0,,,,
US1MIWS0007,"ANN ARBOR 3.1 SE, MI US",2019-06-23,,,0.0,0.0,0.0,,,,
US1MIWS0007,"ANN ARBOR 3.1 SE, MI US",2019-06-24,,,0.07,0.0,0.0,,,,
US1MIWS0007,"ANN ARBOR 3.1 SE, MI US",2019-06-25,,,0.04,0.0,0.0,,,,
US1MIWS0007,"ANN ARBOR 3.1 SE, MI US",2019-06-26,,,0.0,0.0,0.0,,,,
US1MIWS0007,"ANN ARBOR 3.1 SE, MI US",2019-06-27,,,0.04,0.0,0.0,,,,
US1MIWS0007,"ANN ARBOR 3.1 SE, MI US",2019-06-28,,,0.0,0.0,0.0,,,,
US1MIWS0007,"ANN ARBOR 3.1 SE, MI US",2019-06-29,,,0.0,0.0,0.0,,,,
US1MIWS0007,"ANN ARBOR 3.1 SE, MI US",2019-06-30,,,0.0,0.0,0.0,,,,
US1MIWS0007,"ANN ARBOR 3.1 SE, MI US",2019-07-01,,,0.0,0.0,0.0,,,,
US1MIWS0007,"ANN ARBOR 3.1 SE, MI US",2019-07-02,,,0.0,0.0,0.0,,,,
US1MIWS0007,"ANN ARBOR 3.1 SE, MI US",2019-07-03,,,0.13,0.0,0.0,,,,
US1MIWS0007,"ANN ARBOR 3.1 SE, MI US",2019-07-04,,,0.0,0.0,0.0,,,,
US1MIWS0007,"ANN ARBOR 3.1 SE, MI US",2019-07-05,,,0.35,0.0,0.0,,,,
US1MIWS0007,"ANN ARBOR 3.1 SE, MI US",2019-07-06,,,0.1,0.0,0.0,,,,
US1MIWS0007,"ANN ARBOR 3.1 SE, MI US",2019-07-07,,,0.31,0.0,0.0,,,,
US1MIWS0007,"ANN ARBOR 3.1 SE, MI US",2019-07-08,,,0.0,0.0,0.0,,,,
US1MIWS0007,"ANN ARBOR 3.1 SE, MI US",2019-07-09,,,0.0,0.0,0.0,,,,
US1MIWS0007,"ANN ARBOR 3.1 SE, MI US",2019-07-10,,,0.0,0.0,0.0,,,,
US1MIWS0007,"ANN ARBOR 3.1 SE, MI US",2019-07-11,,,0.0,0.0,0.0,,,,
US1MIWS0007,"ANN ARBOR 3.1 SE, MI US",2019-07-12,,,0.0,0.0,0.0,,,,
US1MIWS0007,"ANN ARBOR 3.1 SE, MI US",2019-07-13,,,0.0,0.0,0.0,,,,
US1MIWS0007,"ANN ARBOR 3.1 SE, MI US",2019-07-14,,,0.0,0.0,0.0,,,,
US1MIWS0007,"ANN ARBOR 3.1 SE, MI US",2019-07-15,,,0.0,0.0,0.0,,,,
US1MIWS0007,"ANN ARBOR 3.1 SE, MI US",2019-07-16,,,0.0,0.0,0.0,,,,
US1MIWS0007,"ANN ARBOR 3.1 SE, MI US",2019-07-17,,,3.35,0.0,0.0,,,,
US1MIWS0007,"ANN ARBOR 3.1 SE, MI US",2019-07-18,,,0.0,0.0,0.0,,,,
US1MIWS0007,"ANN ARBOR 3.1 SE, MI US",2019-07-19,,,0.03,0.0,0.0,,,,
US1MIWS0007,"ANN ARBOR 3.1 SE, MI US",2019-07-20,,,0.38,0.0,0.0,,,,
US1MIWS0007,"ANN ARBOR 3.1 SE, MI US",2019-07-21,,,0.07,0.0,0.0,,,,
US1MIWS0007,"ANN ARBOR 3.1 SE, MI US",2019-07-22,,,0.15,0.0,0.0,,,,
US1MIWS0007,"ANN ARBOR 3.1 SE, MI US",2019-07-23,,,0.0,0.0,0.0,,,,
US1MIWS0007,"ANN ARBOR 3.1 SE, MI US",2019-07-24,,,0.05,0.0,0.0,,,,
US1MIWS0007,"ANN ARBOR 3.1 SE, MI US",2019-07-25,,,0.0,0.0,0.0,,,,
US1MIWS0007,"ANN ARBOR 3.1 SE, MI US",2019-07-26,,,0.0,0.0,0.0,,,,
US1MIWS0007,"ANN ARBOR 3.1 SE, MI US",2019-07-27,,,0.0,0.0,0.0,,,,
US1MIWS0007,"ANN ARBOR 3.1 SE, MI US",2019-07-28,,,0.0,0.0,0.0,,,,
US1MIWS0007,"ANN ARBOR 3.1 SE, MI US",2019-07-29,,,0.0,0.0,0.0,,,,
US1MIWS0007,"ANN ARBOR 3.1 SE, MI US",2019-07-30,,,0.28,0.0,0.0,,,,
US1MIWS0007,"ANN ARBOR 3.1 SE, MI US",2019-07-31,,,0.0,0.0,0.0,,,,
US1MIWS0007,"ANN ARBOR 3.1 SE, MI US",2019-08-01,,,0.0,0.0,0.0,,,,
US1MIWS0007,"ANN ARBOR 3.1 SE, MI US",2019-08-02,,,0.0,0.0,0.0,,,,
US1MIWS0007,"ANN ARBOR 3.1 SE, MI US",2019-08-03,,,0.0,0.0,0.0,,,,
US1MIWS0007,"ANN ARBOR 3.1 SE, MI US",2019-08-04,,,0.0,0.0,0.0,,,,
US1MIWS0007,"ANN ARBOR 3.1 SE, MI US",2019-08-05,,,0.0,0.0,0.0,,,,
US1MIWS0007,"ANN ARBOR 3.1 SE, MI US",2019-08-06,,,0.0,0.0,0.0,,,,
US1MIWS0007,"ANN ARBOR 3.1 SE, MI US",2019-08-07,,,0.13,0.0,0.0,,,,
US1MIWS0007,"ANN ARBOR 3.1 SE, MI US",2019-08-08,,,0.0,0.0,0.0,,,,
US1MIWS0007,"ANN ARBOR 3.1 SE, MI US",2019-08-09,,,0.0,0.0,0.0,,,,
US1MIWS0007,"ANN ARBOR 3.1 SE, MI US",2019-08-10,,,0.01,0.0,0.0,,,,
US1MIWS0007,"ANN ARBOR 3.1 SE, MI US",2019-08-11,,,0.0,0.0,0.0,,,,
US1MIWS0007,"ANN ARBOR 3.1 SE, MI US",2019-08-12,,,0.0,0.0,0.0,,,,
US1MIWS0007,"ANN ARBOR 3.1 SE, MI US",2019-08-13,,,0.0,0.0,0.0,,,,
US1MIWS0007,"ANN ARBOR 3.1 SE, MI US",2019-08-14,,,0.0,0.0,0.0,,,,
US1MIWS0007,"ANN ARBOR 3.1 SE, MI US",2019-08-15,,,0.0,0.0,0.0,,,,
US1MIWS0007,"ANN ARBOR 3.1 SE, MI US",2019-08-16,,,0.0,0.0,0.0,,,,
US1MIWS0007,"ANN ARBOR 3.1 SE, MI US",2019-08-17,,,0.06,0.0,0.0,,,,
US1MIWS0007,"ANN ARBOR 3.1 SE, MI US",2019-08-18,,,0.0,0.0,0.0,,,,
US1MIWS0007,"ANN ARBOR 3.1 SE, MI US",2019-08-19,,,0.31,0.0,0.0,,,,
US1MIWS0007,"ANN ARBOR 3.1 SE, MI US",2019-08-20,,,0.0,0.0,0.0,,,,
US1MIWS0007,"ANN ARBOR 3.1 SE, MI US",2019-08-21,,,0.03,0.0,0.0,,,,
US1MIWS0007,"ANN ARBOR 3.1 SE, MI US",2019-08-22,,,0.0,0.0,0.0,,,,
US1MIWS0007,"ANN ARBOR 3.1 SE, MI US",2019-08-23,,,0.0,0.0,0.0,,,,
US1MIWS0007,"ANN ARBOR 3.1 SE, MI US",2019-08-24,,,0.0,0.0,0.0,,,,
US1MIWS0007,"ANN ARBOR 3.1 SE, MI US",2019-08-25,,,0.0,0.0,0.0,,,,
US1MIWS0007,"ANN ARBOR 3.1 SE, MI US",2019-08-26,,,0.0,0.0,0.0,,,,
US1MIWS0007,"ANN ARBOR 3.1 SE, MI US",2019-08-27,,,0.82,0.0,0.0,,,,
US1MIWS0007,"ANN ARBOR 3.1 SE, MI US",2019-08-28,,,0.18,0.0,0.0,,,,
US1MIWS0007,"ANN ARBOR 3.1 SE, MI US",2019-08-29,,,0.0,0.0,0.0,,,,
US1MIWS0007,"ANN ARBOR 3.1 SE, MI US",2019-08-30,,,0.08,0.0,0.0,,,,
US1MIWS0007,"ANN ARBOR 3.1 SE, MI US",2019-08-31,,,0.02,0.0,0.0,,,,
US1MIWS0007,"ANN ARBOR 3.1 SE, MI US",2019-09-01,,,0.0,0.0,0.0,,,,
US1MIWS0007,"ANN ARBOR 3.1 SE, MI US",2019-09-02,,,0.14,0.0,0.0,,,,
US1MIWS0007,"ANN ARBOR 3.1 SE, MI US",2019-09-03,,,0.0,0.0,0.0,,,,
US1MIWS0007,"ANN ARBOR 3.1 SE, MI US",2019-09-04,,,0.26,0.0,0.0,,,,
US1MIWS0007,"ANN ARBOR 3.1 SE, MI US",2019-09-05,,,0.0,0.0,0.0,,,,
US1MIWS0007,"ANN ARBOR 3.1 SE, MI US",2019-09-06,,,0.0,0.0,0.0,,,,
US1MIWS0007,"ANN ARBOR 3.1 SE, MI US",2019-09-07,,,0.0,0.0,0.0,,,,
US1MIWS0007,"ANN ARBOR 3.1 SE, MI US",2019-09-08,,,0.0,0.0,0.0,,,,
US1MIWS0007,"ANN ARBOR 3.1 SE, MI US",2019-09-09,,,0.0,0.0,0.0,,,,
US1MIWS0007,"ANN ARBOR 3.1 SE, MI US",2019-09-10,,,0.0,0.0,0.0,,,,
US1MIWS0007,"ANN ARBOR 3.1 SE, MI US",2019-09-11,,,0.0,0.0,0.0,,,,
US1MIWS0007,"ANN ARBOR 3.1 SE, MI US",2019-09-12,,,1.09,0.0,0.0,,,,
US1MIWS0007,"ANN ARBOR 3.1 SE, MI US",2019-09-13,,,0.0,0.0,0.0,,,,
US1MIWS0007,"ANN ARBOR 3.1 SE, MI US",2019-09-14,,,0.22,0.0,0.0,,,,
US1MIWS0007,"ANN ARBOR 3.1 SE, MI US",2019-09-16,2.0,0.06,,,0.0,,,,
US1MIWS0007,"ANN ARBOR 3.1 SE, MI US",2019-09-17,,,0.0,0.0,0.0,,,,
US1MIWS0007,"ANN ARBOR 3.1 SE, MI US",2019-09-18,,,0.0,0.0,0.0,,,,
US1MIWS0007,"ANN ARBOR 3.1 SE, MI US",2019-09-19,,,0.0,0.0,0.0,,,,
US1MIWS0007,"ANN ARBOR 3.1 SE, MI US",2019-09-20,,,0.0,0.0,0.0,,,,
US1MIWS0007,"ANN ARBOR 3.1 SE, MI US",2019-09-21,,,0.0,0.0,0.0,,,,
US1MIWS0007,"ANN ARBOR 3.1 SE, MI US",2019-09-22,,,0.06,0.0,0.0,,,,
US1MIWS0007,"ANN ARBOR 3.1 SE, MI US",2019-09-23,,,0.01,0.0,0.0,,,,
US1MIWS0007,"ANN ARBOR 3.1 SE, MI US",2019-09-24,,,0.0,0.0,0.0,,,,
US1MIWS0007,"ANN ARBOR 3.1 SE, MI US",2019-09-25,,,0.0,0.0,0.0,,,,
US1MIWS0007,"ANN ARBOR 3.1 SE, MI US",2019-09-26,,,0.02,0.0,0.0,,,,
US1MIWS0007,"ANN ARBOR 3.1 SE, MI US",2019-09-27,,,0.0,0.0,0.0,,,,
US1MIWS0007,"ANN ARBOR 3.1 SE, MI US",2019-09-28,,,0.81,0.0,0.0,,,,
US1MIWS0007,"ANN ARBOR 3.1 SE, MI US",2019-09-29,,,0.06,0.0,0.0,,,,
US1MIWS0007,"ANN ARBOR 3.1 SE, MI US",2019-09-30,,,0.26,0.0,0.0,,,,
US1MIWS0007,"ANN ARBOR 3.1 SE, MI US",2019-10-01,,,0.07,0.0,0.0,,,,
US1MIWS0007,"ANN ARBOR 3.1 SE, MI US",2019-10-02,,,0.0,0.0,0.0,,,,
US1MIWS0007,"ANN ARBOR 3.1 SE, MI US",2019-10-03,,,0.82,0.0,0.0,,,,
US1MIWS0007,"ANN ARBOR 3.1 SE, MI US",2019-10-04,,,0.04,0.0,0.0,,,,
US1MIWS0007,"ANN ARBOR 3.1 SE, MI US",2019-10-05,,,0.0,0.0,0.0,,,,
US1MIWS0007,"ANN ARBOR 3.1 SE, MI US",2019-10-06,,,0.0,0.0,0.0,,,,
US1MIWS0007,"ANN ARBOR 3.1 SE, MI US",2019-10-07,,,0.03,0.0,0.0,,,,
US1MIWS0007,"ANN ARBOR 3.1 SE, MI US",2019-10-08,,,0.0,0.0,0.0,,,,
US1MIWS0007,"ANN ARBOR 3.1 SE, MI US",2019-10-12,4.0,0.46,,,0.0,,,,
US1MIWS0007,"ANN ARBOR 3.1 SE, MI US",2019-10-13,,,0.0,0.0,0.0,,,,
US1MIWS0007,"ANN ARBOR 3.1 SE, MI US",2019-10-14,,,0.0,0.0,0.0,,,,
US1MIWS0007,"ANN ARBOR 3.1 SE, MI US",2019-10-15,,,0.0,0.0,0.0,,,,
US1MIWS0007,"ANN ARBOR 3.1 SE, MI US",2019-10-16,,,0.06,0.0,0.0,,,,
US1MIWS0007,"ANN ARBOR 3.1 SE, MI US",2019-10-17,,,0.0,0.0,0.0,,,,
US1MIWS0007,"ANN ARBOR 3.1 SE, MI US",2019-10-18,,,0.0,0.0,0.0,,,,
US1MIWS0007,"ANN ARBOR 3.1 SE, MI US",2019-10-19,,,0.0,0.0,0.0,,,,
US1MIWS0007,"ANN ARBOR 3.1 SE, MI US",2019-10-20,,,0.0,0.0,0.0,,,,
US1MIWS0007,"ANN ARBOR 3.1 SE, MI US",2019-10-21,,,0.0,0.0,0.0,,,,
US1MIWS0007,"ANN ARBOR 3.1 SE, MI US",2019-10-22,,,0.22,0.0,0.0,,,,
US1MIWS0007,"ANN ARBOR 3.1 SE, MI US",2019-10-23,,,0.0,0.0,0.0,,,,
US1MIWS0007,"ANN ARBOR 3.1 SE, MI US",2019-10-24,,,0.0,0.0,0.0,,,,
US1MIWS0007,"ANN ARBOR 3.1 SE, MI US",2019-10-25,,,0.0,0.0,0.0,,,,
US1MIWS0007,"ANN ARBOR 3.1 SE, MI US",2019-10-26,,,0.0,0.0,0.0,,,,
US1MIWS0007,"ANN ARBOR 3.1 SE, MI US",2019-10-27,,,1.33,0.0,0.0,,,,
US1MIWS0007,"ANN ARBOR 3.1 SE, MI US",2019-10-28,,,0.04,0.0,0.0,,,,
US1MIWS0007,"ANN ARBOR 3.1 SE, MI US",2019-10-29,,,0.0,0.0,0.0,,,,
US1MIWS0007,"ANN ARBOR 3.1 SE, MI US",2019-10-30,,,0.02,0.0,0.0,,,,
US1MIWS0007,"ANN ARBOR 3.1 SE, MI US",2019-10-31,,,0.35,0.0,0.0,,,,
US1MIWS0007,"ANN ARBOR 3.1 SE, MI US",2019-11-01,,,0.78,0.0,0.0,,,,
US1MIWS0007,"ANN ARBOR 3.1 SE, MI US",2019-11-02,,,0.0,0.0,0.0,,,,
US1MIWS0007,"ANN ARBOR 3.1 SE, MI US",2019-11-03,,,0.04,0.0,0.0,,,,
US1MIWS0007,"ANN ARBOR 3.1 SE, MI US",2019-11-04,,,0.03,0.0,0.0,,,,
US1MIWS0007,"ANN ARBOR 3.1 SE, MI US",2019-11-05,,,0.0,0.0,0.0,,,,
US1MIWS0007,"ANN ARBOR 3.1 SE, MI US",2019-11-06,,,0.0,0.0,0.0,,,,
US1MIWS0007,"ANN ARBOR 3.1 SE, MI US",2019-11-07,,,0.0,0.2,0.2,,,,
US1MIWS0007,"ANN ARBOR 3.1 SE, MI US",2019-11-08,,,0.01,0.0,0.0,,,,
US1MIWS0007,"ANN ARBOR 3.1 SE, MI US",2019-11-09,,,0.0,0.0,0.0,,,,
US1MIWS0007,"ANN ARBOR 3.1 SE, MI US",2019-11-10,,,0.0,0.0,0.0,,,,
US1MIWS0007,"ANN ARBOR 3.1 SE, MI US",2019-11-11,,,0.03,0.6,0.6,,,,
US1MIWS0007,"ANN ARBOR 3.1 SE, MI US",2019-11-12,,,0.61,6.1,6.1,,,,
US1MIWS0007,"ANN ARBOR 3.1 SE, MI US",2019-11-13,,,0.0,0.0,5.5,,,,
US1MIWS0007,"ANN ARBOR 3.1 SE, MI US",2019-11-14,,,0.01,0.1,5.5,,,,
US1MIWS0007,"ANN ARBOR 3.1 SE, MI US",2019-11-15,,,0.0,0.0,5.3,,,,
US1MIWS0007,"ANN ARBOR 3.1 SE, MI US",2019-11-16,,,0.0,0.0,4.2,,,,
US1MIWS0007,"ANN ARBOR 3.1 SE, MI US",2019-11-17,,,0.0,0.0,0.0,,,,
US1MIWS0007,"ANN ARBOR 3.1 SE, MI US",2019-11-18,,,0.04,0.0,1.0,,,,
US1MIWS0007,"ANN ARBOR 3.1 SE, MI US",2019-11-19,,,0.0,0.0,0.5,,,,
US1MIWS0007,"ANN ARBOR 3.1 SE, MI US",2019-11-20,,,0.0,0.0,0.0,,,,
US1MIWS0007,"ANN ARBOR 3.1 SE, MI US",2019-11-21,,,0.0,0.0,0.0,,,,
US1MIWS0007,"ANN ARBOR 3.1 SE, MI US",2019-11-22,,,0.21,0.0,0.0,,,,
US1MIWS0007,"ANN ARBOR 3.1 SE, MI US",2019-11-23,,,0.0,0.0,0.0,,,,
US1MIWS0007,"ANN ARBOR 3.1 SE, MI US",2019-11-24,,,0.0,0.0,0.0,,,,
US1MIWS0007,"ANN ARBOR 3.1 SE, MI US",2019-11-25,,,0.03,0.0,0.0,,,,
US1MIWS0007,"ANN ARBOR 3.1 SE, MI US",2019-11-26,,,0.0,0.0,0.0,,,,
US1MIWS0007,"ANN ARBOR 3.1 SE, MI US",2019-11-27,,,0.84,0.0,0.0,,,,
US1MIWS0007,"ANN ARBOR 3.1 SE, MI US",2019-11-28,,,0.03,0.0,0.0,,,,
US1MIWS0007,"ANN ARBOR 3.1 SE, MI US",2019-11-29,,,0.0,0.0,0.0,,,,
US1MIWS0007,"ANN ARBOR 3.1 SE, MI US",2019-11-30,,,0.0,0.0,0.0,,,,
US1MIWS0007,"ANN ARBOR 3.1 SE, MI US",2019-12-01,,,0.26,0.0,0.0,,,,
US1MIWS0007,"ANN ARBOR 3.1 SE, MI US",2019-12-02,,,0.17,0.0,0.0,,,,
US1MIWS0007,"ANN ARBOR 3.1 SE, MI US",2019-12-03,,,0.0,0.0,0.0,,,,
US1MIWS0007,"ANN ARBOR 3.1 SE, MI US",2019-12-04,,,0.0,0.0,,,,,
US1MIWS0007,"ANN ARBOR 3.1 SE, MI US",2019-12-05,,,0.0,0.0,0.0,,,,
US1MIWS0007,"ANN ARBOR 3.1 SE, MI US",2019-12-06,,,0.0,0.0,0.0,,,,
US1MIWS0007,"ANN ARBOR 3.1 SE, MI US",2019-12-07,,,0.0,0.0,0.0,,,,
US1MIWS0007,"ANN ARBOR 3.1 SE, MI US",2019-12-08,,,0.0,0.0,0.0,,,,
US1MIWS0007,"ANN ARBOR 3.1 SE, MI US",2019-12-09,,,0.0,0.0,0.0,,,,
US1MIWS0007,"ANN ARBOR 3.1 SE, MI US",2019-12-10,,,0.34,0.0,0.0,,,,
US1MIWS0007,"ANN ARBOR 3.1 SE, MI US",2019-12-11,,,0.02,0.0,0.0,,,,
US1MIWS0007,"ANN ARBOR 3.1 SE, MI US",2019-12-12,,,0.04,0.0,0.0,,,,
US1MIWS0007,"ANN ARBOR 3.1 SE, MI US",2019-12-15,3.0,0.08,,,0.0,,,,
US1MIWS0007,"ANN ARBOR 3.1 SE, MI US",2019-12-16,,,0.0,0.0,0.0,,,,
US1MIWS0007,"ANN ARBOR 3.1 SE, MI US",2019-12-17,,,0.0,0.0,0.0,,,,
US1MIWS0007,"ANN ARBOR 3.1 SE, MI US",2019-12-18,,,0.07,0.6,0.6,,,,
US1MIWS0007,"ANN ARBOR 3.1 SE, MI US",2019-12-19,,,0.0,0.0,0.5,,,,
US1MIWS0007,"ANN ARBOR 3.1 SE, MI US",2019-12-20,,,0.0,0.0,0.0,,,,
US1MIWS0007,"ANN ARBOR 3.1 SE, MI US",2019-12-21,,,0.0,0.0,0.0,,,,
US1MIWS0007,"ANN ARBOR 3.1 SE, MI US",2019-12-22,,,0.0,0.0,0.0,,,,
US1MIWS0007,"ANN ARBOR 3.1 SE, MI US",2019-12-23,,,0.0,0.0,0.0,,,,
US1MIWS0007,"ANN ARBOR 3.1 SE, MI US",2019-12-24,,,0.0,0.0,0.0,,,,
US1MIWS0007,"ANN ARBOR 3.1 SE, MI US",2019-12-25,,,0.03,0.0,0.0,,,,
US1MIWS0007,"ANN ARBOR 3.1 SE, MI US",2019-12-26,,,0.0,0.0,0.0,,,,
US1MIWS0007,"ANN ARBOR 3.1 SE, MI US",2019-12-27,,,0.0,0.0,0.0,,,,
US1MIWS0007,"ANN ARBOR 3.1 SE, MI US",2019-12-28,,,0.0,0.0,0.0,,,,
US1MIWS0007,"ANN ARBOR 3.1 SE, MI US",2019-12-29,,,0.27,0.0,0.0,,,,
US1MIWS0007,"ANN ARBOR 3.1 SE, MI US",2019-12-30,,,1.71,0.0,0.0,,,,
US1MIWS0007,"ANN ARBOR 3.1 SE, MI US",2019-12-31,,,0.06,1.2,1.0,,,,
US1MIWS0007,"ANN ARBOR 3.1 SE, MI US",2020-01-01,,,0.01,0.3,1.0,,,,
US1MIWS0007,"ANN ARBOR 3.1 SE, MI US",2020-01-02,,,0.0,0.0,0.0,,,,
US1MIWS0007,"ANN ARBOR 3.1 SE, MI US",2020-01-03,,,0.0,0.0,0.0,,,,
US1MIWS0007,"ANN ARBOR 3.1 SE, MI US",2020-01-04,,,0.0,0.0,0.0,,,,
US1MIWS0007,"ANN ARBOR 3.1 SE, MI US",2020-01-05,,,0.01,0.0,0.0,,,,
US1MIWS0007,"ANN ARBOR 3.1 SE, MI US",2020-01-06,,,0.04,0.0,0.0,,,,
US1MIWS0007,"ANN ARBOR 3.1 SE, MI US",2020-01-07,,,0.0,0.0,0.0,,,,
US1MIWS0007,"ANN ARBOR 3.1 SE, MI US",2020-01-08,,,0.0,0.0,0.0,,,,
US1MIWS0007,"ANN ARBOR 3.1 SE, MI US",2020-01-09,,,0.0,0.0,0.0,,,,
US1MIWS0007,"ANN ARBOR 3.1 SE, MI US",2020-01-10,,,0.02,0.0,0.0,,,,
US1MIWS0007,"ANN ARBOR 3.1 SE, MI US",2020-01-11,,,0.89,0.0,0.0,,,,
US1MIWS0007,"ANN ARBOR 3.1 SE, MI US",2020-01-12,,,,0.1,0.1,,,,
US1MIWS0007,"ANN ARBOR 3.1 SE, MI US",2020-01-13,,,0.01,0.4,0.5,,,,
US1MIWS0007,"ANN ARBOR 3.1 SE, MI US",2020-01-14,,,0.0,0.0,0.0,,,,
US1MIWS0007,"ANN ARBOR 3.1 SE, MI US",2020-01-15,,,0.0,0.0,0.0,,,,
US1MIWS0007,"ANN ARBOR 3.1 SE, MI US",2020-01-16,,,0.0,0.0,0.0,,,,
US1MIWS0007,"ANN ARBOR 3.1 SE, MI US",2020-01-17,,,0.0,0.0,0.0,,,,
US1MIWS0007,"ANN ARBOR 3.1 SE, MI US",2020-01-18,,,,4.7,4.7,,,,
US1MIWS0007,"ANN ARBOR 3.1 SE, MI US",2020-01-19,,,0.3,0.2,5.0,,,,
US1MIWS0007,"ANN ARBOR 3.1 SE, MI US",2020-01-20,,,0.0,0.1,4.8,,,,
US1MIWS0007,"ANN ARBOR 3.1 SE, MI US",2020-01-21,,,0.0,0.0,4.5,,,,
US1MIWS0007,"ANN ARBOR 3.1 SE, MI US",2020-01-22,,,0.0,0.0,4.5,,,,
US1MIWS0007,"ANN ARBOR 3.1 SE, MI US",2020-01-23,,,0.0,0.0,4.2,,,,
US1MIWS0007,"ANN ARBOR 3.1 SE, MI US",2020-01-24,,,0.11,0.0,3.5,,,,
US1MIWS0007,"ANN ARBOR 3.1 SE, MI US",2020-01-25,,,0.73,0.0,2.5,,,,
US1MIWS0007,"ANN ARBOR 3.1 SE, MI US",2020-01-26,,,0.07,0.0,2.5,,,,
US1MIWS0007,"ANN ARBOR 3.1 SE, MI US",2020-01-27,,,0.05,0.0,1.5,,,,
US1MIWS0007,"ANN ARBOR 3.1 SE, MI US",2020-01-28,,,0.0,0.0,1.0,,,,
US1MIWS0007,"ANN ARBOR 3.1 SE, MI US",2020-01-29,,,0.0,0.0,0.5,,,,
US1MIWS0007,"ANN ARBOR 3.1 SE, MI US",2020-01-30,,,0.0,0.0,0.5,,,,
US1MIWS0007,"ANN ARBOR 3.1 SE, MI US",2020-01-31,,,0.0,0.0,0.5,,,,
US1MIWS0007,"ANN ARBOR 3.1 SE, MI US",2020-02-01,,,0.01,0.0,0.3,,,,
US1MIWS0007,"ANN ARBOR 3.1 SE, MI US",2020-02-02,,,0.09,0.0,0.1,,,,
US1MIWS0007,"ANN ARBOR 3.1 SE, MI US",2020-02-03,,,0.0,0.0,0.0,,,,
US1MIWS0007,"ANN ARBOR 3.1 SE, MI US",2020-02-04,,,0.0,0.0,0.0,,,,
US1MIWS0007,"ANN ARBOR 3.1 SE, MI US",2020-02-05,,,0.0,0.0,0.0,,,,
US1MIWS0007,"ANN ARBOR 3.1 SE, MI US",2020-02-06,,,0.13,1.7,1.7,,,,
US1MIWS0007,"ANN ARBOR 3.1 SE, MI US",2020-02-07,,,0.07,1.1,3.0,,,,
US1MIWS0007,"ANN ARBOR 3.1 SE, MI US",2020-02-08,,,0.03,0.6,2.5,,,,
US1MIWS0007,"ANN ARBOR 3.1 SE, MI US",2020-02-09,,,0.0,0.0,2.0,,,,
US1MIWS0007,"ANN ARBOR 3.1 SE, MI US",2020-02-10,,,0.19,0.4,2.0,,,,
US1MIWS0007,"ANN ARBOR 3.1 SE, MI US",2020-02-11,,,0.0,0.0,1.5,,,,
US1MIWS0007,"ANN ARBOR 3.1 SE, MI US",2020-02-12,,,0.0,0.0,1.0,,,,
US1MIWS0007,"ANN ARBOR 3.1 SE, MI US",2020-02-13,,,0.06,1.1,1.5,,,,
US1MIWS0007,"ANN ARBOR 3.1 SE, MI US",2020-02-14,,,0.04,0.9,2.0,,,,
US1MIWS0007,"ANN ARBOR 3.1 SE, MI US",2020-02-15,,,0.0,0.0,1.8,,,,
US1MIWS0007,"ANN ARBOR 3.1 SE, MI US",2020-02-16,,,0.0,0.0,1.7,,,,
US1MIWS0007,"ANN ARBOR 3.1 SE, MI US",2020-02-17,,,0.0,0.0,0.8,,,,
US1MIWS0007,"ANN ARBOR 3.1 SE, MI US",2020-02-18,,,0.06,0.0,0.5,,,,
US1MIWS0007,"ANN ARBOR 3.1 SE, MI US",2020-02-19,,,0.0,0.0,0.4,,,,
US1MIWS0007,"ANN ARBOR 3.1 SE, MI US",2020-02-20,,,0.0,0.0,0.0,,,,
US1MIWS0007,"ANN ARBOR 3.1 SE, MI US",2020-02-21,,,0.0,0.0,0.0,,,,
US1MIWS0007,"ANN ARBOR 3.1 SE, MI US",2020-02-22,,,0.0,0.0,0.0,,,,
US1MIWS0007,"ANN ARBOR 3.1 SE, MI US",2020-02-23,,,0.0,0.0,0.0,,,,
US1MIWS0007,"ANN ARBOR 3.1 SE, MI US",2020-02-24,,,0.0,0.0,0.0,,,,
US1MIWS0007,"ANN ARBOR 3.1 SE, MI US",2020-02-25,,,0.14,0.0,0.0,,,,
US1MIWS0007,"ANN ARBOR 3.1 SE, MI US",2020-02-26,,,0.12,1.8,1.8,,,,
US1MIWS0007,"ANN ARBOR 3.1 SE, MI US",2020-02-27,,,0.36,3.4,5.0,,,,
US1MIWS0007,"ANN ARBOR 3.1 SE, MI US",2020-02-28,,,0.0,0.0,5.0,,,,
US1MIWS0007,"ANN ARBOR 3.1 SE, MI US",2020-02-29,,,0.0,0.0,4.5,,,,
US1MIWS0007,"ANN ARBOR 3.1 SE, MI US",2020-03-01,,,0.0,0.0,3.4,,,,
US1MIWS0007,"ANN ARBOR 3.1 SE, MI US",2020-03-02,,,0.13,0.0,0.7,,,,
US1MIWS0007,"ANN ARBOR 3.1 SE, MI US",2020-03-03,,,0.0,0.0,0.0,,,,
US1MIWS0007,"ANN ARBOR 3.1 SE, MI US",2020-03-04,,,0.0,0.0,0.0,,,,
US1MIWS0007,"ANN ARBOR 3.1 SE, MI US",2020-03-05,,,0.0,0.0,0.0,,,,
US1MIWS0007,"ANN ARBOR 3.1 SE, MI US",2020-03-06,,,0.03,0.0,0.0,,,,
US1MIWS0007,"ANN ARBOR 3.1 SE, MI US",2020-03-07,,,0.0,0.0,0.0,,,,
US1MIWS0007,"ANN ARBOR 3.1 SE, MI US",2020-03-08,,,0.0,0.0,0.0,,,,
US1MIWS0007,"ANN ARBOR 3.1 SE, MI US",2020-03-09,,,0.0,0.0,0.0,,,,
US1MIWS0007,"ANN ARBOR 3.1 SE, MI US",2020-03-10,,,0.29,0.0,0.0,,,,
US1MIWS0007,"ANN ARBOR 3.1 SE, MI US",2020-03-11,,,0.0,0.0,0.0,,,,
US1MIWS0007,"ANN ARBOR 3.1 SE, MI US",2020-03-12,,,0.0,0.0,0.0,,,,
US1MIWS0007,"ANN ARBOR 3.1 SE, MI US",2020-03-13,,,0.0,0.0,0.0,,,,
US1MIWS0007,"ANN ARBOR 3.1 SE, MI US",2020-03-14,,,0.0,0.0,0.0,,,,
US1MIWS0007,"ANN ARBOR 3.1 SE, MI US",2020-03-15,,,0.0,0.0,0.0,,,,
US1MIWS0007,"ANN ARBOR 3.1 SE, MI US",2020-03-16,,,0.0,0.0,0.0,,,,
US1MIWS0007,"ANN ARBOR 3.1 SE, MI US",2020-03-17,,,0.0,0.0,0.0,,,,
US1MIWS0007,"ANN ARBOR 3.1 SE, MI US",2020-03-18,,,0.0,0.0,0.0,,,,
US1MIWS0007,"ANN ARBOR 3.1 SE, MI US",2020-03-19,,,0.44,0.0,0.0,,,,
US1MIWS0007,"ANN ARBOR 3.1 SE, MI US",2020-03-20,,,0.43,0.0,0.0,,,,
US1MIWS0007,"ANN ARBOR 3.1 SE, MI US",2020-03-21,,,0.0,0.0,0.0,,,,
US1MIWS0007,"ANN ARBOR 3.1 SE, MI US",2020-03-22,,,0.0,0.0,0.0,,,,
US1MIWS0007,"ANN ARBOR 3.1 SE, MI US",2020-03-23,,,0.09,1.6,1.6,,,,
US1MIWS0007,"ANN ARBOR 3.1 SE, MI US",2020-03-24,,,0.05,0.0,0.0,,,,
US1MIWS0007,"ANN ARBOR 3.1 SE, MI US",2020-03-25,,,0.0,0.0,0.0,,,,
US1MIWS0007,"ANN ARBOR 3.1 SE, MI US",2020-03-26,,,0.0,0.0,0.0,,,,
US1MIWS0007,"ANN ARBOR 3.1 SE, MI US",2020-03-27,,,0.21,0.0,0.0,,,,
US1MIWS0007,"ANN ARBOR 3.1 SE, MI US",2020-03-28,,,1.74,0.0,0.0,,,,
US1MIWS0007,"ANN ARBOR 3.1 SE, MI US",2020-03-29,,,0.77,0.0,0.0,,,,
US1MIWS0007,"ANN ARBOR 3.1 SE, MI US",2020-03-30,,,0.02,0.0,0.0,,,,
US1MIWS0007,"ANN ARBOR 3.1 SE, MI US",2020-03-31,,,0.0,0.0,0.0,,,,
US1MIWS0007,"ANN ARBOR 3.1 SE, MI US",2020-04-01,,,0.0,0.0,0.0,,,,
US1MIWS0007,"ANN ARBOR 3.1 SE, MI US",2020-04-02,,,0.0,0.0,0.0,,,,
US1MIWS0007,"ANN ARBOR 3.1 SE, MI US",2020-04-03,,,0.0,0.0,0.0,,,,
US1MIWS0007,"ANN ARBOR 3.1 SE, MI US",2020-04-04,,,0.0,0.0,0.0,,,,
US1MIWS0007,"ANN ARBOR 3.1 SE, MI US",2020-04-05,,,0.01,0.0,0.0,,,,
US1MIWS0007,"ANN ARBOR 3.1 SE, MI US",2020-04-06,,,0.0,0.0,0.0,,,,
US1MIWS0007,"ANN ARBOR 3.1 SE, MI US",2020-04-07,,,0.03,0.0,0.0,,,,
US1MIWS0007,"ANN ARBOR 3.1 SE, MI US",2020-04-08,,,0.64,0.0,0.0,,,,
US1MIWS0007,"ANN ARBOR 3.1 SE, MI US",2020-04-09,,,0.09,0.0,0.0,,,,
US1MIWS0007,"ANN ARBOR 3.1 SE, MI US",2020-04-10,,,0.07,0.0,0.0,,,,
US1MIWS0007,"ANN ARBOR 3.1 SE, MI US",2020-04-11,,,0.0,0.0,0.0,,,,
US1MIWS0007,"ANN ARBOR 3.1 SE, MI US",2020-04-12,,,0.0,0.0,0.0,,,,
US1MIWS0007,"ANN ARBOR 3.1 SE, MI US",2020-04-13,,,0.21,0.0,0.0,,,,
US1MIWS0007,"ANN ARBOR 3.1 SE, MI US",2020-04-14,,,0.0,0.0,0.0,,,,
US1MIWS0007,"ANN ARBOR 3.1 SE, MI US",2020-04-15,,,0.0,0.0,0.0,,,,
US1MIWS0007,"ANN ARBOR 3.1 SE, MI US",2020-04-16,,,0.11,0.0,0.0,,,,
US1MIWS0007,"ANN ARBOR 3.1 SE, MI US",2020-04-17,,,0.0,0.0,0.0,,,,
US1MIWS0007,"ANN ARBOR 3.1 SE, MI US",2020-04-18,,,0.46,0.5,0.5,,,,
US1MIWS0007,"ANN ARBOR 3.1 SE, MI US",2020-04-19,,,0.0,0.0,0.0,,,,
US1MIWS0007,"ANN ARBOR 3.1 SE, MI US",2020-04-20,,,0.0,0.0,0.0,,,,
US1MIWS0007,"ANN ARBOR 3.1 SE, MI US",2020-04-21,,,0.09,0.0,0.0,,,,
US1MIWS0007,"ANN ARBOR 3.1 SE, MI US",2020-04-22,,,0.0,0.0,0.0,,,,
US1MIWS0007,"ANN ARBOR 3.1 SE, MI US",2020-04-23,,,0.18,0.0,0.0,,,,
US1MIWS0007,"ANN ARBOR 3.1 SE, MI US",2020-04-24,,,0.05,0.0,0.0,,,,
US1MIWS0007,"ANN ARBOR 3.1 SE, MI US",2020-04-25,,,0.0,0.0,0.0,,,,
US1MIWS0007,"ANN ARBOR 3.1 SE, MI US",2020-04-26,,,0.0,0.0,0.0,,,,
US1MIWS0007,"ANN ARBOR 3.1 SE, MI US",2020-04-27,,,0.0,0.0,0.0,,,,
US1MIWS0007,"ANN ARBOR 3.1 SE, MI US",2020-04-28,,,0.03,0.0,0.0,,,,
US1MIWS0007,"ANN ARBOR 3.1 SE, MI US",2020-04-29,,,0.12,0.0,0.0,,,,
US1MIWS0007,"ANN ARBOR 3.1 SE, MI US",2020-04-30,,,0.18,0.0,0.0,,,,
US1MIWS0007,"ANN ARBOR 3.1 SE, MI US",2020-05-01,,,0.21,0.0,0.0,,,,
US1MIWS0007,"ANN ARBOR 3.1 SE, MI US",2020-05-02,,,0.0,0.0,0.0,,,,
US1MIWS0007,"ANN ARBOR 3.1 SE, MI US",2020-05-03,,,0.0,0.0,0.0,,,,
US1MIWS0007,"ANN ARBOR 3.1 SE, MI US",2020-05-04,,,0.0,0.0,0.0,,,,
US1MIWS0007,"ANN ARBOR 3.1 SE, MI US",2020-05-05,,,0.0,0.0,0.0,,,,
US1MIWS0007,"ANN ARBOR 3.1 SE, MI US",2020-05-06,,,0.0,0.0,0.0,,,,
US1MIWS0007,"ANN ARBOR 3.1 SE, MI US",2020-05-07,,,0.0,0.0,0.0,,,,
US1MIWS0007,"ANN ARBOR 3.1 SE, MI US",2020-05-08,,,0.0,0.0,0.0,,,,
US1MIWS0007,"ANN ARBOR 3.1 SE, MI US",2020-05-09,,,0.0,0.0,0.0,,,,
US1MIWS0007,"ANN ARBOR 3.1 SE, MI US",2020-05-10,,,0.0,0.0,0.0,,,,
US1MIWS0007,"ANN ARBOR 3.1 SE, MI US",2020-05-11,,,0.26,0.0,0.0,,,,
US1MIWS0007,"ANN ARBOR 3.1 SE, MI US",2020-05-12,,,0.03,0.0,0.0,,,,
US1MIWS0007,"ANN ARBOR 3.1 SE, MI US",2020-05-13,,,0.0,0.0,0.0,,,,
US1MIWS0007,"ANN ARBOR 3.1 SE, MI US",2020-05-14,,,0.0,0.0,0.0,,,,
US1MIWS0007,"ANN ARBOR 3.1 SE, MI US",2020-05-15,,,0.94,0.0,0.0,,,,
US1MIWS0007,"ANN ARBOR 3.1 SE, MI US",2020-05-16,,,0.06,0.0,0.0,,,,
US1MIWS0007,"ANN ARBOR 3.1 SE, MI US",2020-05-17,,,0.0,0.0,0.0,,,,
US1MIWS0007,"ANN ARBOR 3.1 SE, MI US",2020-05-18,,,0.24,0.0,0.0,,,,
US1MIWS0007,"ANN ARBOR 3.1 SE, MI US",2020-05-19,,,1.99,0.0,0.0,,,,
US1MIWS0007,"ANN ARBOR 3.1 SE, MI US",2020-05-20,,,0.04,0.0,0.0,,,,
US1MIWS0007,"ANN ARBOR 3.1 SE, MI US",2020-05-21,,,0.0,0.0,0.0,,,,
US1MIWS0007,"ANN ARBOR 3.1 SE, MI US",2020-05-22,,,0.04,0.0,0.0,,,,
US1MIWS0007,"ANN ARBOR 3.1 SE, MI US",2020-05-23,,,0.05,0.0,0.0,,,,
US1MIWS0007,"ANN ARBOR 3.1 SE, MI US",2020-05-24,,,0.0,0.0,0.0,,,,
US1MIWS0007,"ANN ARBOR 3.1 SE, MI US",2020-05-25,,,0.0,0.0,0.0,,,,
US1MIWS0007,"ANN ARBOR 3.1 SE, MI US",2020-05-26,,,0.0,0.0,0.0,,,,
US1MIWS0007,"ANN ARBOR 3.1 SE, MI US",2020-05-27,,,0.0,0.0,0.0,,,,
US1MIWS0007,"ANN ARBOR 3.1 SE, MI US",2020-05-28,,,0.02,0.0,0.0,,,,
US1MIWS0007,"ANN ARBOR 3.1 SE, MI US",2020-05-29,,,0.07,0.0,0.0,,,,
US1MIWS0007,"ANN ARBOR 3.1 SE, MI US",2020-05-30,,,0.04,0.0,0.0,,,,
US1MIWS0007,"ANN ARBOR 3.1 SE, MI US",2020-05-31,,,0.0,0.0,0.0,,,,
US1MIWS0007,"ANN ARBOR 3.1 SE, MI US",2020-06-01,,,0.0,0.0,0.0,,,,
US1MIWS0007,"ANN ARBOR 3.1 SE, MI US",2020-06-02,,,0.09,0.0,0.0,,,,
US1MIWS0007,"ANN ARBOR 3.1 SE, MI US",2020-06-03,,,0.03,0.0,0.0,,,,
US1MIWS0007,"ANN ARBOR 3.1 SE, MI US",2020-06-04,,,0.0,0.0,0.0,,,,
US1MIWS0007,"ANN ARBOR 3.1 SE, MI US",2020-06-05,,,0.0,0.0,0.0,,,,
US1MIWS0007,"ANN ARBOR 3.1 SE, MI US",2020-06-06,,,0.0,0.0,0.0,,,,
US1MIWS0007,"ANN ARBOR 3.1 SE, MI US",2020-06-07,,,0.0,0.0,0.0,,,,
US1MIWS0007,"ANN ARBOR 3.1 SE, MI US",2020-06-08,,,0.0,0.0,0.0,,,,
US1MIWS0007,"ANN ARBOR 3.1 SE, MI US",2020-06-09,,,0.0,0.0,0.0,,,,
US1MIWS0007,"ANN ARBOR 3.1 SE, MI US",2020-06-10,,,0.0,0.0,0.0,,,,
US1MIWS0007,"ANN ARBOR 3.1 SE, MI US",2020-06-11,,,0.63,0.0,0.0,,,,
US1MIWS0007,"ANN ARBOR 3.1 SE, MI US",2020-06-12,,,0.03,0.0,0.0,,,,
US1MIWS0007,"ANN ARBOR 3.1 SE, MI US",2020-06-13,,,0.0,0.0,0.0,,,,
US1MIWS0007,"ANN ARBOR 3.1 SE, MI US",2020-06-14,,,0.0,0.0,0.0,,,,
US1MIWS0007,"ANN ARBOR 3.1 SE, MI US",2020-06-15,,,0.0,0.0,0.0,,,,
US1MIWS0007,"ANN ARBOR 3.1 SE, MI US",2020-06-16,,,0.0,0.0,0.0,,,,
US1MIWS0007,"ANN ARBOR 3.1 SE, MI US",2020-06-17,,,0.0,0.0,0.0,,,,
US1MIWS0007,"ANN ARBOR 3.1 SE, MI US",2020-06-18,,,0.0,0.0,0.0,,,,
US1MIWS0007,"ANN ARBOR 3.1 SE, MI US",2020-06-19,,,0.0,0.0,0.0,,,,
US1MIWS0007,"ANN ARBOR 3.1 SE, MI US",2020-06-20,,,0.0,0.0,0.0,,,,
US1MIWS0007,"ANN ARBOR 3.1 SE, MI US",2020-06-21,,,0.0,0.0,0.0,,,,
US1MIWS0007,"ANN ARBOR 3.1 SE, MI US",2020-06-22,,,0.0,0.0,0.0,,,,
US1MIWS0007,"ANN ARBOR 3.1 SE, MI US",2020-06-23,,,0.04,0.0,0.0,,,,
US1MIWS0007,"ANN ARBOR 3.1 SE, MI US",2020-06-24,,,0.35,0.0,0.0,,,,
US1MIWS0007,"ANN ARBOR 3.1 SE, MI US",2020-06-25,,,0.06,0.0,0.0,,,,
US1MIWS0007,"ANN ARBOR 3.1 SE, MI US",2020-06-26,,,0.0,0.0,0.0,,,,
US1MIWS0007,"ANN ARBOR 3.1 SE, MI US",2020-06-27,,,1.42,0.0,0.0,,,,
US1MIWS0007,"ANN ARBOR 3.1 SE, MI US",2020-06-28,,,0.0,0.0,0.0,,,,
US1MIWS0007,"ANN ARBOR 3.1 SE, MI US",2020-06-29,,,0.0,0.0,0.0,,,,
US1MIWS0007,"ANN ARBOR 3.1 SE, MI US",2020-06-30,,,0.0,0.0,0.0,,,,
US1MIWS0007,"ANN ARBOR 3.1 SE, MI US",2020-07-01,,,0.0,0.0,0.0,,,,
US1MIWS0007,"ANN ARBOR 3.1 SE, MI US",2020-07-02,,,0.0,0.0,0.0,,,,
US1MIWS0007,"ANN ARBOR 3.1 SE, MI US",2020-07-03,,,0.0,0.0,0.0,,,,
US1MIWS0007,"ANN ARBOR 3.1 SE, MI US",2020-07-04,,,0.0,0.0,0.0,,,,
US1MIWS0007,"ANN ARBOR 3.1 SE, MI US",2020-07-11,7.0,1.41,,,0.0,,,,
US1MIWS0007,"ANN ARBOR 3.1 SE, MI US",2020-07-12,,,0.0,0.0,0.0,,,,
US1MIWS0007,"ANN ARBOR 3.1 SE, MI US",2020-07-13,,,0.0,0.0,0.0,,,,
US1MIWS0007,"ANN ARBOR 3.1 SE, MI US",2020-07-14,,,0.0,0.0,0.0,,,,
US1MIWS0007,"ANN ARBOR 3.1 SE, MI US",2020-07-15,,,0.0,0.0,0.0,,,,
US1MIWS0007,"ANN ARBOR 3.1 SE, MI US",2020-07-16,,,0.42,0.0,0.0,,,,
US1MIWS0007,"ANN ARBOR 3.1 SE, MI US",2020-07-17,,,0.17,0.0,0.0,,,,
US1MIWS0007,"ANN ARBOR 3.1 SE, MI US",2020-07-18,,,0.0,0.0,0.0,,,,
US1MIWS0007,"ANN ARBOR 3.1 SE, MI US",2020-07-19,,,0.0,0.0,0.0,,,,
US1MIWS0007,"ANN ARBOR 3.1 SE, MI US",2020-07-20,,,1.27,0.0,0.0,,,,
US1MIWS0007,"ANN ARBOR 3.1 SE, MI US",2020-07-21,,,0.0,0.0,0.0,,,,
US1MIWS0007,"ANN ARBOR 3.1 SE, MI US",2020-07-22,,,0.01,0.0,0.0,,,,
US1MIWS0007,"ANN ARBOR 3.1 SE, MI US",2020-07-23,,,0.0,0.0,0.0,,,,
US1MIWS0007,"ANN ARBOR 3.1 SE, MI US",2020-07-24,,,0.0,0.0,0.0,,,,
US1MIWS0007,"ANN ARBOR 3.1 SE, MI US",2020-07-25,,,0.0,0.0,0.0,,,,
US1MIWS0007,"ANN ARBOR 3.1 SE, MI US",2020-07-26,,,0.0,0.0,0.0,,,,
US1MIWS0007,"ANN ARBOR 3.1 SE, MI US",2020-07-27,,,0.0,0.0,0.0,,,,
US1MIWS0007,"ANN ARBOR 3.1 SE, MI US",2020-07-28,,,0.03,0.0,0.0,,,,
US1MIWS0007,"ANN ARBOR 3.1 SE, MI US",2020-07-29,,,0.0,0.0,0.0,,,,
US1MIWS0007,"ANN ARBOR 3.1 SE, MI US",2020-07-30,,,0.0,0.0,0.0,,,,
US1MIWS0007,"ANN ARBOR 3.1 SE, MI US",2020-07-31,,,0.0,0.0,0.0,,,,
US1MIWS0007,"ANN ARBOR 3.1 SE, MI US",2020-08-01,,,0.0,0.0,0.0,,,,
US1MIWS0007,"ANN ARBOR 3.1 SE, MI US",2020-08-02,,,1.43,0.0,0.0,,,,
US1MIWS0007,"ANN ARBOR 3.1 SE, MI US",2020-08-03,,,0.15,0.0,0.0,,,,
US1MIWS0007,"ANN ARBOR 3.1 SE, MI US",2020-08-04,,,0.04,0.0,0.0,,,,
US1MIWS0007,"ANN ARBOR 3.1 SE, MI US",2020-08-05,,,0.0,0.0,0.0,,,,
US1MIWS0007,"ANN ARBOR 3.1 SE, MI US",2020-08-06,,,0.0,0.0,0.0,,,,
US1MIWS0007,"ANN ARBOR 3.1 SE, MI US",2020-08-07,,,0.0,0.0,0.0,,,,
US1MIWS0007,"ANN ARBOR 3.1 SE, MI US",2020-08-08,,,0.0,0.0,0.0,,,,
US1MIWS0007,"ANN ARBOR 3.1 SE, MI US",2020-08-09,,,0.0,0.0,0.0,,,,
US1MIWS0007,"ANN ARBOR 3.1 SE, MI US",2020-08-10,,,0.0,0.0,0.0,,,,
US1MIWS0007,"ANN ARBOR 3.1 SE, MI US",2020-08-11,,,0.0,0.0,0.0,,,,
US1MIWS0007,"ANN ARBOR 3.1 SE, MI US",2020-08-12,,,0.0,0.0,0.0,,,,
US1MIWS0007,"ANN ARBOR 3.1 SE, MI US",2020-08-13,,,0.0,0.0,0.0,,,,
US1MIWS0007,"ANN ARBOR 3.1 SE, MI US",2020-08-14,,,0.0,0.0,0.0,,,,
US1MIWS0007,"ANN ARBOR 3.1 SE, MI US",2020-08-15,,,0.0,0.0,0.0,,,,
US1MIWS0007,"ANN ARBOR 3.1 SE, MI US",2020-08-16,,,0.01,0.0,0.0,,,,
US1MIWS0007,"ANN ARBOR 3.1 SE, MI US",2020-08-17,,,0.0,0.0,0.0,,,,
US1MIWS0007,"ANN ARBOR 3.1 SE, MI US",2020-08-18,,,0.0,0.0,0.0,,,,
US1MIWS0007,"ANN ARBOR 3.1 SE, MI US",2020-08-19,,,0.0,0.0,0.0,,,,
US1MIWS0007,"ANN ARBOR 3.1 SE, MI US",2020-08-20,,,0.0,0.0,0.0,,,,
US1MIWS0007,"ANN ARBOR 3.1 SE, MI US",2020-08-21,,,0.0,0.0,0.0,,,,
US1MIWS0007,"ANN ARBOR 3.1 SE, MI US",2020-08-22,,,0.0,0.0,0.0,,,,
US1MIWS0007,"ANN ARBOR 3.1 SE, MI US",2020-08-23,,,0.0,0.0,0.0,,,,
US1MIWS0007,"ANN ARBOR 3.1 SE, MI US",2020-08-24,,,0.0,0.0,0.0,,,,
US1MIWS0007,"ANN ARBOR 3.1 SE, MI US",2020-08-25,,,0.0,0.0,0.0,,,,
US1MIWS0007,"ANN ARBOR 3.1 SE, MI US",2020-08-26,,,0.04,0.0,0.0,,,,
US1MIWS0007,"ANN ARBOR 3.1 SE, MI US",2020-08-27,,,0.0,0.0,0.0,,,,
US1MIWS0007,"ANN ARBOR 3.1 SE, MI US",2020-08-28,,,0.0,0.0,0.0,,,,
US1MIWS0007,"ANN ARBOR 3.1 SE, MI US",2020-08-29,,,2.03,0.0,0.0,,,,
US1MIWS0007,"ANN ARBOR 3.1 SE, MI US",2020-08-30,,,0.0,0.0,0.0,,,,
US1MIWS0007,"ANN ARBOR 3.1 SE, MI US",2020-08-31,,,0.0,0.0,0.0,,,,
US1MIWS0007,"ANN ARBOR 3.1 SE, MI US",2020-09-01,,,0.0,0.0,0.0,,,,
US1MIWS0007,"ANN ARBOR 3.1 SE, MI US",2020-09-02,,,0.45,0.0,0.0,,,,
US1MIWS0007,"ANN ARBOR 3.1 SE, MI US",2020-09-03,,,0.0,0.0,0.0,,,,
US1MIWS0007,"ANN ARBOR 3.1 SE, MI US",2020-09-04,,,0.0,0.0,0.0,,,,
US1MIWS0007,"ANN ARBOR 3.1 SE, MI US",2020-09-05,,,0.0,0.0,0.0,,,,
US1MIWS0007,"ANN ARBOR 3.1 SE, MI US",2020-09-06,,,0.0,0.0,0.0,,,,
US1MIWS0007,"ANN ARBOR 3.1 SE, MI US",2020-09-07,,,0.4,0.0,0.0,,,,
US1MIWS0007,"ANN ARBOR 3.1 SE, MI US",2020-09-08,,,0.21,0.0,0.0,,,,
US1MIWS0007,"ANN ARBOR 3.1 SE, MI US",2020-09-12,4.0,0.94,,,0.0,,,,
US1MIWS0007,"ANN ARBOR 3.1 SE, MI US",2020-09-13,,,0.38,0.0,0.0,,,,
US1MIWS0007,"ANN ARBOR 3.1 SE, MI US",2020-09-14,,,0.0,0.0,0.0,,,,
US1MIWS0007,"ANN ARBOR 3.1 SE, MI US",2020-09-15,,,0.0,0.0,0.0,,,,
US1MIWS0007,"ANN ARBOR 3.1 SE, MI US",2020-09-16,,,0.0,0.0,0.0,,,,
US1MIWS0007,"ANN ARBOR 3.1 SE, MI US",2020-09-17,,,0.03,0.0,0.0,,,,
US1MIWS0007,"ANN ARBOR 3.1 SE, MI US",2020-09-18,,,0.0,0.0,0.0,,,,
US1MIWS0007,"ANN ARBOR 3.1 SE, MI US",2020-09-19,,,0.0,0.0,0.0,,,,
US1MIWS0007,"ANN ARBOR 3.1 SE, MI US",2020-09-20,,,0.0,0.0,0.0,,,,
US1MIWS0007,"ANN ARBOR 3.1 SE, MI US",2020-09-21,,,0.0,0.0,0.0,,,,
US1MIWS0007,"ANN ARBOR 3.1 SE, MI US",2020-09-22,,,0.0,0.0,0.0,,,,
US1MIWS0007,"ANN ARBOR 3.1 SE, MI US",2020-09-23,,,0.0,0.0,0.0,,,,
US1MIWS0007,"ANN ARBOR 3.1 SE, MI US",2020-09-24,,,0.0,0.0,0.0,,,,
US1MIWS0007,"ANN ARBOR 3.1 SE, MI US",2020-09-25,,,0.0,0.0,0.0,,,,
US1MIWS0007,"ANN ARBOR 3.1 SE, MI US",2020-09-26,,,0.0,0.0,0.0,,,,
US1MIWS0007,"ANN ARBOR 3.1 SE, MI US",2020-09-27,,,0.0,0.0,0.0,,,,
US1MIWS0007,"ANN ARBOR 3.1 SE, MI US",2020-09-28,,,0.03,0.0,0.0,,,,
US1MIWS0007,"ANN ARBOR 3.1 SE, MI US",2020-09-29,,,0.06,0.0,0.0,,,,
US1MIWS0007,"ANN ARBOR 3.1 SE, MI US",2020-09-30,,,0.0,0.0,0.0,,,,
US1MIWS0007,"ANN ARBOR 3.1 SE, MI US",2020-10-01,,,0.09,0.0,0.0,,,,
US1MIWS0007,"ANN ARBOR 3.1 SE, MI US",2020-10-02,,,0.06,0.0,0.0,,,,
US1MIWS0007,"ANN ARBOR 3.1 SE, MI US",2020-10-03,,,0.0,0.0,0.0,,,,
US1MIWS0007,"ANN ARBOR 3.1 SE, MI US",2020-10-04,,,0.03,0.0,0.0,,,,
US1MIWS0007,"ANN ARBOR 3.1 SE, MI US",2020-10-05,,,0.08,0.0,0.0,,,,
US1MIWS0007,"ANN ARBOR 3.1 SE, MI US",2020-10-06,,,0.0,0.0,0.0,,,,
US1MIWS0007,"ANN ARBOR 3.1 SE, MI US",2020-10-07,,,0.0,0.0,0.0,,,,
US1MIWS0007,"ANN ARBOR 3.1 SE, MI US",2020-10-08,,,0.0,0.0,0.0,,,,
US1MIWS0007,"ANN ARBOR 3.1 SE, MI US",2020-10-09,,,0.0,0.0,0.0,,,,
US1MIWS0007,"ANN ARBOR 3.1 SE, MI US",2020-10-10,,,0.0,0.0,0.0,,,,
US1MIWS0007,"ANN ARBOR 3.1 SE, MI US",2020-10-11,,,0.0,0.0,0.0,,,,
US1MIWS0007,"ANN ARBOR 3.1 SE, MI US",2020-10-12,,,0.0,0.0,0.0,,,,
US1MIWS0007,"ANN ARBOR 3.1 SE, MI US",2020-10-13,,,0.16,0.0,0.0,,,,
US1MIWS0007,"ANN ARBOR 3.1 SE, MI US",2020-10-14,,,0.03,0.0,0.0,,,,
US1MIWS0007,"ANN ARBOR 3.1 SE, MI US",2020-10-15,,,0.0,0.0,0.0,,,,
US1MIWS0007,"ANN ARBOR 3.1 SE, MI US",2020-10-16,,,0.0,0.0,0.0,,,,
US1MIWS0007,"ANN ARBOR 3.1 SE, MI US",2020-10-17,,,0.0,0.0,0.0,,,,
US1MIWS0007,"ANN ARBOR 3.1 SE, MI US",2020-10-18,,,0.0,0.0,0.0,,,,
US1MIWS0007,"ANN ARBOR 3.1 SE, MI US",2020-10-19,,,0.08,0.0,0.0,,,,
US1MIWS0007,"ANN ARBOR 3.1 SE, MI US",2020-10-20,,,0.17,0.0,0.0,,,,
US1MIWS0007,"ANN ARBOR 3.1 SE, MI US",2020-10-21,,,0.22,0.0,0.0,,,,
US1MIWS0007,"ANN ARBOR 3.1 SE, MI US",2020-10-22,,,0.25,0.0,0.0,,,,
US1MIWS0007,"ANN ARBOR 3.1 SE, MI US",2020-10-23,,,0.06,0.0,0.0,,,,
US1MIWS0007,"ANN ARBOR 3.1 SE, MI US",2020-10-24,,,0.11,0.0,0.0,,,,
US1MIWS0007,"ANN ARBOR 3.1 SE, MI US",2020-10-25,,,0.0,0.0,0.0,,,,
US1MIWS0007,"ANN ARBOR 3.1 SE, MI US",2020-10-26,,,0.02,0.0,0.0,,,,
US1MIWS0007,"ANN ARBOR 3.1 SE, MI US",2020-10-27,,,0.0,0.0,0.0,,,,
US1MIWS0007,"ANN ARBOR 3.1 SE, MI US",2020-10-28,,,0.06,0.0,0.0,,,,
US1MIWS0007,"ANN ARBOR 3.1 SE, MI US",2020-10-30,2.0,0.0,,,,,,,
US1MIWS0007,"ANN ARBOR 3.1 SE, MI US",2020-10-31,,,0.0,0.0,0.0,,,,
US1MIWS0007,"ANN ARBOR 3.1 SE, MI US",2020-11-01,,,0.05,0.0,0.0,,,,
US1MIWS0007,"ANN ARBOR 3.1 SE, MI US",2020-11-02,,,0.0,0.0,0.0,,,,
US1MIWS0007,"ANN ARBOR 3.1 SE, MI US",2020-11-03,,,0.0,0.0,0.0,,,,
US1MIWS0007,"ANN ARBOR 3.1 SE, MI US",2020-11-04,,,0.0,0.0,0.0,,,,
US1MIWS0007,"ANN ARBOR 3.1 SE, MI US",2020-11-05,,,0.0,0.0,0.0,,,,
US1MIWS0007,"ANN ARBOR 3.1 SE, MI US",2020-11-06,,,0.0,0.0,0.0,,,,
US1MIWS0007,"ANN ARBOR 3.1 SE, MI US",2020-11-07,,,0.0,0.0,0.0,,,,
US1MIWS0007,"ANN ARBOR 3.1 SE, MI US",2020-11-08,,,0.0,0.0,0.0,,,,
US1MIWS0007,"ANN ARBOR 3.1 SE, MI US",2020-11-09,,,0.0,0.0,0.0,,,,
US1MIWS0007,"ANN ARBOR 3.1 SE, MI US",2020-11-10,,,0.0,0.0,0.0,,,,
US1MIWS0007,"ANN ARBOR 3.1 SE, MI US",2020-11-11,,,0.11,0.0,0.0,,,,
US1MIWS0007,"ANN ARBOR 3.1 SE, MI US",2020-11-12,,,0.0,0.0,0.0,,,,
US1MIWS0007,"ANN ARBOR 3.1 SE, MI US",2020-11-13,,,0.0,0.0,0.0,,,,
US1MIWS0007,"ANN ARBOR 3.1 SE, MI US",2020-11-14,,,0.02,0.0,0.0,,,,
US1MIWS0007,"ANN ARBOR 3.1 SE, MI US",2020-11-15,,,0.52,0.0,0.0,,,,
US1MIWS0007,"ANN ARBOR 3.1 SE, MI US",2020-11-16,,,0.14,0.0,0.0,,,,
US1MIWS0007,"ANN ARBOR 3.1 SE, MI US",2020-11-17,,,0.0,0.0,0.0,,,,
US1MIWS0007,"ANN ARBOR 3.1 SE, MI US",2020-11-18,,,0.0,0.0,0.0,,,,
US1MIWS0007,"ANN ARBOR 3.1 SE, MI US",2020-11-19,,,0.0,0.0,0.0,,,,
US1MIWS0007,"ANN ARBOR 3.1 SE, MI US",2020-11-20,,,0.0,0.0,0.0,,,,
US1MIWS0007,"ANN ARBOR 3.1 SE, MI US",2020-11-21,,,0.0,0.0,0.0,,,,
US1MIWS0007,"ANN ARBOR 3.1 SE, MI US",2020-11-22,,,0.0,0.0,0.0,,,,
US1MIWS0007,"ANN ARBOR 3.1 SE, MI US",2020-11-23,,,0.69,0.0,0.0,,,,
US1MIWS0007,"ANN ARBOR 3.1 SE, MI US",2020-11-24,,,0.0,0.0,0.0,,,,
US1MIWS0007,"ANN ARBOR 3.1 SE, MI US",2020-11-25,,,0.24,0.0,0.0,,,,
US1MIWS0007,"ANN ARBOR 3.1 SE, MI US",2020-11-26,,,0.4,0.0,0.0,,,,
US1MIWS0007,"ANN ARBOR 3.1 SE, MI US",2020-11-27,,,0.0,0.0,0.0,,,,
US1MIWS0007,"ANN ARBOR 3.1 SE, MI US",2020-11-28,,,0.0,0.0,0.0,,,,
US1MIWS0007,"ANN ARBOR 3.1 SE, MI US",2020-11-29,,,0.0,0.0,0.0,,,,
US1MIWS0007,"ANN ARBOR 3.1 SE, MI US",2020-11-30,,,0.04,0.0,0.0,,,,
US1MIWS0007,"ANN ARBOR 3.1 SE, MI US",2020-12-01,,,0.14,1.1,1.0,,,,
US1MIWS0007,"ANN ARBOR 3.1 SE, MI US",2020-12-02,,,0.0,0.0,0.5,,,,
US1MIWS0007,"ANN ARBOR 3.1 SE, MI US",2020-12-03,,,0.0,0.0,0.0,,,,
US1MIWS0007,"ANN ARBOR 3.1 SE, MI US",2020-12-04,,,0.0,0.0,0.0,,,,
US1MIWS0007,"ANN ARBOR 3.1 SE, MI US",2020-12-05,,,0.0,0.0,0.0,,,,
US1MIWS0007,"ANN ARBOR 3.1 SE, MI US",2020-12-06,,,0.0,0.0,0.0,,,,
US1MIWS0007,"ANN ARBOR 3.1 SE, MI US",2020-12-07,,,0.0,0.0,0.0,,,,
US1MIWS0007,"ANN ARBOR 3.1 SE, MI US",2020-12-08,,,0.0,0.0,0.0,,,,
US1MIWS0007,"ANN ARBOR 3.1 SE, MI US",2020-12-09,,,0.0,0.0,0.0,,,,
US1MIWS0007,"ANN ARBOR 3.1 SE, MI US",2020-12-10,,,0.0,0.0,0.0,,,,
US1MIWS0007,"ANN ARBOR 3.1 SE, MI US",2020-12-11,,,0.0,0.0,0.0,,,,
US1MIWS0007,"ANN ARBOR 3.1 SE, MI US",2020-12-12,,,0.31,0.0,0.0,,,,
US1MIWS0007,"ANN ARBOR 3.1 SE, MI US",2020-12-13,,,0.42,0.0,0.0,,,,
US1MIWS0007,"ANN ARBOR 3.1 SE, MI US",2020-12-14,,,0.0,0.0,0.0,,,,
US1MIWS0007,"ANN ARBOR 3.1 SE, MI US",2020-12-15,,,0.0,0.0,0.0,,,,
US1MIWS0007,"ANN ARBOR 3.1 SE, MI US",2020-12-16,,,0.0,0.0,0.0,,,,
US1MIWS0007,"ANN ARBOR 3.1 SE, MI US",2020-12-17,,,0.08,1.2,1.0,,,,
US1MIWS0007,"ANN ARBOR 3.1 SE, MI US",2020-12-18,,,0.02,0.6,1.5,,,,
US1MIWS0007,"ANN ARBOR 3.1 SE, MI US",2020-12-19,,,0.0,0.0,0.0,,,,
US1MIWS0007,"ANN ARBOR 3.1 SE, MI US",2020-12-20,,,0.03,0.0,0.0,,,,
US1MIWS0007,"ANN ARBOR 3.1 SE, MI US",2020-12-21,,,0.0,0.0,0.0,,,,
US1MIWS0007,"ANN ARBOR 3.1 SE, MI US",2020-12-22,,,0.08,0.0,0.0,,,,
US1MIWS0007,"ANN ARBOR 3.1 SE, MI US",2020-12-23,,,0.0,0.0,0.0,,,,
US1MIWS0007,"ANN ARBOR 3.1 SE, MI US",2020-12-24,,,0.02,0.0,0.0,,,,
US1MIWS0007,"ANN ARBOR 3.1 SE, MI US",2020-12-25,,,0.03,0.7,0.5,,,,
US1MIWS0007,"ANN ARBOR 3.1 SE, MI US",2020-12-26,,,0.02,0.5,1.0,,,,
US1MIWS0007,"ANN ARBOR 3.1 SE, MI US",2020-12-27,,,0.0,0.0,1.0,,,,
US1MIWS0007,"ANN ARBOR 3.1 SE, MI US",2020-12-28,,,0.11,0.0,0.0,,,,
US1MIWS0007,"ANN ARBOR 3.1 SE, MI US",2020-12-29,,,0.01,0.4,0.5,,,,
US1MIWS0007,"ANN ARBOR 3.1 SE, MI US",2020-12-30,,,0.07,0.7,0.5,,,,
US1MIWS0007,"ANN ARBOR 3.1 SE, MI US",2020-12-31,,,0.02,0.0,0.0,,,,
US1MIWS0007,"ANN ARBOR 3.1 SE, MI US",2021-01-01,,,0.0,0.0,0.0,,,,
US1MIWS0007,"ANN ARBOR 3.1 SE, MI US",2021-01-02,,,0.23,0.2,0.0,,,,
US1MIWS0007,"ANN ARBOR 3.1 SE, MI US",2021-01-03,,,0.11,0.9,1.0,,,,
US1MIWS0007,"ANN ARBOR 3.1 SE, MI US",2021-01-04,,,0.19,0.0,1.0,,,,
US1MIWS0007,"ANN ARBOR 3.1 SE, MI US",2021-01-05,,,0.0,0.0,0.5,,,,
US1MIWS0007,"ANN ARBOR 3.1 SE, MI US",2021-01-06,,,0.04,0.0,0.5,,,,
US1MIWS0007,"ANN ARBOR 3.1 SE, MI US",2021-01-07,,,0.0,0.0,0.0,,,,
US1MIWS0007,"ANN ARBOR 3.1 SE, MI US",2021-01-08,,,0.0,0.0,0.0,,,,
US1MIWS0007,"ANN ARBOR 3.1 SE, MI US",2021-01-09,,,0.0,0.0,0.0,,,,
US1MIWS0007,"ANN ARBOR 3.1 SE, MI US",2021-01-10,,,0.0,0.0,0.0,,,,
US1MIWS0007,"ANN ARBOR 3.1 SE, MI US",2021-01-11,,,0.0,0.0,0.0,,,,
US1MIWS0007,"ANN ARBOR 3.1 SE, MI US",2021-01-12,,,0.0,0.0,0.0,,,,
US1MIWS0007,"ANN ARBOR 3.1 SE, MI US",2021-01-13,,,0.0,0.0,0.0,,,,
US1MIWS0007,"ANN ARBOR 3.1 SE, MI US",2021-01-14,,,0.01,0.0,0.0,,,,
US1MIWS0007,"ANN ARBOR 3.1 SE, MI US",2021-01-15,,,0.01,0.0,0.0,,,,
US1MIWS0007,"ANN ARBOR 3.1 SE, MI US",2021-01-16,,,0.36,0.4,0.5,,,,
US1MIWS0007,"ANN ARBOR 3.1 SE, MI US",2021-01-17,,,0.0,0.0,0.0,,,,
US1MIWS0007,"ANN ARBOR 3.1 SE, MI US",2021-01-18,,,0.08,0.6,0.5,,,,
US1MIWS0007,"ANN ARBOR 3.1 SE, MI US",2021-01-19,,,0.0,0.0,0.0,,,,
US1MIWS0007,"ANN ARBOR 3.1 SE, MI US",2021-01-20,,,0.07,0.5,0.5,,,,
US1MIWS0007,"ANN ARBOR 3.1 SE, MI US",2021-01-21,,,0.0,0.0,0.5,,,,
US1MIWS0007,"ANN ARBOR 3.1 SE, MI US",2021-01-22,,,0.0,0.0,0.0,,,,
US1MIWS0007,"ANN ARBOR 3.1 SE, MI US",2021-01-23,,,0.0,0.0,0.0,,,,
US1MIWS0007,"ANN ARBOR 3.1 SE, MI US",2021-01-24,,,0.0,0.0,0.0,,,,
US1MIWS0007,"ANN ARBOR 3.1 SE, MI US",2021-01-25,,,0.01,0.3,0.5,,,,
US1MIWS0007,"ANN ARBOR 3.1 SE, MI US",2021-01-26,,,0.08,0.9,1.0,,,,
US1MIWS0007,"ANN ARBOR 3.1 SE, MI US",2021-01-27,,,0.06,0.4,1.0,,,,
US1MIWS0007,"ANN ARBOR 3.1 SE, MI US",2021-01-28,,,0.0,0.0,0.0,,,,
US1MIWS0007,"ANN ARBOR 3.1 SE, MI US",2021-01-29,,,0.0,0.0,0.0,,,,
US1MIWS0007,"ANN ARBOR 3.1 SE, MI US",2021-01-30,,,0.0,0.0,0.5,,,,
US1MIWS0007,"ANN ARBOR 3.1 SE, MI US",2021-01-31,,,0.05,0.9,1.0,,,,
US1MIWS0007,"ANN ARBOR 3.1 SE, MI US",2021-02-01,,,0.0,0.0,1.0,,,,
US1MIWS0007,"ANN ARBOR 3.1 SE, MI US",2021-02-02,,,0.0,0.0,1.0,,,,
US1MIWS0007,"ANN ARBOR 3.1 SE, MI US",2021-02-03,,,0.0,0.0,0.5,,,,
US1MIWS0007,"ANN ARBOR 3.1 SE, MI US",2021-02-04,,,0.0,0.0,0.5,,,,
US1MIWS0007,"ANN ARBOR 3.1 SE, MI US",2021-02-05,,,0.17,2.1,2.5,,,,
US1MIWS0007,"ANN ARBOR 3.1 SE, MI US",2021-02-06,,,0.0,0.0,1.5,,,,
US1MIWS0007,"ANN ARBOR 3.1 SE, MI US",2021-02-07,,,0.05,0.9,2.0,,,,
US1MIWS0007,"ANN ARBOR 3.1 SE, MI US",2021-02-08,,,0.0,0.0,2.0,,,,
US1MIWS0007,"ANN ARBOR 3.1 SE, MI US",2021-02-09,,,0.04,1.2,3.0,,,,
US1MIWS0007,"ANN ARBOR 3.1 SE, MI US",2021-02-10,,,0.0,0.0,2.5,,,,
US1MIWS0007,"ANN ARBOR 3.1 SE, MI US",2021-02-11,,,0.01,0.5,3.0,,,,
US1MIWS0007,"ANN ARBOR 3.1 SE, MI US",2021-02-12,,,0.0,0.0,3.0,,,,
US1MIWS0007,"ANN ARBOR 3.1 SE, MI US",2021-02-13,,,0.02,0.5,3.0,,,,
US1MIWS0007,"ANN ARBOR 3.1 SE, MI US",2021-02-14,,,0.03,0.7,3.5,,,,
US1MIWS0007,"ANN ARBOR 3.1 SE, MI US",2021-02-15,,,0.05,1.2,4.0,,,,
US1MIWS0007,"ANN ARBOR 3.1 SE, MI US",2021-02-16,,,0.61,6.8,10.0,,,,
US1MIWS0007,"ANN ARBOR 3.1 SE, MI US",2021-02-17,,,0.0,0.0,9.5,,,,
US1MIWS0007,"ANN ARBOR 3.1 SE, MI US",2021-02-18,,,0.0,0.0,9.5,,,,
US1MIWS0007,"ANN ARBOR 3.1 SE, MI US",2021-02-19,,,0.05,1.5,10.5,,,,
US1MIWS0007,"ANN ARBOR 3.1 SE, MI US",2021-02-20,,,0.0,0.3,10.0,,,,
US1MIWS0007,"ANN ARBOR 3.1 SE, MI US",2021-02-21,,,0.0,0.0,9.5,,,,
US1MIWS0007,"ANN ARBOR 3.1 SE, MI US",2021-02-22,,,0.21,0.6,9.5,,,,
US1MIWS0007,"ANN ARBOR 3.1 SE, MI US",2021-02-23,,,0.0,0.0,9.0,,,,
US1MIWS0007,"ANN ARBOR 3.1 SE, MI US",2021-02-24,,,0.0,0.0,5.0,,,,
US1MIWS0007,"ANN ARBOR 3.1 SE, MI US",2021-02-25,,,0.0,0.0,2.5,,,,
US1MIWS0007,"ANN ARBOR 3.1 SE, MI US",2021-02-26,,,0.0,0.0,2.0,,,,
US1MIWS0007,"ANN ARBOR 3.1 SE, MI US",2021-02-27,,,0.06,0.0,1.5,,,,
US1MIWS0007,"ANN ARBOR 3.1 SE, MI US",2021-02-28,,,0.0,0.0,1.5,,,,
US1MIWS0007,"ANN ARBOR 3.1 SE, MI US",2021-03-01,,,0.01,0.0,0.5,,,,
US1MIWS0007,"ANN ARBOR 3.1 SE, MI US",2021-03-02,,,0.0,0.0,0.0,,,,
US1MIWS0007,"ANN ARBOR 3.1 SE, MI US",2021-03-03,,,0.0,0.0,0.0,,,,
US1MIWS0007,"ANN ARBOR 3.1 SE, MI US",2021-03-04,,,0.0,0.0,0.0,,,,
US1MIWS0007,"ANN ARBOR 3.1 SE, MI US",2021-03-05,,,0.0,0.0,0.0,,,,
US1MIWS0007,"ANN ARBOR 3.1 SE, MI US",2021-03-06,,,0.0,0.0,0.0,,,,
US1MIWS0007,"ANN ARBOR 3.1 SE, MI US",2021-03-07,,,0.0,0.0,0.0,,,,
US1MIWS0007,"ANN ARBOR 3.1 SE, MI US",2021-03-08,,,0.0,0.0,0.0,,,,
US1MIWS0007,"ANN ARBOR 3.1 SE, MI US",2021-03-09,,,0.0,0.0,0.0,,,,
US1MIWS0007,"ANN ARBOR 3.1 SE, MI US",2021-03-10,,,0.0,0.0,0.0,,,,
US1MIWS0007,"ANN ARBOR 3.1 SE, MI US",2021-03-11,,,0.0,0.0,0.0,,,,
US1MIWS0007,"ANN ARBOR 3.1 SE, MI US",2021-03-12,,,0.0,0.0,0.0,,,,
US1MIWS0007,"ANN ARBOR 3.1 SE, MI US",2021-03-13,,,0.0,0.0,0.0,,,,
US1MIWS0007,"ANN ARBOR 3.1 SE, MI US",2021-03-14,,,0.0,0.0,0.0,,,,
US1MIWS0007,"ANN ARBOR 3.1 SE, MI US",2021-03-15,,,0.0,0.0,0.0,,,,
US1MIWS0007,"ANN ARBOR 3.1 SE, MI US",2021-03-16,,,0.0,0.0,0.0,,,,
US1MIWS0007,"ANN ARBOR 3.1 SE, MI US",2021-03-17,,,0.0,0.0,0.0,,,,
US1MIWS0007,"ANN ARBOR 3.1 SE, MI US",2021-03-18,,,0.0,0.0,0.0,,,,
US1MIWS0007,"ANN ARBOR 3.1 SE, MI US",2021-03-19,,,0.01,0.0,0.0,,,,
US1MIWS0007,"ANN ARBOR 3.1 SE, MI US",2021-03-20,,,0.0,0.0,0.0,,,,
US1MIWS0007,"ANN ARBOR 3.1 SE, MI US",2021-03-21,,,0.0,0.0,0.0,,,,
US1MIWS0007,"ANN ARBOR 3.1 SE, MI US",2021-03-22,,,0.0,0.0,0.0,,,,
US1MIWS0007,"ANN ARBOR 3.1 SE, MI US",2021-03-23,,,0.0,0.0,0.0,,,,
US1MIWS0007,"ANN ARBOR 3.1 SE, MI US",2021-03-24,,,0.0,0.0,0.0,,,,
US1MIWS0007,"ANN ARBOR 3.1 SE, MI US",2021-03-25,,,0.0,0.0,0.0,,,,
US1MIWS0007,"ANN ARBOR 3.1 SE, MI US",2021-03-26,,,1.44,0.0,0.0,,,,
US1MIWS0007,"ANN ARBOR 3.1 SE, MI US",2021-03-27,,,0.01,0.0,0.0,,,,
US1MIWS0007,"ANN ARBOR 3.1 SE, MI US",2021-03-28,,,0.51,0.0,0.0,,,,
US1MIWS0007,"ANN ARBOR 3.1 SE, MI US",2021-03-29,,,0.06,0.0,0.0,,,,
US1MIWS0007,"ANN ARBOR 3.1 SE, MI US",2021-03-30,,,0.0,0.0,0.0,,,,
US1MIWS0007,"ANN ARBOR 3.1 SE, MI US",2021-03-31,,,0.07,0.0,0.0,,,,
US1MIWS0007,"ANN ARBOR 3.1 SE, MI US",2021-04-01,,,0.0,0.0,0.0,,,,
US1MIWS0007,"ANN ARBOR 3.1 SE, MI US",2021-04-02,,,0.0,0.0,0.0,,,,
US1MIWS0007,"ANN ARBOR 3.1 SE, MI US",2021-04-03,,,0.0,0.0,0.0,,,,
US1MIWS0007,"ANN ARBOR 3.1 SE, MI US",2021-04-04,,,0.0,0.0,0.0,,,,
US1MIWS0007,"ANN ARBOR 3.1 SE, MI US",2021-04-05,,,0.0,0.0,0.0,,,,
US1MIWS0007,"ANN ARBOR 3.1 SE, MI US",2021-04-06,,,0.23,0.0,0.0,,,,
US1MIWS0007,"ANN ARBOR 3.1 SE, MI US",2021-04-07,,,0.0,0.0,0.0,,,,
US1MIWS0007,"ANN ARBOR 3.1 SE, MI US",2021-04-08,,,0.0,0.0,0.0,,,,
US1MIWS0007,"ANN ARBOR 3.1 SE, MI US",2021-04-09,,,0.23,0.0,0.0,,,,
US1MIWS0007,"ANN ARBOR 3.1 SE, MI US",2021-04-10,,,0.0,0.0,0.0,,,,
US1MIWS0007,"ANN ARBOR 3.1 SE, MI US",2021-04-11,,,0.78,0.0,0.0,,,,
US1MIWS0007,"ANN ARBOR 3.1 SE, MI US",2021-04-12,,,0.39,0.0,0.0,,,,
US1MIWS0007,"ANN ARBOR 3.1 SE, MI US",2021-04-13,,,0.0,0.0,0.0,,,,
US1MIWS0007,"ANN ARBOR 3.1 SE, MI US",2021-04-14,,,0.0,0.0,0.0,,,,
US1MIWS0065,"ANN ARBOR 3.1 SE, MI US",2023-04-05,,,0.03,,,,,,
US1MIWS0065,"ANN ARBOR 3.1 SE, MI US",2023-04-06,,,0.07,,,,,,
US1MIWS0065,"ANN ARBOR 3.1 SE, MI US",2023-04-07,,,0.0,0.0,,,,,
US1MIWS0065,"ANN ARBOR 3.1 SE, MI US",2023-04-08,,,0.0,0.0,,,,,
US1MIWS0065,"ANN ARBOR 3.1 SE, MI US",2023-04-09,,,0.0,0.0,,,,,
US1MIWS0065,"ANN ARBOR 3.1 SE, MI US",2023-04-10,,,0.0,0.0,,,,,
US1MIWS0065,"ANN ARBOR 3.1 SE, MI US",2023-04-14,2.0,0.0,,,,,,,
US1MIWS0065,"ANN ARBOR 3.1 SE, MI US",2023-04-16,2.0,0.0,,,,,,,
US1MIWS0065,"ANN ARBOR 3.1 SE, MI US",2023-04-17,,,0.15,,,,,,
US1MIWS0065,"ANN ARBOR 3.1 SE, MI US",2023-04-18,,,0.05,,,,,,
US1MIWS0065,"ANN ARBOR 3.1 SE, MI US",2023-04-19,,,0.0,0.0,,,,,
US1MIWS0065,"ANN ARBOR 3.1 SE, MI US",2023-04-20,,,0.0,0.0,,,,,
US1MIWS0065,"ANN ARBOR 3.1 SE, MI US",2023-04-21,,,0.02,,,,,,
US1MIWS0065,"ANN ARBOR 3.1 SE, MI US",2023-04-22,,,0.2,,,,,,
US1MIWS0065,"ANN ARBOR 3.1 SE, MI US",2023-04-23,,,0.06,,,,,,
US1MIWS0065,"ANN ARBOR 3.1 SE, MI US",2023-04-26,3.0,0.09,,,,,,,
US1MIWS0065,"ANN ARBOR 3.1 SE, MI US",2023-04-27,,,0.0,0.0,,,,,
US1MIWS0065,"ANN ARBOR 3.1 SE, MI US",2023-04-28,,,0.04,,,,,,
US1MIWS0065,"ANN ARBOR 3.1 SE, MI US",2023-04-29,,,0.46,,,,,,
US1MIWS0065,"ANN ARBOR 3.1 SE, MI US",2023-04-30,,,0.55,,,,,,
US1MIWS0065,"ANN ARBOR 3.1 SE, MI US",2023-05-01,,,0.01,,,,,,
US1MIWS0065,"ANN ARBOR 3.1 SE, MI US",2023-05-02,,,0.15,,,,,,
US1MIWS0065,"ANN ARBOR 3.1 SE, MI US",2023-05-03,,,0.0,0.0,,,,,
US1MIWS0065,"ANN ARBOR 3.1 SE, MI US",2023-05-04,,,0.0,0.0,,,,,
US1MIWS0065,"ANN ARBOR 3.1 SE, MI US",2023-05-08,,,0.21,,,,,,
US1MIWS0065,"ANN ARBOR 3.1 SE, MI US",2023-05-09,,,0.03,,,,,,
US1MIWS0065,"ANN ARBOR 3.1 SE, MI US",2023-05-10,,,0.0,0.0,,,,,
US1MIWS0065,"ANN ARBOR 3.1 SE, MI US",2023-05-11,,,0.0,0.0,,,,,
US1MIWS0065,"ANN ARBOR 3.1 SE, MI US",2023-05-12,,,0.0,0.0,,,,,
US1MIWS0065,"ANN ARBOR 3.1 SE, MI US",2023-05-13,,,0.0,0.0,,,,,
US1MIWS0065,"ANN ARBOR 3.1 SE, MI US",2023-05-14,,,0.0,0.0,,,,,
US1MIWS0065,"ANN ARBOR 3.1 SE, MI US",2023-05-15,,,0.0,0.0,,,,,
US1MIWS0065,"ANN ARBOR 3.1 SE, MI US",2023-05-16,,,0.0,0.0,,,,,
US1MIWS0065,"ANN ARBOR 3.1 SE, MI US",2023-05-17,,,0.0,0.0,,,,,
US1MIWS0065,"ANN ARBOR 3.1 SE, MI US",2023-05-18,,,0.0,0.0,,,,,
US1MIWS0065,"ANN ARBOR 3.1 SE, MI US",2023-05-19,,,0.0,0.0,,,,,
US1MIWS0065,"ANN ARBOR 3.1 SE, MI US",2023-05-20,,,0.55,,,,,,
US1MIWS0065,"ANN ARBOR 3.1 SE, MI US",2023-05-21,,,0.0,,,,,,
US1MIWS0065,"ANN ARBOR 3.1 SE, MI US",2023-05-22,,,0.0,0.0,,,,,
US1MIWS0065,"ANN ARBOR 3.1 SE, MI US",2023-05-23,,,0.0,0.0,,,,,
US1MIWS0065,"ANN ARBOR 3.1 SE, MI US",2023-05-24,,,0.0,0.0,,,,,
US1MIWS0065,"ANN ARBOR 3.1 SE, MI US",2023-05-25,,,0.0,0.0,,,,,
US1MIWS0065,"ANN ARBOR 3.1 SE, MI US",2023-05-26,,,0.0,0.0,,,,,
US1MIWS0065,"ANN ARBOR 3.1 SE, MI US",2023-05-27,,,0.0,0.0,,,,,
US1MIWS0065,"ANN ARBOR 3.1 SE, MI US",2023-05-28,,,0.0,0.0,,,,,
US1MIWS0065,"ANN ARBOR 3.1 SE, MI US",2023-05-29,,,0.0,0.0,,,,,
US1MIWS0065,"ANN ARBOR 3.1 SE, MI US",2023-05-30,,,0.0,0.0,,,,,
US1MIWS0065,"ANN ARBOR 3.1 SE, MI US",2023-05-31,,,0.0,0.0,,,,,
US1MIWS0065,"ANN ARBOR 3.1 SE, MI US",2023-06-01,,,0.0,0.0,,,,,
US1MIWS0065,"ANN ARBOR 3.1 SE, MI US",2023-06-02,,,0.0,0.0,,,,,
US1MIWS0065,"ANN ARBOR 3.1 SE, MI US",2023-06-03,,,0.0,0.0,,,,,
US1MIWS0065,"ANN ARBOR 3.1 SE, MI US",2023-06-04,,,0.0,0.0,,,,,
US1MIWS0065,"ANN ARBOR 3.1 SE, MI US",2023-06-05,,,0.0,0.0,,,,,
US1MIWS0065,"ANN ARBOR 3.1 SE, MI US",2023-06-06,,,0.0,0.0,,,,,
US1MIWS0065,"ANN ARBOR 3.1 SE, MI US",2023-06-07,,,0.0,0.0,,,,,
US1MIWS0065,"ANN ARBOR 3.1 SE, MI US",2023-06-08,,,0.0,0.0,,,,,
US1MIWS0065,"ANN ARBOR 3.1 SE, MI US",2023-06-09,,,0.0,0.0,,,,,
US1MIWS0065,"ANN ARBOR 3.1 SE, MI US",2023-06-10,,,0.0,0.0,,,,,
US1MIWS0065,"ANN ARBOR 3.1 SE, MI US",2023-06-11,,,0.0,0.0,,,,,
US1MIWS0065,"ANN ARBOR 3.1 SE, MI US",2023-06-12,,,0.45,,,,,,
US1MIWS0065,"ANN ARBOR 3.1 SE, MI US",2023-06-13,,,0.09,,,,,,
US1MIWS0065,"ANN ARBOR 3.1 SE, MI US",2023-06-14,,,0.14,,,,,,
US1MIWS0065,"ANN ARBOR 3.1 SE, MI US",2023-06-15,,,0.0,0.0,,,,,
US1MIWS0065,"ANN ARBOR 3.1 SE, MI US",2023-06-16,,,0.57,,,,,,
US1MIWS0065,"ANN ARBOR 3.1 SE, MI US",2023-06-22,6.0,0.0,,,,,,,
US1MIWS0065,"ANN ARBOR 3.1 SE, MI US",2023-06-24,2.0,0.21,,,,,,,
US1MIWS0065,"ANN ARBOR 3.1 SE, MI US",2023-06-26,,,1.03,,,,,,
US1MIWS0065,"ANN ARBOR 3.1 SE, MI US",2023-06-27,,,0.73,,,,,,
US1MIWS0065,"ANN ARBOR 3.1 SE, MI US",2023-06-28,,,0.0,0.0,,,,,
US1MIWS0065,"ANN ARBOR 3.1 SE, MI US",2023-06-29,,,0.0,0.0,,,,,
US1MIWS0065,"ANN ARBOR 3.1 SE, MI US",2023-06-30,,,0.0,0.0,,,,,
US1MIWS0065,"ANN ARBOR 3.1 SE, MI US",2023-07-01,,,0.0,0.0,,,,,
US1MIWS0065,"ANN ARBOR 3.1 SE, MI US",2023-07-02,,,1.15,,,,,,
US1MIWS0065,"ANN ARBOR 3.1 SE, MI US",2023-07-03,,,0.0,0.0,,,,,
US1MIWS0065,"ANN ARBOR 3.1 SE, MI US",2023-07-04,,,0.0,0.0,,,,,
US1MIWS0065,"ANN ARBOR 3.1 SE, MI US",2023-07-05,,,0.0,0.0,,,,,
US1MIWS0065,"ANN ARBOR 3.1 SE, MI US",2023-07-06,,,0.0,0.0,,,,,
US1MIWS0065,"ANN ARBOR 3.1 SE, MI US",2023-07-07,,,0.0,0.0,,,,,
US1MIWS0065,"ANN ARBOR 3.1 SE, MI US",2023-07-09,2.0,0.24,,,,,,,
US1MIWS0065,"ANN ARBOR 3.1 SE, MI US",2023-07-10,,,0.0,0.0,,,,,
US1MIWS0065,"ANN ARBOR 3.1 SE, MI US",2023-07-11,,,0.0,0.0,,,,,
US1MIWS0065,"ANN ARBOR 3.1 SE, MI US",2023-07-12,,,0.06,,,,,,
US1MIWS0065,"ANN ARBOR 3.1 SE, MI US",2023-07-13,,,0.49,,,,,,
US1MIWS0065,"ANN ARBOR 3.1 SE, MI US",2023-07-14,,,0.0,0.0,,,,,
US1MIWS0065,"ANN ARBOR 3.1 SE, MI US",2023-07-15,,,0.51,,,,,,
US1MIWS0065,"ANN ARBOR 3.1 SE, MI US",2023-07-16,,,0.35,,,,,,
US1MIWS0065,"ANN ARBOR 3.1 SE, MI US",2023-07-17,,,0.0,0.0,,,,,
US1MIWS0065,"ANN ARBOR 3.1 SE, MI US",2023-07-18,,,0.0,0.0,,,,,
US1MIWS0065,"ANN ARBOR 3.1 SE, MI US",2023-07-19,,,0.0,0.0,,,,,
US1MIWS0065,"ANN ARBOR 3.1 SE, MI US",2023-07-20,,,0.0,0.0,,,,,
US1MIWS0065,"ANN ARBOR 3.1 SE, MI US",2023-07-21,,,0.8,,,,,,
US1MIWS0065,"ANN ARBOR 3.1 SE, MI US",2023-07-22,,,0.0,0.0,,,,,
US1MIWS0065,"ANN ARBOR 3.1 SE, MI US",2023-07-23,,,0.0,0.0,,,,,
US1MIWS0065,"ANN ARBOR 3.1 SE, MI US",2023-07-27,,,1.52,,,,,,
US1MIWS0065,"ANN ARBOR 3.1 SE, MI US",2023-07-29,,,0.29,,,,,,
US1MIWS0065,"ANN ARBOR 3.1 SE, MI US",2023-08-02,,,0.0,0.0,,,,,
US1MIWS0065,"ANN ARBOR 3.1 SE, MI US",2023-08-03,,,0.0,0.0,,,,,
US1MIWS0065,"ANN ARBOR 3.1 SE, MI US",2023-08-04,,,0.0,0.0,,,,,
US1MIWS0065,"ANN ARBOR 3.1 SE, MI US",2023-08-05,,,0.0,0.0,,,,,
US1MIWS0065,"ANN ARBOR 3.1 SE, MI US",2023-08-06,,,0.4,,,,,,
US1MIWS0065,"ANN ARBOR 3.1 SE, MI US",2023-08-07,,,0.46,,,,,,
US1MIWS0065,"ANN ARBOR 3.1 SE, MI US",2023-08-08,,,0.0,0.0,,,,,
US1MIWS0065,"ANN ARBOR 3.1 SE, MI US",2023-08-09,,,0.0,0.0,,,,,
US1MIWS0065,"ANN ARBOR 3.1 SE, MI US",2023-08-10,,,0.0,0.0,,,,,
US1MIWS0065,"ANN ARBOR 3.1 SE, MI US",2023-08-11,,,0.0,0.0,,,,,
US1MIWS0065,"ANN ARBOR 3.1 SE, MI US",2023-08-12,,,0.71,,,,,,
US1MIWS0065,"ANN ARBOR 3.1 SE, MI US",2023-08-13,,,0.0,0.0,,,,,
US1MIWS0065,"ANN ARBOR 3.1 SE, MI US",2023-08-14,,,0.0,0.0,,,,,
US1MIWS0065,"ANN ARBOR 3.1 SE, MI US",2023-08-15,,,0.86,,,,,,
US1MIWS0065,"ANN ARBOR 3.1 SE, MI US",2023-08-16,,,0.47,,,,,,
US1MIWS0065,"ANN ARBOR 3.1 SE, MI US",2023-08-17,,,0.0,0.0,,,,,
US1MIWS0065,"ANN ARBOR 3.1 SE, MI US",2023-08-18,,,0.0,0.0,,,,,
US1MIWS0065,"ANN ARBOR 3.1 SE, MI US",2023-08-19,,,0.0,0.0,,,,,
US1MIWS0065,"ANN ARBOR 3.1 SE, MI US",2023-08-20,,,0.0,0.0,,,,,
US1MIWS0065,"ANN ARBOR 3.1 SE, MI US",2023-08-21,,,0.0,0.0,,,,,
US1MIWS0065,"ANN ARBOR 3.1 SE, MI US",2023-08-22,,,0.0,0.0,,,,,
US1MIWS0065,"ANN ARBOR 3.1 SE, MI US",2023-08-23,,,0.0,0.0,,,,,
US1MIWS0065,"ANN ARBOR 3.1 SE, MI US",2023-08-24,,,2.0,,,,,,
US1MIWS0065,"ANN ARBOR 3.1 SE, MI US",2023-08-25,,,0.59,,,,,,
US1MIWS0065,"ANN ARBOR 3.1 SE, MI US",2023-08-26,,,0.0,0.0,,,,,
US1MIWS0065,"ANN ARBOR 3.1 SE, MI US",2023-08-27,,,0.0,0.0,,,,,
US1MIWS0065,"ANN ARBOR 3.1 SE, MI US",2023-08-28,,,0.0,0.0,,,,,
US1MIWS0065,"ANN ARBOR 3.1 SE, MI US",2023-09-27,,,0.06,,,,,,
US1MIWS0065,"ANN ARBOR 3.1 SE, MI US",2023-10-06,,,0.95,,,,,,
